pH_sol,azote_ppm,phosphore_ppm,argile_pct,pluie_cumulee_mm,temp_moy_C,stress_hydrique,culture_recommandee,indice_fertilite
5.4075296828888,20.672620690621567,9.41529557948818,10.750981062791743,430.49916202930547,29.022209612552896,0.24081607300108873,Manioc,0.2616297223401671
4.907776205821781,25.250504832517123,7.740826274157825,25.519522215168696,810.013422277842,29.68864528869376,0.4558963798115198,Manioc,0.22741841033828644
6.742419847677724,56.884470042361215,37.457903447668464,22.346440703326376,985.0312457819882,26.95253520417913,0.19095730459402482,Soja,0.6743478837060548
6.665075530992792,47.733164136358816,30.46325182305572,31.983750038909903,1180.6062325553426,28.426496481898106,0.020208746721426807,Soja,0.5940883008554398
6.7677828200903,50.5623000940066,15.1738859774511,30.941340800264943,1060.0321720258798,27.688829795864986,0.31169209323567637,Maïs,0.48618024137318877
7.056011835494153,49.862172962945024,21.398912676880947,38.12229124506608,1164.3779200400597,25.32545677581258,0.16801558814401002,Soja,0.5054772826595534
6.115778472112908,27.732101604972385,13.364632845681069,21.169718371020473,1037.157347423132,29.783732444615147,0.3533066803382291,Manioc,0.37449863944850514
5.7402878828830985,46.486674572021116,19.495799118369494,33.552229817530744,881.0353076254286,26.29670088794723,0.3290162485866898,Maïs,0.46219813205934807
6.998782811342977,54.02814508717399,26.801041730104785,30.278494544373945,1142.1077684229865,26.665522879361895,0.2451600949371421,Soja,0.5654753799623079
5.512790346611668,22.465503077355613,12.599188584034778,17.4105379676705,668.2653422255485,27.302586910894348,0.31522642698407327,Manioc,0.300123727258967
6.708720197421261,28.415904433038254,18.869385867214113,33.9559643948791,948.4463133414976,27.736838624073506,0.5702459575355538,Manioc,0.4310874469563951
5.6245032112888484,45.438114719791095,25.432344650284865,22.159738681558927,962.6757718539294,29.107273903371556,0.2931123043455847,Maïs,0.4918387384959517
6.167124869463506,52.18185725707934,27.00850795794929,24.143127375232254,942.1242397192021,25.888008440850705,0.33374540191008784,Maïs,0.5730322839321628
6.193251387631033,44.117179516487454,21.858687094754572,26.3482100895232,1038.1783832206602,28.253749544193937,0.32941371412471415,Soja,0.5062872759698426
6.210501920816379,43.78252491616716,9.399840954090255,27.357086649655315,1027.9038118456833,28.574510120810615,0.3562248193855283,Maïs,0.4161098171751648
6.4819829049219795,47.61529209094147,37.20830715016322,29.598662285602593,1238.1747971256236,25.137891426359957,0.21576191446613754,Soja,0.6542517885603671
6.225166524527043,66.15027473857253,27.597417519067267,27.60527674417208,890.496365910543,26.9534151506137,0.26606218250814534,Soja,0.6365547570358989
5.0754804379915095,40.72626222005789,8.302410382174815,35.17510998297665,1100.2036279408126,28.48142381687193,0.42754785781270244,Manioc,0.3054092930825555
6.920636644533058,56.966314866456514,17.81936908942255,18.26844652392576,773.1614763052512,26.956478663680848,0.41377715405664595,Maïs,0.5181534052105763
5.561673300301192,33.812178774433406,14.979287075279228,24.95479436347759,768.7133269155132,27.27224402249894,0.5902076618742739,Soja,0.36563808328028724
6.794196636724042,40.498107351485885,25.324346626695444,35.37724086607118,875.2049156317323,25.059032408079027,0.4601075033007228,Maïs,0.5182461755508931
5.963308190674499,29.640522011840826,10.901424885663051,25.50211078849415,1186.6830563523754,28.406228678748043,0.39815195150914967,Manioc,0.351919565046659
6.786364509629682,40.792382063189464,19.742195650450025,21.412841095335345,872.2896470787415,27.458923519394386,0.32749137979756554,Maïs,0.47958744336320785
6.051913969839529,25.23285189986372,7.945988574545204,35.911077110038825,1150.5191276427709,28.933474148331907,0.5304731590681994,Manioc,0.32036656225266674
5.55272695995182,27.124199643685678,16.42283395237263,10.606861020151083,830.4925534841725,27.279803333703168,0.37086039861314235,Manioc,0.3492306868432884
6.17222615055169,34.32467085745727,21.045728737599692,23.177801201972162,1075.674580284422,28.291759024873382,0.08059129429896444,Maïs,0.46042997409253733
5.825756731721723,76.93107567844861,26.8849105727096,23.946131232549774,1025.643178007641,26.479739785478074,0.17039968699414415,Maïs,0.6415911180742992
6.823042596248815,33.94295331514064,14.384017020719805,27.07504387768917,1177.3167212528372,27.861315135800613,0.48321751962927184,Maïs,0.41106010663957493
7.3954176669634855,60.52506721581267,32.447413791687396,40.11664505452549,1034.0058520257023,27.2705720641238,0.21080520928057328,Soja,0.6000470721493609
6.641647318773403,56.18664659026221,24.22903697935657,38.42529375302881,921.226514158873,26.049314007243773,0.39120694308092796,Soja,0.5838544259863467
5.980134470862913,37.37275221433786,14.931754795741716,27.572470300533368,1214.976770049145,25.349404962784657,0.35172275496130717,Maïs,0.4126916647140437
6.0403702870185425,26.904801828814573,16.983139696107287,35.086308131884216,854.3477033213667,30.349172339393427,0.5001449945626513,Manioc,0.3914430882527008
7.56008458329481,63.260097135469366,32.5517229051708,27.397512150463747,616.9368486597311,28.815071279579175,0.347645600385888,Maïs,0.5983226314295154
6.699689960327004,64.77207777481448,17.00497915044658,38.35323107945337,1049.8284946368444,29.144722349110022,0.06510621226287447,Soja,0.5604485710837873
7.4609821440660875,40.845790520313855,13.431217297455468,29.143409183342925,1188.7530027237256,27.744114899907743,0.17123227035757,Soja,0.38011153840788836
6.503848407859186,50.33477499484502,29.18647915724029,28.992625955339275,1005.423499632427,27.09479905326752,0.24397014844656256,Soja,0.6079095003059465
6.098298880391571,29.66466328607878,13.13967837334337,10.979272390329895,820.7274165992856,27.795478904518095,0.4040110387982426,Manioc,0.3790266120678544
6.48629139067808,49.87872284871074,19.57361546089623,37.17134335656628,852.5952770579179,28.09814564663722,0.30955794991367097,Maïs,0.5357042041421404
6.644815397811719,24.961376355932465,18.85331118242409,14.35306797571943,901.0981256274727,25.278281413067425,0.211172129694155,Maïs,0.42257700089842787
6.388605937532261,56.143216946688725,18.464370089264165,33.34702246143396,915.412040221458,25.80339914674612,0.1864211044813886,Maïs,0.5443469356364217
6.953487732235299,51.7535591540648,32.53529025473286,19.69916574466788,918.2805058584946,26.845396564951404,0.3052377193009344,Soja,0.6017435000868792
6.5354600059765735,52.567359646759954,28.2697024425191,24.41487442404977,949.5310171239673,24.61782027244853,0.2751978810906044,Soja,0.6074685265261397
5.8180353675496725,58.607043095669574,25.788432997776134,35.59557695240479,1069.6287176639744,31.191360467651183,0.2628771318353111,Soja,0.5613881336383073
6.595515973521524,45.56649924897107,23.05126851345107,34.969070598014206,1199.559924821521,27.328291442301705,0.37623950342594475,Manioc,0.5374911765555409
5.192999222398703,16.50623893901993,19.254913392533826,31.358755898984427,373.24063280484114,30.32928683892802,0.4216528133231064,Manioc,0.2994536969454492
5.851430440852075,18.859767583145093,18.77592486901972,23.852061047930444,661.0597324665282,29.310884151283958,0.33605223587499333,Manioc,0.35786025018092277
7.138085419607943,41.329721609166775,14.223300014500634,24.16259791283259,982.0713190911595,25.36665552574069,0.39815778533446333,Maïs,0.4135730017528224
5.532891737548212,29.965048753979445,10.74191379906646,33.08005732585135,757.2097927975198,26.445282862542143,0.3048515357567218,Manioc,0.3175996092289659
6.1971005990951635,28.202503494208955,17.56804647207611,6.973967618278605,667.292898249447,29.400351776131327,0.5298174201279573,Maïs,0.413292153352442
6.831273961398875,33.08918687064873,40.87516367314879,29.527666071436542,1211.6426346652868,27.661614951807707,0.40708864739950257,Soja,0.5989594841858846
5.94426026594114,10.079738659408001,4.9308762185946104,13.402128163981098,948.4403524444574,29.928923895305108,0.34626578959593396,Manioc,0.2306683770177322
5.638638989218851,39.759116020654076,11.98840444673083,31.86320180275508,525.045456478589,30.306611723462172,0.12697075726658288,Maïs,0.37338117652719577
6.088268607337075,52.42095372009307,28.578815402865303,31.250589044826018,1034.7263537900185,27.4083537379912,0.270123161366319,Maïs,0.5790335478118696
6.46945502184233,64.38928999058285,45.557426238617964,20.776313305338956,924.6315971535776,28.072138426301514,0.4746720575108757,Soja,0.7793110687362205
5.055604064376641,38.09982999964032,8.74386042311162,12.017937738725163,1107.7573852996231,29.727280349588337,0.3971281581620028,Manioc,0.29674821859623796
6.492652726306581,70.49596874877952,31.983265147749666,25.505353737317385,1152.8855719553667,25.465844436934635,0.16694094796627235,Maïs,0.7067143844560096
5.920539076364206,33.19187184691155,21.985576954486877,18.284920146809387,618.7578835657622,27.531639121775882,0.40548169854684085,Maïs,0.44267408088892024
6.217631775985865,43.81931473008921,24.903259907128238,29.95487486751568,833.1470867720021,25.59580210098078,0.3170453374596654,Maïs,0.5291273272103393
5.67114453552205,70.79709337654319,20.953874452582983,33.209299972205244,1042.9608177054304,26.163876704671605,0.38721528556821644,Maïs,0.5622766282616871
4.512023916789705,27.8392406060104,3.0573426876115697,43.75607606196532,837.9143801387105,28.884929212362547,0.3945424972861061,Manioc,0.17195347010295917
5.888650240089703,57.62584103427182,25.674812764081615,33.94728391961349,842.9622995139237,27.027377108136616,0.397028520826814,Maïs,0.5623780157637159
5.9496324648063315,63.09406039785786,36.16149897736924,34.998756052873986,1123.9565064930212,25.801914225659985,0.2023776119295038,Soja,0.6645992373466706
4.710561927802538,10.799566072655612,14.085492162880366,23.774959583013406,733.9359646463072,27.16534552525347,0.26693786837833733,Manioc,0.2011008452749084
6.077128467957028,46.598563919974005,26.28765874381971,28.176476072780574,1063.3498758116473,26.032538075266253,0.49115569152328575,Maïs,0.5387815442790679
6.036168926701116,53.38490774451642,30.661792020812886,35.401578137647576,931.3967918915005,26.193210454988552,0.1826094074327427,Maïs,0.593723020277976
5.484612448940976,49.663583744463345,22.786391117295093,28.099044854760308,706.4926205088135,28.739604975995785,0.28636894059576423,Maïs,0.4780013704425371
5.206341658396615,30.287149183642917,9.80729571482122,27.394858944208046,528.9050761276277,30.126929422420563,0.527591314104196,Manioc,0.28596477615310145
5.823017705566662,56.17398815902461,14.379633467727807,11.757790812387036,1017.0472575514777,29.56191690136483,0.2778853197800746,Maïs,0.46963127130282867
6.845939075289444,50.394964229043886,30.090747590302314,32.790906395580315,979.6045393490137,27.615238039734276,0.2662443905204075,Soja,0.5873278898707792
7.441986015034669,54.36865751972349,25.93316090147748,24.8156138821982,1121.0219979881651,26.88142945856117,0.25543039033263326,Soja,0.5250637131834889
5.968862355647479,41.9203847036096,29.67319487988036,30.440165839026864,1095.5474302682421,30.009302302847793,0.38576780730212396,Maïs,0.5363537426047742
5.394617093930511,30.869275056654303,11.723362383996028,21.550389710136734,529.0497482909407,27.859612347308982,0.5936114767848285,Manioc,0.3171823418985362
6.634802960052831,37.91593233089537,19.518366799470133,21.10122279495349,1030.1547347954574,28.86893048381066,0.2044835551379402,Maïs,0.47884476257319875
6.163381681222875,19.4958214958344,20.34723694062095,21.467633811777862,832.1687223804715,29.38089109252197,0.4712567685476263,Manioc,0.39668540139435415
6.525343289064162,68.97652942287893,22.478760635507985,44.2318515502896,1192.9956757376558,26.2331138330151,0.2757814705254989,Soja,0.6304855601132724
5.983125990360559,31.766631032413493,18.434137477264194,19.657150018717296,765.4397713529444,28.89389431087355,0.5149569567905921,Manioc,0.416382849843588
6.177206991822251,43.96745239850953,26.07358774035567,30.873850597293316,947.3157534487475,26.948323210143418,0.3316506701787091,Maïs,0.534950119527578
6.354368486169339,46.982209701799164,24.80078100232045,39.41790907823843,886.7711995860254,26.156755453474705,0.29549055288446824,Manioc,0.5516901019547982
6.248060388470492,37.075800790000386,23.333739134805125,21.845020523116084,917.9187248668042,23.974316221063457,0.27931500510556057,Maïs,0.49382681422086083
4.672966155556138,32.509810083778945,18.245738605352102,16.521435097071087,594.2976749006478,28.17928802771644,0.0324425664302852,Manioc,0.3131109984873453
6.380697802754207,55.91310120594269,28.43786828659607,35.2062023711885,1411.5290555270756,28.364677017683633,0.09387934219639243,Maïs,0.6150603658397275
6.155439980243606,49.52371796249734,14.99332269239239,30.097533814861436,1048.1646540658433,28.85259304571041,0.30092734718108216,Maïs,0.47466949478737297
5.508829325916808,18.023526182828952,10.838052775152786,27.528532411615444,671.5317565041917,29.55088932561517,0.28973437712312566,Manioc,0.26968249345297224
6.1466355173249525,60.09458319663603,28.05305963197128,28.026868713940036,1020.389719040971,27.14415125734542,0.3009667275463598,Soja,0.6098965222830746
6.78041339368926,48.19651825918977,22.791567800631743,39.65746342336472,845.3421644152633,27.19134950948424,0.17187329075537455,Maïs,0.5311009223204518
6.72129796857673,36.74269489521418,47.26149132022955,39.56257639533955,995.6948645092092,28.76506753593967,0.2711970935649983,Soja,0.6683030388184523
6.010826937596577,64.09893731385758,32.4013397148583,41.553187484229085,1170.4168548778953,27.57053265821423,0.30346365326374686,Maïs,0.6461858779875332
6.092086156473836,19.14028258442309,13.120358772643218,18.77816044015875,631.6850894430415,27.937321211449966,0.5115760187229572,Manioc,0.33724180523003033
4.754623551924776,26.383326645470362,13.342503058502428,15.933878831333438,828.5629982513713,26.258928232181525,0.29555171164613714,Soja,0.26017255119588256
5.592801593223365,26.8004915629376,19.708095067757455,29.76572156396353,777.1119146977885,26.839527243170906,0.4883676378489548,Manioc,0.37496872846859364
7.1383979062790335,29.158640569945103,13.987110585400652,23.61579306671895,950.9409734276627,24.947501212568877,0.23336566768787564,Maïs,0.3642510483297935
5.953499532670584,70.58199285668252,20.535517157954793,32.077999231661636,844.1339775356952,29.700173835348465,0.20709554179765194,Maïs,0.5809935496132946
6.800606961081972,42.53937511870051,29.33849840257195,24.97058281488128,921.4638733380176,27.467214878836813,0.4761420533996772,Maïs,0.5547918374974996
7.116280860180276,60.53150370228762,31.453391786111357,32.09212071053586,975.855433167679,24.893708832548263,0.29522871657834765,Soja,0.6152027098546877
7.245873925366316,36.50760317079445,15.527336758611138,32.52072455764425,1059.7803715774467,25.907404904547974,0.32003291706062026,Soja,0.39554272652151046
6.506386952531285,51.06723059136183,23.93784702170601,37.84854322124225,923.5799744673533,24.597553824139293,0.1290998879774881,Maïs,0.5725502336290167
6.28969241840622,42.22305793740672,18.21358576315742,16.543031654964643,1061.2475829926686,26.348021330226544,0.3573305589778458,Manioc,0.48019269583349844
6.12216138230396,51.77875319530908,26.664444116587067,35.89446175443729,1006.3183786440879,29.235250671555484,0.33803424083809386,Maïs,0.5653668421837802
5.694580735064566,27.31384884411462,11.55361688423806,17.90443994860517,410.7177781073847,28.894156724717597,0.751635455312015,Manioc,0.3260489584483956
5.127171426060195,35.60745967337886,9.070925444925274,24.30380775861191,814.2565271641358,29.90105018116518,0.49380535825963623,Manioc,0.29509821389898594
4.682150626997545,20.26540710264519,19.33697246498988,20.195837358815286,911.2920745959275,27.64423308354128,0.40176184733614395,Manioc,0.2738776861775927
5.396281906000408,12.807691073220896,16.083598210614415,9.133944111020105,620.5291410746128,27.79650878573048,0.27970255781418407,Manioc,0.2782835689372102
5.758071281899434,31.528737104703033,18.35979823140822,26.849653558802263,1056.7115869198242,25.35375319756299,0.46663974241229783,Maïs,0.39690986732607525
6.101121860446533,42.07399808609767,24.768030278066945,28.653347824887422,1114.2021491928015,28.429419463762038,0.08311332498059176,Soja,0.5120031851964464
6.330336882911954,44.87911052153945,18.63635417891614,32.36384996795941,803.2117415017019,27.986987353253777,0.17697370971150803,Maïs,0.49689123046223926
6.754351790291454,59.524675344707454,20.271766756467542,28.00927982114085,924.7611298268688,27.354859845219664,0.2374837738522685,Maïs,0.5592233960545208
7.364550503336623,72.37429319381637,36.98137458031354,27.51730243380428,1233.3660032223652,24.950889234932703,0.25547264251100216,Soja,0.6816871121842895
6.974791285686814,71.11354378506047,18.660561377680967,31.522597706083175,753.821402023385,26.37741574818614,0.37305450052085504,Soja,0.5752267644594689
5.637678954081066,29.36809191303343,18.186652951573578,18.161058623005992,788.2230887953104,27.352535228818436,0.0,Maïs,0.37757664338115215
6.3484923366165935,42.75234598107316,34.53065663721955,17.68107507570526,1015.1753969136959,27.886401286097193,0.47033468169574066,Maïs,0.605163274262503
6.554178223649677,60.49020151495188,21.10618414139622,25.87654952766006,1161.8040317814875,26.81021110652729,0.37249289465268526,Maïs,0.5850565925803749
5.6138626076004385,25.430125372234986,19.1096074120795,28.49427813566657,1106.17487349497,27.25874241709984,0.23469467594296664,Manioc,0.3669604915187391
6.852739403577164,44.17319314157301,24.20589575794853,17.50688827679119,929.8729683984614,29.151995247334327,0.15873282990585474,Maïs,0.5198296646799538
6.588078115931942,47.63949245832176,28.50698110629837,32.15857343720295,1294.1835390606211,24.171185190525712,0.30805590584064957,Maïs,0.5857110745750699
5.54343855754106,22.592533248136768,17.261371888242895,15.609559817782653,649.4863193831015,27.09252189853658,0.4216413118721438,Manioc,0.3368440500105622
4.842281147763093,6.798668588853779,12.622576294052786,31.386119368525286,1011.7206272165353,28.346169139320818,0.4241952956826496,Manioc,0.18539878522282827
5.689285257007754,26.990862007497896,16.242725525594935,32.45749305901406,751.9055181820481,30.33603298661159,0.7352648563052316,Manioc,0.3583293669922763
4.5320749350751,38.83220249080114,11.614944116048282,25.67291511706627,605.302802672469,29.433447865277106,0.6260851397361312,Manioc,0.27852677659270536
6.049859977093511,36.13168615423152,1.0,12.206660574622223,1230.7422130580217,29.978557006145262,0.3085554941325354,Manioc,0.31249892987490924
7.148362103814642,44.72670816812284,30.0520599716694,31.758534351846887,905.809508756349,27.985617628557954,0.23655373444796554,Maïs,0.540692261145209
7.374458976709101,80.81396849710924,31.042599573689017,29.165527135349947,1297.0823194633513,24.484195557197385,0.2731030325742842,Soja,0.6708724195437823
7.053930318852245,63.05046633402318,23.705627327663866,33.35735768854765,1158.4388626135442,27.417286358931705,0.1972983012616693,Soja,0.5739162376808196
6.514814420961806,50.92526949201183,29.973599917212457,30.65747753870176,960.2108403872932,26.621310914826964,0.278445633431324,Maïs,0.6150426390943995
5.888115519652097,50.345056484805504,25.00144281661942,34.68688466045044,1200.7021363156214,23.948783519940083,0.22306020847237795,Maïs,0.5289913501365183
5.365385199880654,43.92921760890034,11.175753858459485,11.438732291945117,854.0315088712138,29.200837768524956,0.2853534954632084,Maïs,0.36193832717307595
6.04541393826568,47.13293707372939,17.938029169248814,33.928174727194396,983.0875306606041,27.31020113037941,0.3684584797036288,Soja,0.4778508148209363
6.336522428217504,41.59362801111466,45.809225573082514,32.50281415766804,1160.888414291108,26.406398783579654,0.17390570194330285,Soja,0.6813747863340107
6.441236207621593,38.94285076996662,29.341413294511767,19.79436372594352,927.9192081971604,30.429376073734268,0.2044813307989495,Maïs,0.5600988453181552
6.975545271501816,49.6583138484239,30.29112347290904,24.386764444365326,979.1323532700335,26.938201073249406,0.36690109258638154,Soja,0.5755307430792054
6.418161834837016,58.21304032273012,28.383645925365137,36.83063476774861,698.8295809320132,28.09920405890328,0.24243373238806365,Maïs,0.626656932378078
6.085015729799425,24.6697978074648,18.39690686505953,23.641405358950596,634.8291219608602,29.749614327371443,0.7223516182620474,Manioc,0.3965173975829526
5.9345656135398395,51.01206748929115,22.18018887498449,30.00062300756313,898.7267269630796,27.433590020233027,0.4365780397161142,Maïs,0.5148786836780921
6.25726357365579,54.08741310763549,33.50233245124438,34.899924071755336,910.7395816349713,26.89220829284766,0.16425236534570117,Soja,0.6347334584323534
6.77927722994491,44.2423667469976,40.97739783369241,41.63118809125715,853.9268652557002,25.019964820801057,0.17632690124831102,Soja,0.6474660822756545
5.609824545158776,31.59996897649246,18.762416885371092,5.0,722.6300918333864,28.160066039945168,0.7068461592550384,Soja,0.3882451072078349
6.3405957119846885,39.51712703509399,29.87190243144368,21.176353968540106,950.1133261181893,27.12991336382834,0.19010939506397273,Maïs,0.5581356342549056
6.161433030776287,61.07636165274475,32.54723953505038,38.709016489371244,1020.7935868706977,26.08565029438006,0.21656481736860494,Soja,0.6474736742162536
6.007458859791842,53.33528961608925,17.009066750617333,31.85558300591564,1332.3514563076583,29.030054760353135,0.21155647666167632,Maïs,0.4923349466766592
6.937678108474776,42.96326249823034,31.438118351289138,22.160027329757625,822.1663035504014,25.943012967516154,0.5300710978111347,Maïs,0.5606926201834457
4.907219396762693,31.523960577340844,15.537625002153995,23.948298353630136,803.7062319022423,30.16666677293336,0.3960461001448765,Manioc,0.308379852898134
6.973752600665031,48.904648499288896,16.572313750037402,33.90173732626268,951.1044022135351,30.400039621571537,0.11963437687710232,Maïs,0.47335152927988655
5.87408194609892,52.9994190194205,27.256280755178764,27.22431207804639,834.2388778104827,26.471487623614806,0.314124890215315,Maïs,0.5545801338490604
6.488300791828954,39.36397693822234,30.653556350521164,27.67026685262381,1267.4546061364256,27.746663580209685,0.06913194313914267,Soja,0.5750153852414003
6.721810010744912,47.171218474450264,29.482473443201627,30.018991624959014,1316.3401832659677,27.905298263510062,0.30091394756715406,Maïs,0.5802479295702295
7.119327143659867,54.56918442879871,43.10200237021087,31.760927463315287,1056.8363574731773,27.492253083693324,0.3870608381490105,Soja,0.6760276642341889
6.113686350029591,61.17212574968624,26.17241484730179,32.46127278116151,1058.1495429358454,28.696962881872857,0.21538673758008473,Maïs,0.5978505576029511
6.512270782479118,46.12587314447137,17.847705583140247,21.114151271662298,952.002673971528,25.107227840045407,0.22225825685703562,Soja,0.5086443713689337
5.755242785187239,43.27053940076577,22.22942796976017,35.01277397577356,1179.3121775811362,26.17400171488034,0.3250624251041198,Maïs,0.4706219885128432
5.584567841783023,46.70416222375488,22.329604665999092,18.563670216418828,739.9893915225487,28.93370411766872,0.44528094630506365,Maïs,0.47111830452971215
5.7564600904898375,11.140838993627632,16.07462982388353,26.774168872065957,529.2532644293638,27.675369923015328,0.5141756790804066,Manioc,0.30051586089385707
5.548269741195528,15.291319543159327,16.465044036293275,42.74074982408368,711.8100762246868,26.701758200123386,0.4619785253653956,Manioc,0.3029161041167715
6.766306379474987,38.18495182960278,30.704354775848095,41.55863732901756,1005.7212839532715,25.462975215044732,0.1213390874600262,Soja,0.5504050742908606
6.00734320156912,40.62541699676589,20.419310703506504,26.626035440284443,1171.7107847534667,27.585112524945227,0.257608303747421,Maïs,0.4673361355430982
5.542911126153608,49.14197702222529,14.347122713524143,29.127167817202192,1036.7086507143563,27.86107196335966,0.30927302231681364,Manioc,0.41949374217445956
7.373820386797635,53.963380187782015,29.164037874849104,23.827821907993993,954.6646429721828,28.65727029529992,0.3245461454745501,Maïs,0.5523361714045752
5.843021231513427,45.94711366660996,11.68330838243849,25.23484552476974,935.2813805723907,28.981601974269562,0.6542307304272167,Manioc,0.41171531743323325
6.018779529298434,51.802161054504495,23.051720673603544,33.02892196430149,864.9942337917421,27.85433546939635,0.03410130899751984,Maïs,0.5310180565653345
5.695956844541298,43.24114187567663,18.577891801517918,26.275316182398164,904.4560890652998,27.209858557128193,0.09311258269583575,Manioc,0.4393132686485709
4.925526884683536,28.413648424440403,19.444938745918215,36.45268656566077,1179.8616773773479,27.391290831764692,0.3419417461799293,Manioc,0.3259875687485685
6.618546170968227,46.383603013932714,26.276869449684117,40.763339813501275,1248.31564913904,27.247301072981728,0.3535276566180256,Maïs,0.5622089715869822
6.0869659586294205,56.416593600277295,33.795815738739854,26.270215786141982,996.7023604136727,26.6041814977182,0.1265999879260072,Soja,0.6323421216374909
5.892330916778256,20.37135508752804,17.434210344837453,13.309291708029697,717.8068185700571,27.332683306847375,0.40079153239848603,Manioc,0.3573231598416853
6.754569093667398,50.11561807664729,38.88275517802143,38.971406779739034,1112.9872444363718,27.73742276725745,0.007070703232651132,Manioc,0.657232637699111
6.155132152856387,60.805406865683736,17.745874254217057,33.54301517271647,966.08119430602,27.792615388133903,0.0878242760751938,Maïs,0.5386924716378312
5.4841507555960325,20.604872563254798,22.785804448493295,13.842343206097157,613.2812843057584,27.6401497937539,0.4877804172477038,Manioc,0.36434748989831645
4.618158188476109,31.01785530757577,18.893871539888913,28.584944214395,830.1826400208631,27.443389807143138,0.27054901511846824,Manioc,0.30758809972631457
5.016303264450226,10.86616534919866,14.63588783704829,30.767000025421734,1061.143903935573,29.147053046514266,0.23873649236909875,Manioc,0.22980748219284364
5.768141567601496,32.03137659495652,7.927684943168396,28.10354307735825,965.948588231364,27.99334757642137,0.48103237946351857,Manioc,0.324112808037375
7.298232850227866,34.1118467621514,34.528093254277444,34.851499574035,791.6447944687934,27.740782836191094,0.056202668551164736,Soja,0.5196243801819656
6.6256793794013396,78.52861398446444,33.660801017278615,43.49872592609812,1303.6996822230872,25.62364752953387,0.1881091875378449,Soja,0.7408052538717
6.745333246556524,73.39375758788104,36.221871736779946,40.58611868075153,938.4864194775514,25.968601613835546,0.1629590464946864,Soja,0.7297086897687768
5.965543298533851,24.512578165851092,16.49897437081582,35.86698879538059,930.0998193078991,25.985617299877962,0.6716058840946291,Manioc,0.3725967150435815
6.822326383831014,30.30379431776894,1.0,17.341818389999293,847.9331641593122,30.425140451667655,0.6168091020049736,Soja,0.2999383408036096
6.9294101223447315,45.35989629651429,24.426431140583265,37.26745878651801,910.6100629858176,27.58100824184266,0.2861001946177102,Soja,0.5199332448881715
7.5372122234666215,39.41435735137766,33.29527269083451,37.416278889709815,979.3615254869445,28.356594716315275,0.43289096324371784,Soja,0.5123073189123508
4.570892017577947,21.221944024414782,14.650740659081785,27.107575442868434,800.9824119706365,28.40355080155523,0.35822567748901457,Manioc,0.23477082093693466
7.326217902672155,46.43388467342251,22.738469209937087,36.96657703666709,1040.387040196751,26.33743255547564,0.1931477096468806,Maïs,0.48016044646105116
5.945337155498219,20.2560537873985,20.673843074333824,21.761033499902208,1129.321267337823,29.675698149616668,0.14346924691556467,Manioc,0.384580029406082
6.000358789017934,35.022531982806846,41.99470810538196,37.2815792336043,987.6883400127431,27.0902561678711,0.2677328363141144,Soja,0.6011587550638517
7.02845263525255,38.28984919433826,25.739601987737544,28.077855878022458,825.7402588561313,28.31098876984514,0.38318803042753535,Soja,0.49387994448881334
5.74312821293538,31.98600805842372,35.612496290299404,35.58017228546291,850.4954490334858,26.418745546007333,0.2978940188932631,Soja,0.5224769099969011
6.5147103086695415,30.102355731354187,18.025665078794745,7.147178117135953,947.2964725375932,29.86214739547702,0.44899821404209916,Manioc,0.4470901404507609
5.348308780322423,65.62524919243145,35.3126814006888,27.84389801397363,976.9871554319625,28.258005721471022,0.47226851917963475,Manioc,0.6202410490284324
6.532677954087602,68.44067965479739,27.13584451550241,34.09985321375414,997.6253661410512,25.591502136754485,0.1687005340590063,Soja,0.6615386097552641
5.7120633735113335,35.94267699137381,4.558070684070152,26.256497087428716,924.1056298563748,27.103181151942916,0.267555432103705,Maïs,0.3105100846924842
6.363749553457548,58.52544025929667,18.70808986759718,35.342614681616844,1118.2664745327318,25.944826796810542,0.4061940737186782,Soja,0.5534378065371303
6.228870055561492,31.37823726530026,20.896315792896146,21.39138809580122,669.6106702780095,29.879824921468302,0.484750490852809,Manioc,0.4523593134776694
6.688648606573654,58.136854030566525,25.47577891611808,34.384424197321074,1242.4036268915934,25.675530786822122,0.07710243997952121,Soja,0.5967502916583486
5.5150024208766535,37.37971519284716,13.126885903369725,25.50040575673995,937.5537709044015,28.557284160057343,0.577500640195439,Manioc,0.36243425974606636
6.109514540736962,47.867035617064325,37.043685231181456,29.067788178607255,1208.5392353984453,27.304266258111312,0.29785308309083974,Soja,0.624246092957916
6.789482270101356,10.194535750842242,16.54527219052144,11.589425486086162,714.8270408647195,27.02251327084577,0.20847453030098487,Manioc,0.33654987745460496
5.19233300904935,20.62660182229565,17.81836827135078,8.531488616276475,562.7102674346105,29.38180256653913,0.5420304193777783,Manioc,0.30510403532357017
4.790210197867915,25.183639295289872,15.19784862066824,18.298240664552644,532.9149460940018,27.801935694409348,0.4577576827219781,Manioc,0.2717686949874481
6.26014781585595,48.23079273116029,27.49234165336097,24.58208310283919,796.1197841045786,26.843394016393514,0.25495110642192453,Maïs,0.5685311733525553
6.911799763526006,57.01180186463987,28.72110159654679,23.873062295825896,1348.6570554186596,26.21906176921406,0.39553289348821974,Soja,0.5980078989705264
5.861538999847021,25.062643574285445,21.596930259703868,31.113416654821165,1029.6539142341314,26.955302529774382,0.4268069893536502,Maïs,0.403355443513226
6.321669724661346,28.568111888458326,21.17802706334525,26.38251365779624,803.5399927004304,28.553799970900783,0.2329440513525191,Maïs,0.4508370138173976
6.832708933642856,21.154594020173747,12.677991092950446,7.318031914161141,823.30039565854,28.988276215328813,0.5171079444710142,Manioc,0.34792926779902206
5.675295997060797,55.69147315791515,23.446946877475845,37.894632984373445,1087.938350056208,26.195006641003715,0.3731300538290683,Soja,0.5216085952160044
7.115729382927177,54.039348410861955,16.439810146916138,33.25769618155117,861.3072816797159,26.503023353746904,0.2877616014487586,Maïs,0.4811090239239974
5.644712077267085,39.37831973421698,26.6509329642087,23.810936935932673,922.5048935710704,27.545714620880943,0.22890414535433828,Maïs,0.47859026089264645
6.135104347756887,25.60754470917707,17.06035568533012,31.25446022986372,879.3362157989775,29.961425745283492,0.22377461859417336,Manioc,0.39450917953056336
6.711193907067348,59.09044949615537,33.76624387408123,34.16751370018122,1104.1024656925265,28.503571507994216,0.22218314264461286,Soja,0.6587292652754675
6.0778582199852655,32.77721425305457,6.054938047492794,28.89637473682565,925.4928717427135,28.036126155159977,0.3823940161234112,Manioc,0.33824043169272966
6.166229303453626,23.410954424209304,14.678981025236432,24.229078522676474,1058.4960823127628,27.056418875656373,0.33819100019434056,Manioc,0.37116088416477644
4.901201990892563,30.19501847458406,13.048027664414288,17.111302692905042,1042.918336490074,29.31089823626088,0.39651863570358215,Manioc,0.2846685272597423
6.3299413971242116,54.495541354413234,36.56029891807313,21.033960627026346,1212.2205603681252,28.386116503265487,0.24584365627876023,Maïs,0.664294591067834
6.168703436050239,50.01782736167545,23.164311661635246,28.135668663886175,626.9404139312808,28.405468608441108,0.007115518226989914,Maïs,0.5368512297386108
6.260290219528554,41.228048464627015,27.987988542416545,40.53285086928853,1044.7009032865835,27.723403540369322,0.33149850354042415,Maïs,0.5447538446712907
5.998057182813508,44.84879631876438,32.8764469571724,41.37733891806906,1207.616505061645,25.226564119014913,0.31974810908111867,Soja,0.5733423643764056
6.243523534119086,68.19329539981695,20.614801756931385,28.51237893701186,748.9891893314098,25.582471056796514,0.1734354654040896,Maïs,0.5954305468344756
6.104658799618327,41.793323744428086,29.324927792878285,23.741544647244638,1025.8603148709199,26.031049654576048,0.19168147680146164,Maïs,0.5441979112940504
6.658930973527388,62.02214944635238,31.115703541850614,31.455583933502055,1002.6748201440626,26.9632580998381,0.3570401910512989,Maïs,0.6551726357318344
4.791928602730739,14.334258710541857,16.29797823349477,15.16388911552164,773.2827078084466,31.51409764989568,0.4297433097205839,Manioc,0.23745674417332674
6.357123666297637,47.78994162223802,24.04353529840298,26.01091431449842,818.8346527490123,27.791500195007348,0.486623824097681,Maïs,0.5495832396706867
6.606431059419481,55.240625258114626,25.73241994183629,31.00538575961214,834.9703942993171,26.97984263484993,0.0,Soja,0.5938631750904527
5.668685635291268,20.861788027474567,14.888457305437845,34.902077491042256,862.8726990237574,28.368571127083417,0.7474908983881141,Manioc,0.32290815144937063
6.479472892703018,71.5402866570706,34.5521783824744,26.787938507114163,825.1430766784625,26.658822113437594,0.3132506976061805,Soja,0.7283516641104123
6.000239283637012,5.708871398106215,13.866688981380003,11.177789009437447,807.183205013557,28.65764163984862,0.37819617165912134,Manioc,0.2827866592133674
5.8858581000302745,37.161613471864236,31.88884120644681,11.038409588470564,783.3321088516892,27.30308511308533,0.5239073129192101,Manioc,0.5271573749062234
5.9837209060901895,54.528745472029385,20.580668276686325,24.658125056650398,814.2578250592901,29.16815092883201,0.5781164146408654,Maïs,0.5209739194684961
6.297468154639015,44.9514149878051,39.64156605146806,21.87186893241875,986.2987755990407,28.857501441321794,0.24970186001613,Soja,0.6467014589748467
5.700938324710216,14.841005903241268,13.691096388286466,10.203544478199282,711.6927664573823,28.148757468084575,0.46997497340440586,Manioc,0.293275117603074
5.28762163606262,24.486317322205302,14.377257601567882,21.052413121419967,834.7037826511283,29.337150417883098,0.4807777336104275,Soja,0.30289106898041346
5.6689070541666515,40.17483127553287,21.188690528746125,38.752430230661005,899.2260660202478,27.19043986219173,0.3990996233375909,Manioc,0.4440727745531292
5.43089309036174,25.0139910540509,17.165920336357715,21.330710927605246,574.9953819942313,27.269664139720334,0.6163811973880096,Manioc,0.3366163109828467
7.097508789807945,25.85065195400025,46.37997425352714,24.21673076500236,1058.8918565792642,27.100093091587794,0.2646863209456415,Soja,0.5892353470570992
5.790889658383264,42.73515901150168,15.646554477660397,25.575014457951703,911.3569271733509,26.918186327206296,0.3211781020395543,Maïs,0.42369567161161925
7.151585105410337,48.7507315363047,20.55376586207321,9.522144205058943,790.715373701196,29.029956415775803,0.5463181505814876,Maïs,0.4873638941144599
5.059903863275802,35.69413530372762,16.08736741507112,10.973189299913779,725.063253678075,28.839808137637583,0.23142409523685653,Manioc,0.3408812186359968
6.653217708215644,59.4460241299371,24.467680328110724,36.06704058630731,1200.9022307190723,25.788844298645184,0.043056074078574896,Soja,0.5974008697363853
6.374031930997004,50.06464090803354,27.21162964117873,34.085152964160265,951.6441718627724,25.475561155614542,0.3737710696149668,Soja,0.5827784009553241
6.067897184453029,21.44448718082461,14.435094384466948,25.35907592172593,424.32753577228704,27.19550221633903,0.5999986507589417,Soja,0.35383923230922754
5.475993049791878,51.7286123596682,31.539033869084104,31.505821137029482,1103.4262207326146,27.871220821460156,0.33374304214923306,Maïs,0.5487877692510337
5.953121708419344,34.141748711148146,14.292494405800184,21.261442916567166,802.9906547239079,29.381778053571786,0.345365551251346,Maïs,0.3932675247938742
5.958406768850313,32.88828070719219,35.63460832268129,23.245385427649314,977.6463596117155,29.90803394354271,0.4267321502003987,Maïs,0.5433870419504682
5.377245577597764,16.231216770159037,13.317275393954445,18.926418485716376,866.1174898128554,30.094340184660773,0.30491178930284013,Manioc,0.27010721861800463
6.640425172653571,31.362880650590334,19.449284758927472,6.063568465825357,806.1122393297303,27.166004414849414,0.49139787741308094,Manioc,0.4522736869289467
5.660978032120054,33.09069611698048,11.54472811303052,13.62709944297617,882.1165974473138,27.044556758667138,0.32226122512475963,Manioc,0.345882461965502
7.271135179305932,43.18775826781897,24.50923453532783,33.40257324064963,1129.536642314203,27.548958255036307,0.35393202191367146,Maïs,0.4847025030025419
6.302287807378492,59.678171792529035,24.188164944959638,32.018381824644045,884.6650935014172,29.014455820608475,0.21276128145773548,Soja,0.592724206890072
5.561420170349586,48.73443776529103,44.966386481438036,38.04268657388981,1164.9374929383675,25.168258854593166,0.19409054278950602,Soja,0.6411801478413118
6.187937456444999,42.49953485401047,23.22633418961786,37.971470748728635,908.372957170965,29.804235159282417,0.19368351193226677,Maïs,0.5094444811700082
6.224042473330691,53.08057798281145,23.288279099023157,40.59107512845918,982.6703509623089,27.437994192786245,0.10609842348398013,Maïs,0.5541509763037112
6.068814871883909,40.90600903357415,13.813438829023909,17.015530658688675,951.3946769491548,28.428595803093692,0.3587344437913287,Manioc,0.42549946670514355
6.700892553685477,70.22536706096611,18.497116758008055,28.235135093713076,938.120931880095,26.02950497705225,0.29004855252414474,Soja,0.592482145779868
5.391485034488685,15.472150418826315,15.902340709156032,21.035373414522404,972.6656077608269,27.587879457304552,0.29609471286671396,Manioc,0.28700423716033485
5.268384227729902,31.01644509881606,8.450117228125002,23.456961951870156,752.6645154771733,25.317545286125927,0.37075036663343636,Manioc,0.2839484605263223
6.797055965185429,62.177107273329455,43.79474874026543,37.94628228156471,916.0945998764546,23.925583686213493,0.14504535405181926,Soja,0.7365726383991116
6.327136979681903,56.26191978221455,21.087870240880708,36.13513759218889,1190.769344842893,28.316139560656946,0.3658258280778026,Soja,0.5588975644563661
7.893635727922654,55.84223022907294,41.05030773335041,39.27264027630683,1077.1079551285568,27.621960155899377,0.42850297916134417,Soja,0.6041982710223759
5.592905693606134,55.88748619704186,22.022174031087083,25.645291382122046,847.4548576570419,25.380911361649165,0.20510748970975756,Maïs,0.5054630013647288
6.065296582777721,38.56450167682538,31.377332611049187,19.941923844129917,791.5953800049999,25.277628842672947,0.41583920005933517,Maïs,0.5432921616729574
5.899146693885302,39.425082149921664,25.3876355553616,32.17508796307227,1080.3158750886157,25.04911556141107,0.1753066597958713,Maïs,0.4899768177453858
5.682378838790314,58.1759753560796,20.616852248918494,31.140450351601693,839.1953752505656,28.993960518269667,0.04370401815182334,Maïs,0.5113884698073394
6.539798874467338,42.23186700111079,19.12304219560454,31.366356649242267,952.1763498893981,26.552522713229536,0.11316586959522265,Maïs,0.5004557317366057
6.726901026017452,52.18953310665067,14.862000045457833,29.116237547628906,900.4864712447844,30.301193006242027,0.2779095759580897,Maïs,0.49355364994470374
6.840114630952851,64.7902421209422,29.81170103257431,24.85010876660775,983.1360068076888,28.72497709069655,0.24082101531872088,Soja,0.6420546304405124
6.740390362777311,50.130854200972934,29.98344942423424,25.16946605116984,841.4052904298319,26.86820177508063,0.19910737321216498,Maïs,0.5939619352627374
6.098726661919853,32.029266397555105,12.850042956925805,26.153722217832396,863.4361245891766,30.45276222572972,0.6138083117158203,Manioc,0.3862078202465209
5.847413581451568,35.017265639615445,23.378181469227812,22.255474425641296,767.3469137509059,29.38205333244094,0.19701446353778468,Manioc,0.45404861384684414
6.3101294615489625,32.733435522291856,18.81951454287822,14.536519149478512,265.6936825575466,28.43208235358119,0.6311138623734972,Manioc,0.4491146895200907
6.507967803472132,43.90390196074169,24.51765983214471,26.540722526217145,1262.3990483164696,28.199646931118476,0.17848266702682924,Maïs,0.5486168766706057
6.344065799453241,42.0896972579456,31.890347294116374,26.463508618613783,1146.85785256124,27.868931735066752,0.27503526084510543,Soja,0.58309254392737
5.771832046373234,37.50659635371511,13.427781048511854,31.45271124171289,742.568674438754,28.787087234071894,0.45521538721416854,Manioc,0.3856563219463715
6.3070468720651025,65.13387247526623,21.743059712130552,29.800392792491493,932.7796626861405,26.489314841510787,0.1430668121822807,Maïs,0.5967236400720053
6.707492268166376,64.85938902684596,36.668545405847084,38.366790541692794,1015.2664130515466,26.404342653987907,0.26297757323276194,Soja,0.7026042069334367
5.7242836620671405,30.808559185540645,10.203225196759385,17.563018813162117,640.5317134162801,29.188142649874802,0.26110566721799433,Manioc,0.3323067505399142
7.140790364182391,64.2801003357365,35.777152620682195,31.392441869260935,651.5075957142461,27.22418719933202,0.29276363255523685,Soja,0.6592184283567931
6.518296384634343,56.927335625862014,29.917625135234562,25.337875034349935,980.766208176681,27.253519893005578,0.2170955704757615,Soja,0.6378252738117223
6.611030079997245,44.72695460490068,16.025107631258628,21.17243780905225,809.0805137021026,29.203921768915734,0.5073556602458118,Maïs,0.4820716966907166
6.9467479103022995,40.932610037164565,38.81581262094487,32.48227640125502,902.5068331557557,26.692249648983392,0.2728572086327525,Soja,0.6054700236520195
5.00688259528046,17.259618083110162,16.147863205371266,25.62574603885395,925.7118418392922,28.829816607396165,0.3660518728762257,Maïs,0.26500312806404136
7.02317571310301,56.160288434641835,32.56239140822554,31.490556058787877,1000.70530081978,27.244162013790575,0.25101976820071165,Soja,0.6135940466459036
6.452399373448651,39.88524725356311,28.235137888595467,33.869772942348376,1062.5594796767043,25.127521355525335,0.11070673624113825,Soja,0.5566628358076573
6.741634975073299,38.75460687050222,35.52204951096488,32.37593686961478,1018.7331882792257,26.105601042530562,0.30081906548516807,Soja,0.5895043010396347
5.973846840375462,28.923389728819412,20.321137945737963,19.761265210610222,1017.8101757389506,27.981496345529035,0.4920117416184574,Maïs,0.4181931233311338
5.07986924906992,37.00738447991573,17.25027335592573,26.88548337094904,925.9010163091775,28.619404815706957,0.3773970565205582,Manioc,0.35603677275877355
6.497578512718457,50.82097703468616,18.96551977442838,29.569643211747042,884.5766837738772,27.488466506417947,0.1096985231536983,Maïs,0.5358862566888095
5.32838591089428,36.71138753888491,19.830626627651554,23.528286678806104,714.840665595106,27.598314910002077,0.4045108833499941,Manioc,0.39345232670263525
5.907810927893155,81.30124398460973,29.333592191212563,37.58175025573771,1080.1050136992121,27.110535607663348,0.0925270626657907,Soja,0.6829794786061775
6.2865904629255915,41.34678448687891,27.090585293231708,28.055161292863097,851.3941169007913,23.431081154284342,0.3052875080887919,Maïs,0.5408215065129829
6.286016918123496,23.07527390005758,13.876600491850649,25.192747075100005,811.2377065989398,25.32598046487513,0.3497350454026845,Manioc,0.37361919756585843
6.44861272743723,33.15208608160835,36.12328273696724,34.25820222319465,932.1377308716076,25.418312863474736,0.2402649005709404,Soja,0.58717478294151
6.557664551250167,62.21263522088924,32.09857320101051,33.366523527553014,1029.9281629039244,24.70746169172808,0.2958472569198881,Soja,0.671138390776846
6.739340416715648,64.76440584515485,22.84589619767236,26.420405335014237,725.9735332620285,28.19119586542395,0.2791351415622496,Maïs,0.5995568293481373
7.39185877281977,65.53846678523973,32.22950597098721,30.78619993947731,858.3860504071919,24.02680461350657,0.3857184246974271,Soja,0.6183545162707138
7.154708320235065,49.891871301476634,19.45458199961174,22.54814070025696,903.0997331401464,25.68475924552867,0.16640461990624425,Maïs,0.4836133829749826
6.907273618825434,59.28631454793927,30.153813071742515,36.16639605288342,957.5770278741016,26.803952479346336,0.19045095931931463,Soja,0.6176410376585839
6.09125446855596,72.56680943409188,36.70624688040181,33.119688956441415,1038.2806200005368,26.913745906735723,0.23738378710211605,Soja,0.7169112397349677
5.838582501065767,38.376219305843286,13.174335311021078,26.540276078762382,900.7390826583863,25.000190536038332,0.4381316666423237,Manioc,0.39256047465509303
6.567786902355833,39.00440613548738,13.450775493179634,19.09134505415369,275.8752899508921,27.938922570146246,0.5099320261523559,Manioc,0.44450945501459793
5.333032165462848,47.05122749467468,13.598586434614097,24.043112093857093,747.0630244900459,27.99243457884564,0.5603350347453858,Manioc,0.3891068600683103
6.241902743193337,48.821624051154615,33.82567091237459,32.89128516626776,1028.518068575828,27.79471972197061,0.32034545444193163,Soja,0.6152587920013151
6.745290173937268,59.425892946983936,27.97615700983221,29.68570778576955,820.8441020985991,29.408053774359388,0.21284907744981618,Soja,0.6153709807799339
7.346304973732018,34.844374027520445,31.857296384999298,39.52359078305288,1008.5645397732436,27.14067539136983,0.235687360252866,Soja,0.4992959666469518
6.364810309807692,37.222967010535555,14.430876138462615,38.4133988164062,292.36961199667564,29.504323831283074,0.46062974955827046,Manioc,0.43925185466146144
6.647596610013866,59.84116028535965,26.092416940375788,25.583847061851426,604.368209608405,29.911872591678737,0.3734723772126471,Maïs,0.6111646734281702
5.377300626521555,56.12688374989925,29.167553323082384,30.689414504041274,743.6733665646886,25.490765950207013,0.24769182370914802,Maïs,0.5409101053708409
6.090164056081244,46.33540904782282,18.36483507544664,20.16317710131782,1099.067332179566,29.822958942536054,0.20700446111232182,Maïs,0.48140436413679644
5.307994206271042,32.539285591465685,15.963095737934681,7.119826616728028,1009.3907839029575,29.306647281520444,0.3491671691171393,Manioc,0.3474935329613982
5.8535452023696735,65.06092888159122,30.5882006909871,35.01142277645992,898.1121006429244,28.518092103919127,0.23996867800959892,Maïs,0.6242305273778167
6.460180165290726,35.66736163711758,14.666994864890132,39.18759428470456,899.9683381069584,29.89518954468298,0.4457749637325671,Maïs,0.44250978459455037
5.295369938510172,31.904517160799887,17.029251333464494,36.855521458105486,947.7635338104393,31.472145402639466,0.37259602024174077,Manioc,0.35172478843613436
6.294346728638614,18.885829929683567,13.191415060913677,23.64117104759615,468.86518293878544,28.302701441494143,0.19391610081441712,Manioc,0.35294251702020674
6.992627679785773,83.76428701841424,34.59469710588926,32.934303917182646,864.6967851181189,27.0940890581404,0.24167784205969706,Soja,0.7386845677875822
6.755093258414352,54.01203339979354,29.004941784787267,29.004256455166633,1085.24993439457,26.623768941648276,0.2186243054734372,Soja,0.6008721079236625
6.037064586427437,55.069421377919845,24.20588027212392,33.4936076711667,923.4751794925082,27.923501615170718,0.21550506847855253,Soja,0.5536155497928218
6.957932314785573,58.03512645055751,31.180849213665745,26.79611294747401,1056.7469048163762,27.15076247965271,0.30141469076343047,Soja,0.6161361110853795
5.664337573051491,37.778321106013436,13.794683887671095,8.908084634470054,803.6049211647254,29.594177782291187,0.2099716069856761,Manioc,0.38077690536200925
6.2733568432166615,34.28142766959844,16.32695872034361,35.53793701260376,838.2248344523974,25.811517548299122,0.43950884018254077,Maïs,0.43416964950627646
6.306989955367111,38.921780129055676,26.088157062657686,30.229647033592123,1012.6197634731942,28.398654997795393,0.3795409311625959,Maïs,0.5257109070115448
6.175268145173784,38.05286868910942,22.074995931443503,18.501451012102972,1067.9609317993725,26.545664431022104,0.2757193311755895,Maïs,0.4827054865697302
5.672876638519727,29.887174572170395,14.518076818425515,10.452969500449441,432.02051428380656,29.0282399190271,0.2525145310669178,Manioc,0.35584760778575947
6.0876834250014875,35.757668557316954,16.49123809950055,23.445381208421313,956.1387123093384,30.682446960995307,0.34444083207946147,Maïs,0.42627753204403473
4.532336644745941,20.231292590498548,12.2360454122741,8.771070311425518,694.4686910806126,27.279869712804725,0.16048696960148517,Soja,0.21032166844376818
5.37440985238888,39.137181325601844,16.31320993935845,12.255896283285754,669.1409313709298,24.820871162128164,0.31710561480001664,Manioc,0.3811391467476475
7.589974184145299,53.95967015697547,27.725149840819327,40.1216726572806,1182.3364109051793,26.030873923950583,0.19686841806740868,Soja,0.5246063807779422
6.171190601483207,38.82746813453077,24.546363627166077,36.28979651637321,668.9838044068075,26.95227108020268,0.40087280553400595,Maïs,0.5033098159914662
6.5969690871132025,46.14848481674974,35.99198103214582,39.457701218252375,1027.8668348397132,25.348882316937974,0.26475975688331554,Soja,0.633389966298428
5.84616526719061,48.81158384882778,27.341485005019052,32.1394446923088,952.9187383278324,25.482185493787096,0.39114000450193465,Maïs,0.536590553861102
5.18933575874829,22.12176349063053,16.224486508563647,14.215415160702843,795.1856657888735,30.961225025459257,0.403761505536992,Manioc,0.2991642629519432
5.559028275341425,34.93045098025827,11.073410398683809,19.915548520953173,679.5625831752116,30.581807763485717,0.19508557205887228,Manioc,0.3415053686996333
6.615134335554309,48.812391591036075,37.032185069871375,41.4731367222409,1090.135874782408,27.23057408481983,0.13577253460797264,Soja,0.6498869967817917
5.01383255637087,19.314589774814383,11.788837607780053,23.91191624528036,612.4603521540737,30.013989874584503,0.6413657731137483,Manioc,0.2420177771269873
6.177384947281572,51.73600033230237,36.9920351222975,24.159662184728255,1145.8290234575654,27.32754109945709,0.2784964915162697,Soja,0.6444283216668948
5.931798788320868,52.72266040518423,35.594419034694994,36.77019076271021,877.8954770862495,25.19550488104834,0.32758439470699247,Soja,0.6185150199373497
5.869106767615806,49.90974951638251,15.804856578834762,21.223679690428284,1193.5827489216729,26.36607393996212,0.11834033985061757,Soja,0.45915069901221783
6.361359280169045,59.92688568959522,15.216307990374842,35.81783642870968,922.3781276475197,24.527053271391928,0.19584294929660018,Maïs,0.5334322221452688
6.328014867156938,47.537396614945735,27.709298623444255,16.37241609102979,791.6540765302105,28.717558357419897,0.033771604085868046,Maïs,0.5728211099874249
6.943570153001489,43.39496952640551,20.78031262271515,29.361689843734258,1214.164554224021,25.94457990753521,0.2653681763176904,Soja,0.48470637999989985
6.174880945275432,43.796188360464015,24.15072170925772,22.558399606078652,1135.058641750429,28.823429738898824,0.14002223898273491,Maïs,0.5201656245571744
6.577700664002388,58.3739817147354,13.585194113351562,45.020569951257556,1091.3321637547606,24.576682238937877,0.31236932101761916,Soja,0.5204205166607876
6.751371896252521,43.374110631580066,23.44068720365766,36.46588785417614,972.1209309181426,24.948103835383268,0.23811791572709196,Soja,0.519271842672274
6.33834539966501,59.711703274936085,37.72475854617985,15.602520128383361,729.1944390459812,28.0062231120896,0.35645795953549275,Soja,0.6937959558294626
7.516191032418695,58.74438093170817,12.212345107234327,33.011109212836715,732.3608163333164,23.92264173657413,0.5519289024603011,Maïs,0.43684485099574744
6.042365377679827,38.564817696198574,25.59276633737146,19.14851115131524,961.491360567749,26.159607479421318,0.5746548793056347,Maïs,0.49955680295578586
6.759787455717289,40.683796872819514,20.876025889561753,25.860666222521807,961.8446068502127,27.942078879353453,0.1949022210424448,Maïs,0.48950227663327206
7.9323072460007165,34.64250214664235,30.7558586901953,37.12560536947017,1021.4697402816548,29.54959893038381,0.2337780850978447,Soja,0.4436479464176047
6.366157005989796,43.19520086409374,32.99534226087521,27.446528606948107,1004.059009252712,28.046842216033184,0.4806074446329996,Maïs,0.5971864335326285
4.545074674006739,30.462531230491347,17.99086075167397,12.829333336224032,716.3138574143503,28.85251726670547,0.4619682647148486,Manioc,0.2930290254497428
6.550154939704496,47.2323891412916,23.87910684318988,32.761542523336836,1066.267268238363,27.737142313800216,0.2543452915000379,Maïs,0.553629969945542
6.028642741736616,43.25040243304591,20.012149700900064,21.585753566486062,795.8894672710984,25.799868472561066,0.24519628619721043,Maïs,0.4763537888558663
5.978320631195323,53.872571612412585,38.32420948173502,31.058331168336927,1139.401853248197,26.782926206768547,0.3049887681902017,Soja,0.6465066369267372
5.977616380057335,24.65684181021083,20.016829463645728,17.370201496269672,690.6818518152353,28.837799642951467,0.32233278197484205,Manioc,0.39960914990407204
6.626216667398112,52.348777860498174,24.38756229968085,25.827846062305674,1007.475228463835,28.04066251443916,0.37570507243153867,Soja,0.5712320398764823
6.555807439044445,42.08188731084456,21.29940450522852,28.158415968738083,966.0754872889395,28.159229072012767,0.3282546954133337,Maïs,0.514353740798086
6.202621849859092,38.54035820875465,24.098800147407445,28.126118104311125,972.4184134494965,26.95148437620422,0.3582431889063828,Maïs,0.5014597346365816
5.5613974115725,42.30232571472811,26.344958058297266,25.99950714355871,677.3567108416622,31.37480554468239,0.38291323428190394,Manioc,0.4811408467590666
5.419052115325337,14.905970512396205,23.29434847227665,18.844097268444564,1015.3070398747027,29.080957492257664,0.3243031177981023,Manioc,0.34054201666739303
6.130164071596501,34.88893744937514,19.3016627970836,17.43500418954551,693.55711163631,30.670765585139392,0.3276440927850984,Manioc,0.44663753518467086
6.367060974779429,28.83468759201597,15.03836596660753,20.91006146784222,762.1719912456425,28.555607165266956,0.5104077283904732,Manioc,0.41103623689440594
6.261842068211318,50.5153495541148,41.381845720044794,30.072983605737907,1007.8715201456511,27.572202954347755,0.4096464524800186,Soja,0.6782112364443117
5.835473611082311,27.202860394580892,13.606718330603453,10.906455048633479,749.8169036411205,25.47836253965535,0.4031802948688069,Manioc,0.3517586553090615
5.460739004816286,38.50722454933993,18.98215137669194,22.322993954598086,1124.9555818503877,27.664357370116786,0.38387436860609053,Maïs,0.40491570864392623
5.840077895802646,32.760597332377436,23.58092329198636,20.20167484886605,1029.6463492946136,26.875342350127962,0.22451545665556666,Maïs,0.44610733526158447
5.46781255989509,35.460605806033556,14.342173500769984,19.45775517039217,1166.6618292582632,26.10144313522702,0.18155445852764215,Maïs,0.3599590767604654
6.237902279096863,48.23167714184781,25.377285161046128,34.212527771898415,1008.8951173476452,26.835104802773145,0.31055682565550025,Maïs,0.5514339944265827
5.966149399344054,39.958201689923285,19.272713687539333,22.00681111536775,851.9805656412789,29.908429748847677,0.20991355986086246,Maïs,0.45312628609070493
5.1401201413881275,20.3887961969813,11.857786554223269,8.363508758042205,665.94389177881,27.020460991358124,0.593379090978747,Manioc,0.25682012791985476
5.777943606016585,29.04995576052553,23.59219807801357,17.20023935718969,478.71008554546563,32.81686473090788,0.3387643111659739,Manioc,0.426710532215418
6.26001566335913,38.99576434261295,30.30719228556344,22.86921770613369,955.156296353969,25.80910431116878,0.5622876740067089,Maïs,0.5528039672748164
6.44701509314137,30.48824309948441,21.234071910890858,28.318947167993286,1041.8498321003767,29.07507356233014,0.07436539073174583,Maïs,0.4687778789637217
6.018193893893073,43.318561814152105,28.29224275849938,29.081455659166757,764.065657087964,30.116875805112873,0.21730658427338517,Maïs,0.535763501070688
6.365631715701782,37.949881442415915,24.998110661817602,29.12342736781436,969.6035036696574,31.46301786573893,0.22987188280847626,Maïs,0.5187063024775729
5.945610847757021,43.36864961986762,25.22584729595164,39.163893639073066,1123.7469903806548,27.2359509015093,0.09165105988868832,Soja,0.5079404093796859
6.2987998023462,51.045153263553665,19.581544065609815,13.860508674907045,1166.2913602928902,27.54827763055526,0.37698499739232144,Maïs,0.5253227774500835
6.290064464687724,80.9616982444017,36.05943929373771,34.37760749939302,1130.7025089644208,26.588115971491007,0.2893580650335716,Soja,0.7609527425455545
6.8303944241307,74.70903095113987,28.75874048476973,32.960809381897235,935.6562787427923,25.77500553724097,0.18226874717498115,Soja,0.6739849583931055
5.798470283922941,35.66268943086389,14.592720061110603,14.238768183827467,652.8353143800157,29.593789299098134,0.564643887213065,Manioc,0.3890166968789339
7.049313933365243,47.400040941637165,28.632937941426608,19.16223461867864,1053.243251208694,25.995555909852378,0.13241402294127552,Soja,0.5487884133243234
5.305632659584008,38.785317124361136,9.468279214614455,18.176925692944753,1202.376938256253,26.435732136877668,0.5840642696081746,Manioc,0.32467812581464117
6.079100802744332,23.903014772055652,23.561523437187997,19.88910292396583,687.2299611122012,26.14296659736555,0.33022908048005517,Manioc,0.4304575844888977
5.481164142068656,39.20536907400931,16.207045581850235,24.05227513108734,758.9327571281178,25.62481336435296,0.41735173182928254,Manioc,0.38917705716555917
5.797939493764837,67.92831771834727,27.58007266061047,35.66146554673712,948.3594255455598,27.33481008763387,0.19318550947445856,Manioc,0.6092026802938294
6.098903673783053,59.77530081055262,31.38048015299265,22.842609048366647,962.1623814351235,27.5431633461215,0.24012152928250657,Maïs,0.6289327424419616
5.141920818014532,29.7758207106124,18.588693533294897,20.29282925250463,659.1425684612399,26.736664696358297,0.19159162776519673,Manioc,0.3424224073713694
6.509248289208925,23.901918191692186,6.66167366904569,13.115809056150088,862.53017150754,28.166389710474,0.40495227861517913,Manioc,0.3409666566771984
6.3631397272543655,27.527735295432556,21.83107392602894,17.69073471456616,707.2217243573507,28.29233467327249,0.48752215740530347,Manioc,0.45481751202867204
7.4017077926191375,53.38940500469612,17.226657592354705,44.71860395009307,1069.6776052073208,30.12979220309838,0.2774727571704139,Maïs,0.4613893720169989
6.048527675471875,25.606682253348104,23.641646902831667,26.310032351083578,933.6119313640946,27.937578597185762,0.1899349364987628,Manioc,0.43525306803021896
6.61882368608468,65.4371446981155,23.0432229779991,27.39157786721379,1204.0548553677652,25.30212719956731,0.1579409055530409,Manioc,0.6132578086169763
5.659471729795869,48.51448207541583,12.789758514805841,33.87764705101832,1118.739881795486,27.199698118549446,0.21510725462253744,Maïs,0.4150840372725977
6.176559307164957,22.59326862425289,7.9158823602540505,19.262673513428187,609.6947368363814,30.316058971362782,0.4107318489563856,Manioc,0.3197999596031908
5.906321227070741,39.267527090618415,17.455019729788766,16.306039669230984,651.3583174541888,28.945127353633566,0.604078734006062,Manioc,0.4324726913417588
5.83097984962858,31.417297096754012,22.372410036891278,12.917388542255516,915.152751205801,27.799484603421355,0.4594526488348843,Manioc,0.4313733066327572
5.927540456595525,51.380511014407574,20.19484151715504,31.462939576425228,1045.6408718346813,29.651464504028112,0.2745492396095489,Maïs,0.501375788251177
6.703146404607221,54.50307591973576,12.163095024847395,34.23912580808829,897.9220257331606,26.72507870185984,0.32520099696271065,Maïs,0.48494916413732003
6.044610170801869,21.771413212017777,13.745831640943846,19.369976910042876,1076.3219131662772,28.890377900796235,0.44420223467590125,Manioc,0.34826161037415426
6.203846624015933,33.72153873796495,16.131521038725673,26.300346594614922,806.8540434913626,27.597115286702998,0.4493277305434813,Manioc,0.42500409188903143
5.53232782064495,31.203818352110694,25.132855275603614,29.233328757518848,1103.4584832878359,27.513182663948108,0.23950455916180036,Maïs,0.42664253769329413
6.863665039740336,55.05326227131777,42.92060924260352,30.3912378162329,1014.4223847533855,28.12104007391244,0.3103930928680333,Soja,0.6970592915009194
5.776603140965798,45.320041490657665,17.199768613614122,29.267439199397575,978.8895378096958,27.465424165871802,0.3526980160440501,Maïs,0.4439101640935862
5.776449223275928,18.688618363540108,14.153355714424764,20.375490387321822,673.3418520832851,27.199163436529883,0.5751150857865103,Manioc,0.31770774783573696
6.938574987066646,62.67235412183956,22.51418328935152,36.9833017419808,755.8626305300562,27.171008902695625,0.16257130427996158,Soja,0.5730357819971631
7.21416385527223,45.06153153208844,22.426378845747248,37.800229888379604,1193.6627100781877,27.154995519392983,0.0,Soja,0.48149848125056127
5.400881082906812,34.41253997882944,6.721803199149587,21.852227841740152,833.9502215555021,25.867180407799445,0.6016645508380486,Manioc,0.29530661922136037
6.570788844740069,71.68871114969717,25.836257826821466,30.718218149087686,1105.4788555841621,27.863799107083246,0.4675954161835487,Soja,0.6617748604158757
6.434417867072089,44.96393800402447,31.958373954097514,38.93668769987184,1063.858108185635,26.570182393108656,0.21934054753577475,Soja,0.6020510814274019
6.383357913186073,48.578028793988345,21.7812693373668,15.85834621187879,877.5384024180746,28.6699819529366,0.3690004573114344,Manioc,0.5383758679470467
6.1904918960486555,42.73521108098473,21.556314606349645,23.935461882122343,819.6069519517034,24.384320219339187,0.40262418092979146,Maïs,0.4984730282201213
5.8037396307836495,51.628812686674124,32.855838098398664,23.69973799132594,1024.8643724206624,27.17521520369574,0.5117896566660926,Manioc,0.5841559364421036
6.414809109566293,53.00409525227683,19.541880444223015,31.604185172534606,867.0234131979095,27.367183678125482,0.44510767766687254,Maïs,0.5419752080308335
7.2204827993692655,35.86208974119015,30.848706122742655,27.892221216934693,831.8300977391272,26.828992157159565,0.3100433076731002,Soja,0.5060347674378193
6.920058607724736,34.84905808172131,33.719554825159406,24.00551698859921,902.1730466757904,28.306218056909643,0.6591372684072769,Maïs,0.5469037710273474
6.932381544862181,60.22498783277129,16.408141667549383,30.992987405717415,979.8943813833015,28.324474717731334,0.458407127365249,Soja,0.5197318403587728
6.351407817378805,28.492253788371634,12.969242917130982,15.856261606267921,701.9233872517678,27.43577552114494,0.49418527688627456,Manioc,0.3934568867458889
6.662316841456384,43.09096208272701,25.41856214319188,34.562342447548474,914.2649487416573,24.8334785564447,0.448419895935272,Maïs,0.5396164846144151
5.46070687711008,40.7069777548274,25.260876272020557,40.693853889607965,1041.3103383686625,27.880605945162248,0.2726674825051638,Maïs,0.45899532560466283
6.368801331037601,50.11202599524981,16.306500875050975,34.93116367271502,869.0613168894303,27.079246919882575,0.3064861995415201,Maïs,0.5035509158545373
7.739440404227619,54.9831089814796,23.75315636995824,25.28157143189189,833.6187765250274,27.133957471743297,0.215845251505014,Maïs,0.48787825927524886
5.480338666717887,34.30017479042479,23.97545607659689,26.852631455942156,863.2446716616952,25.945310743219153,0.15987002923796856,Soja,0.4262054878703073
4.951151971556428,30.209488136148813,28.57408469743161,14.27226221452846,686.0946321400072,29.217729406802956,0.5003131980720554,Manioc,0.401188365974988
6.7972720171583365,65.92590558332435,30.00050306941204,29.276698406905567,1125.4731745957142,26.31337732787725,0.34322783548263736,Soja,0.6512898548901567
5.859987639210755,50.41462728204788,33.22579105223069,36.769898440992385,1068.487958327128,26.340455435595945,0.2396557495594853,Maïs,0.5865884550866176
7.103125399716357,56.100627396980386,25.33577948418762,21.86844679623556,1115.0713377221552,28.510568868407727,0.19986139109227094,Soja,0.5546168587266819
5.479148059953816,17.39284493706844,15.14160131838882,23.33863441328352,822.600534045244,29.359939338760324,0.6083029601206567,Manioc,0.2960161158325534
6.9605809110420775,59.82869402833847,25.461505407742493,29.86150079586354,1088.5929014429323,25.50199982025024,0.27854869431991663,Soja,0.5815070078958837
6.237300468553196,22.898680139778946,11.658209180045557,19.00434696228462,1092.2918739684662,27.987728786846837,0.1504428845073038,Soja,0.35296191369158403
6.833455574593311,52.53341621104533,15.448396597628122,18.229475584652604,1056.4028771682977,29.584646200919533,0.19083722539099987,Maïs,0.49062151256948006
4.641428162498926,45.71881578490563,9.186447803361194,17.514966081304955,1062.6489789539644,30.231805938117507,0.26976969078910695,Manioc,0.2966085843244739
5.475957829251338,35.016145608117085,23.447931609500685,31.763409320649156,931.3571334256345,26.851557231339005,0.3014235215016941,Soja,0.42483302895045
6.4868727356596905,16.633333568194097,12.310280168334298,23.913872108400284,618.9999251869255,26.553142974269733,0.3408801440649492,Maïs,0.35315512587141645
6.188002541680336,14.432023498299213,22.60320048008522,26.361873994057454,634.0304515080632,27.759768412989924,0.37963940730842727,Maïs,0.3951985092204021
5.836431412087566,56.24112719986013,13.199288856305937,11.398384473987754,849.778542750835,28.80822965852608,0.1814560907832274,Maïs,0.4624167145568874
5.909714491276501,59.32696019063562,19.483027816495138,37.65824384936624,1189.9691411324532,28.009563989776606,0.2712093044176097,Soja,0.5258622314455272
6.671202433314066,60.320511785228504,37.8852042999041,31.10507606619654,840.9445896555762,26.713590305046008,0.22615091429492007,Soja,0.6965746596068512
6.754091408368758,64.95667489783965,18.989294843130807,32.04154467574663,815.9380971374428,28.44983796517264,0.39977986403179944,Maïs,0.5711921232356212
6.040463801484349,33.06619594256577,13.764602815961403,19.959673038211772,534.8228066224519,29.316106549073705,0.45994121060163523,Manioc,0.39222580700048626
7.533615643590404,77.69746138323065,25.066039424931603,30.475876602975955,1098.5146405546943,28.99377038631799,0.32344816559779377,Soja,0.6026622213298263
6.213177666006884,26.414792220602994,15.621880611504647,15.144292433018915,984.4592841197019,25.517168260389646,0.7124649758821245,Manioc,0.3934912019379576
6.582593842621024,53.68820491316751,36.22522535130547,27.767397655656282,1125.4374184951935,25.716888723385186,0.16954573853059174,Soja,0.6657080795401729
5.125989741910875,30.656758313429524,17.773193540659037,24.465856855026423,635.8791882196444,31.426359610006966,0.4294252633688825,Manioc,0.33868488053794116
6.067671583381022,38.94384460263136,23.683818426940817,13.470883936450267,1008.4406786137981,29.887100551644206,0.3686934367386122,Maïs,0.4892352154854557
7.196238701253785,43.90369323371762,39.13458142805623,32.63300449877767,1049.5553800526015,25.97862828630228,0.040308582077482086,Soja,0.599436083321692
5.8003790898057135,28.899893473889968,17.321602804133327,14.553868427367785,787.3171387161208,26.953224752197276,0.4906551379291867,Manioc,0.38249588012959745
4.7757286896849624,49.042947549616976,33.38373216863867,26.017473727383372,1134.2045314412203,28.39630655884209,0.5062036794916651,Maïs,0.4956288853867038
6.090449735595568,46.94607455237243,33.92365599538485,21.23627576172722,939.8192927450777,26.795353303494295,0.35329742053047086,Maïs,0.5965193778828102
4.874684681227566,19.675667658526535,11.443400447267159,23.969988529963423,764.9747606528598,25.5630872370066,0.629122222201969,Manioc,0.22979540718777242
6.025673932796071,27.741932712094034,20.186916478104273,26.380893399492106,589.4497098349204,28.014389565982015,0.26199845448789005,Maïs,0.4167478027753474
6.846627088096516,59.60386028640147,32.328345493467275,39.5911933277177,1083.8473645838035,27.97441920494924,0.16729624349652117,Soja,0.6394861130178475
4.789225758380939,32.25533562935049,15.667827077679892,11.430441137048112,901.1766071748712,29.344108985779254,0.6500457842789741,Manioc,0.302743020057259
6.79022248128725,20.981739918361598,19.328373255836848,13.561985490246897,728.233679153026,28.99465235122794,0.6188519898185193,Manioc,0.39882623884701895
5.628497543634758,61.744924333475375,31.77499818940567,25.875049723138595,962.2983220737079,27.4330902017255,0.49697143532667776,Maïs,0.601858814645023
5.805505198761112,51.368067475893405,32.71479139406271,23.412879404918677,815.5117042914491,28.04973018650977,0.2495651513372816,Soja,0.5822560190864876
6.50300497567282,49.477169258102776,24.168503903638616,16.814895058536138,1076.2671162176018,25.755436024573097,0.29146556510035965,Maïs,0.5682748542357966
5.337541083743484,42.05050321707972,28.105968801061014,32.84999029072468,996.1018425061955,28.21850471508914,0.30168059608456566,Maïs,0.4750041400542684
5.620817655403728,60.33433701296325,18.61631507165054,36.351790620957196,1038.6704176885899,26.667474947683836,0.14084854056610116,Maïs,0.5004108176408999
6.370575987408322,28.86438602123259,21.69877229774953,22.68207817763799,637.1153183399995,25.519259834892452,0.07089630492273086,Maïs,0.4596800381277092
7.043811481690198,55.94888629555136,25.935553041731055,34.59023471192888,941.0931986155609,29.33151361280881,0.24567268110388837,Soja,0.5631133251499207
6.177185756005297,90.96637950062967,32.82721666318433,33.778805396295354,923.2641376312979,28.401887222121104,0.3383971842678526,Soja,0.767624891663343
5.751372814257085,27.315606344371485,32.11008567225106,38.69621951571483,1076.5759264462606,25.46273761778361,0.37399967717653415,Maïs,0.47950563554946346
6.779664901682124,45.064222698109376,26.55827377290501,24.987834760317504,1103.2434476109559,26.44563284294065,0.42719402037148513,Maïs,0.5461994374737449
5.608370743667113,49.84732817294475,11.776770479039687,34.03556458320884,1221.1412761653894,26.55699462945371,0.4287515537408816,Maïs,0.4088692140903124
6.692938941811133,64.86587719188596,34.500952083133335,19.448238229841465,964.9742325415224,27.647718088330176,0.34276494887096204,Soja,0.6880922814216669
6.525722292549708,43.03759486291756,27.79455473280584,37.0716261766752,1090.5236928402792,26.42066905727228,0.21574875920005468,Soja,0.5675465515653514
6.514544973262628,71.2234876647815,29.58821513582365,30.134965110350013,1014.4538652162774,27.430209664083627,0.31506049536314096,Soja,0.6916337916271518
6.748092276994232,24.690019770344698,30.25554355669864,33.62763818065576,1019.9997769691334,25.28764641379069,0.18279689233529228,Soja,0.49584911882597105
5.449068859889518,43.09862897940521,12.7570156344544,8.79954770269296,619.1531250727767,26.050515787979766,0.6914312485557554,Manioc,0.3768399195451307
4.8653586757716365,18.29516440033695,15.05684954399247,16.755973067567297,815.3611596430809,28.64636800956411,0.38685996531243516,Manioc,0.2498268982158161
4.278251988076569,30.415719463251058,22.27700668863096,22.004113630044777,926.2036161283253,30.14591794542384,0.3565229527037904,Manioc,0.30254806538116885
4.964177749936356,35.72646865809426,23.944342169329364,17.367624224369525,900.576604967302,27.623662649952262,0.3462853008637743,Maïs,0.3902637044270605
7.345471286295371,31.473297141564657,17.45941613790444,32.68188091382353,1265.7946144187467,27.414094383766848,0.3308396934702996,Soja,0.3818875392092475
6.964370793232879,51.99510407718391,20.816269182437146,28.9741277989741,801.318145380791,27.740590430045273,0.16470716777041605,Soja,0.5169272842650835
5.16590802654812,30.63955986104367,18.233719677093223,5.0,871.8208566638934,25.37721182558328,0.3730030366491509,Manioc,0.34514704924170203
5.0132366986684165,39.69884119177544,23.403828566940952,26.441918863235255,1124.7939488057164,29.173556452050345,0.23344224456074184,Manioc,0.40580409938679207
6.168660451363414,50.796331732135755,18.710387230449538,22.83360041437026,805.132605070406,27.090733180489803,0.43244640164671155,Maïs,0.507628331668475
6.908810332542325,49.82680012569169,25.359070271102667,24.979977881360824,1129.6550138770867,29.777806354450195,0.07950849192710341,Soja,0.5458015949339589
5.799656287182206,12.407548645294053,21.922524813255173,17.469627709081244,1199.6579344408788,29.706537288061597,0.36310420371314356,Manioc,0.3512849289498994
6.13400443735823,46.973242099249426,31.17617921231672,31.084730314177293,740.9938874891959,26.306282318390295,0.10095340059461483,Manioc,0.5802078684564737
5.69699130925015,41.27793223928947,33.77552314318477,26.161383357786825,1053.3746685611504,26.762657091471606,0.29122712375892734,Maïs,0.5418085653872021
6.187822703869509,52.441919714999365,24.555061951778974,21.788693788009603,782.7766718971379,26.66483184073495,0.3653549489399206,Maïs,0.5579326820538767
5.876713557878737,40.35382702701607,18.842512860895475,34.01709410640489,767.4654934489749,27.157991409785424,0.2400153083506978,Maïs,0.44440194228150875
5.651862456552399,40.211625439915956,26.1223947751535,28.970516285970593,859.831017099673,28.3844588470361,0.25482929344941657,Soja,0.47859170782978205
6.2411419946377125,51.35418030209226,17.588179235908285,25.54405398946468,1008.5549291593063,27.49644662580079,0.5545192279014131,Maïs,0.507478888772979
5.601896687959664,35.79326406920634,14.574025466036213,30.186647473266003,747.4166053485525,31.0819515582871,0.46311571192377665,Maïs,0.3736659057438785
7.016205651965818,61.69904504351406,27.089045276000007,30.23667269548069,954.7093798299164,27.610005117167205,0.26123491574723917,Maïs,0.59615919218498
4.9973973042236555,29.495265517704976,11.016093836654123,26.016371068950637,850.760097659812,25.844151099991706,0.6652598118003168,Maïs,0.2749094116629184
5.438406547608113,50.4711911517521,24.85100647897229,36.010051479919575,767.7790796167035,25.517666320233424,0.4062307585039152,Maïs,0.49241806210465544
6.436916460455894,48.91804005402547,22.020253039582965,42.29453228100621,1109.0134609862998,26.122971407541552,0.27227285557909214,Maïs,0.5457210596468596
6.435707778193202,53.74389180712728,17.726675418105692,18.668101516555353,943.3457816732657,27.060971811537083,0.26542127633866586,Maïs,0.5333905940684012
6.248838049274416,29.374541431134574,18.90142213667457,42.10692577322448,835.0818754083994,26.26868161638547,0.4411839904545318,Maïs,0.43167221440448617
6.107170511668092,45.760053914124114,26.456094510158334,22.90346031501275,826.0832012428186,28.58367047783147,0.301425652142135,Maïs,0.5391266425888612
7.031028795273272,71.28809794859541,27.178353971721933,37.401233920702964,1042.35694274422,27.52643294598747,0.35113682571901794,Soja,0.6331112042110596
6.5052502118039355,61.467556871868666,31.25578627426312,29.403833236350362,1028.832366002403,28.30533782974585,0.35317987545994006,Soja,0.6663134985568787
6.98229979881779,52.61852272547157,23.730180418129592,25.464653048760425,1206.3189976759318,27.260149539287315,0.3741118372495374,Soja,0.5390381014676456
5.440315017022994,50.65509645631544,18.05299267688718,25.44145844110314,767.5128793796436,26.920516286829237,0.1732812225687788,Maïs,0.44404648197942137
7.099152284289191,27.578986063967797,34.854623649577846,42.58983112475867,841.3510269554884,27.582875007709678,0.3337853794767805,Soja,0.5123741963528218
6.741839224849426,69.10544814806961,23.277081557135396,24.436135304068067,1104.9181537310767,25.47100869061197,0.25509677175996814,Soja,0.6194527843229644
7.03810299583583,41.68830961002406,35.72506497464745,30.602269919308796,1281.481615235618,26.19901608797755,0.22038604201662898,Soja,0.578727542367309
4.631150082625201,27.44077540177622,8.49774885539043,5.0,689.8817848053105,29.226297421446038,0.41794842441176766,Manioc,0.21933473798294256
6.162777042116916,49.746982328799525,14.065252259538578,28.276129337685177,826.4697544061225,26.409887142676972,0.1833242106318198,Maïs,0.46940663705146324
6.493428546900136,45.6447441481012,27.530809011863514,23.645756361119332,1017.1090905603463,29.795501846531618,0.35695601826801504,Maïs,0.5773614417482927
4.93713519581509,30.043259743500506,13.3583952865472,21.75363350106871,830.02689071329,28.298731795746672,0.4674848485223004,Manioc,0.28919807616152193
6.859914501335513,40.217575742403035,25.334106381368677,28.572979901376833,868.8924249484788,27.765309559660682,0.13165081176241775,Manioc,0.5119626315372823
5.687806179332855,36.494795457907,16.309911974654796,26.490732950023844,748.8402930047647,27.962438095458232,0.16179826691587879,Maïs,0.3958558587289731
6.327799490210543,68.94713332685389,15.501291527894995,36.0592925624177,982.3403247983379,28.04525932503245,0.19628935845866166,Soja,0.5680788327981008
7.310946544352171,56.587708248262416,30.533346950141055,35.37625902543537,918.9554481732547,26.779502104675355,0.2207682854230912,Soja,0.5775455486567551
6.388650246522427,45.21311648671942,21.068445707051506,31.998255843534462,996.7236288196685,30.111412229895485,0.07995530788446784,Maïs,0.5204797083240675
6.0113716245310895,23.806441197351543,17.88758477303606,24.831336331866996,670.3498562141723,27.055343988723315,0.3641287464282614,Manioc,0.38356093403782165
5.266367403704126,55.72507337309802,26.734340124253116,29.88506326806514,839.7324798913119,27.451584658846073,0.29874418451367246,Maïs,0.5128388144119337
5.686552113369224,36.29742740206855,19.97763345837057,32.719164758485555,812.420630132671,27.362892812052785,0.6773095123895388,Soja,0.42155202100538824
6.859718311595868,51.31155616363322,42.230661299569235,29.387546176291483,588.6214348045769,26.48426104174958,0.1451353853905942,Soja,0.6777480150601503
6.021093824326006,32.5010154665878,12.24162430976661,15.645693654756116,759.4373359316586,27.462365392792556,0.36297544168132206,Manioc,0.3774343727209197
5.89800740664209,55.01046092567141,12.217160537709159,29.704711429304414,955.1044379520022,28.372672655942544,0.4670305065215903,Maïs,0.4554168629596401
5.808438491860857,20.57350690229016,15.150703306575886,17.86762156575402,576.3644587101659,26.457410879608542,0.40938202545314056,Manioc,0.33486091997039125
5.710896220172992,26.64866951184305,21.72142287617298,21.34153227887649,926.0399440308121,27.96944995370953,0.6647453980406954,Manioc,0.39840680437569553
6.68607933480322,52.952888022519176,32.83747918530395,19.3969141025972,1033.4257027718081,28.439305900568506,0.25124807054859394,Soja,0.6300142530956979
5.935119898116481,33.966333938261265,22.15233052325446,36.927735165993106,984.124381359808,27.89638214541101,0.4036124736227854,Soja,0.4480764358041932
6.567235442255524,41.40540623974872,19.801437181354892,30.94815007901583,1137.832173826239,28.03516051345131,0.27027676016233804,Soja,0.4999436807858799
5.688732828156699,45.59814245984951,35.09243142909736,24.56620433117098,1093.8551763722385,26.747806294772573,0.21086695947711356,Soja,0.5675782757973133
5.7971864154828845,36.74737309096571,19.922964474478984,20.26854118455205,1063.5562290542457,27.28054645915805,0.48773892108926065,Manioc,0.4317659366838372
6.425574001404399,47.382367798391364,38.58472960745344,36.1709874989064,1003.0500101235609,26.727111042321052,0.22533166324115877,Soja,0.6587988922227859
6.71876997212895,47.131966282376894,16.288489239866585,11.29149090863029,738.3414753400878,24.739600422806646,0.30886361212930563,Maïs,0.4847634099486354
4.165352860829624,38.57285620209734,16.268417771490483,30.166764968604383,804.8918901810436,30.104495603128225,0.2893470656202768,Manioc,0.28188374512010267
5.774822747922735,49.858858782933076,22.390787703991073,35.58596600766797,907.9809727402981,26.569425533558906,0.35213632348996715,Soja,0.4991160114214128
5.677998935480957,39.2257328559821,17.14405590216503,10.010692601898981,785.8903940487093,24.821027686020702,0.5304435093848203,Manioc,0.4117909503604118
6.846543201023969,67.18411343525196,22.203089358192884,35.552190856367694,740.5020661653223,25.74986887951637,0.26184245459913946,Soja,0.595784743347284
6.429190766614842,53.69998183156847,29.497308000042757,27.90420786792727,1160.1736389732578,28.4651479300581,0.3430085804791365,Soja,0.6179613722112935
6.329868432366248,28.92805824201073,21.31288703482075,14.532951707838963,883.5674737824428,29.051111910960927,0.23296755498589453,Manioc,0.4538771109565961
6.2093767303966825,23.62031930629658,8.647558772090893,17.981172144072875,907.9241530064756,28.76686986324959,0.39107341638491894,Manioc,0.3317409784460988
5.69028469926434,15.339525106963977,13.824175608744515,14.293512797758307,955.6252625153188,31.911434336229924,0.5586112576116457,Manioc,0.2953359158353941
7.113007062853648,72.68485093691403,19.072701970892552,20.194777487785267,1169.700228859431,26.528878407588696,0.22375724043076853,Soja,0.5732983958357702
5.344915803671688,52.47910256117534,18.326998497071074,27.249146639323406,850.7687836227062,29.129571066808758,0.4405322366003471,Maïs,0.44553081441839076
6.705463080981965,74.95247219204197,25.23494873617607,40.655549728672234,949.2672681959561,26.74425119343886,0.23477890489943953,Manioc,0.6594057082096234
5.581092250586575,41.003638143853976,26.391224225729772,21.767775063860896,789.611825936738,29.02838486013485,0.262551368153672,Maïs,0.47797401402025197
5.7092456744760245,37.151016869177596,15.948671895542752,22.824400147786747,980.1267639673564,26.895068312133592,0.28855906905639805,Maïs,0.39751994708529587
6.458829510234562,51.21571889856051,24.593577703804932,23.422711281720964,895.213853376523,25.99802801870305,0.34938788629971385,Maïs,0.5750980705203235
6.002762082023212,26.364398161456847,17.886311836004598,22.798623301440703,676.9051633976414,28.2861185365523,0.6286092973469768,Manioc,0.392863957160559
6.150190671227104,73.243335866594,31.03356288376215,35.54271380470835,1040.7404627134938,27.60461211750537,0.11918784230275137,Soja,0.6831795466615773
7.100663067399796,41.221512496339486,20.356620407555077,16.81050122899253,1079.0539589008793,26.112577408831125,0.32975770632642243,Soja,0.46057211218411054
6.685785475477178,38.31855914461006,13.56886091917855,33.48512765359025,810.6811877821312,27.706492911302067,0.21217712299009367,Maïs,0.4332434537505487
5.508043667960417,16.335561764584646,17.57859809585068,14.132869032687056,463.5846663511622,28.381196628011068,0.4043902112901363,Manioc,0.31184709394387006
5.903803037880565,51.72573701202731,19.502833570688477,25.940302460544796,930.6448827305325,29.402874853471204,0.4891050971402363,Maïs,0.49581379682314897
5.840384983003902,33.31981478192699,12.113289921458332,12.78146276324366,645.904723039836,29.403782611449536,0.39686853575018266,Manioc,0.36524935182787743
7.329409567928234,53.4816874056562,30.218502127686953,22.634733761115157,1278.5143362458412,29.146366219495206,0.23188491232687253,Soja,0.5616440339716937
5.680047036437235,76.09918556005361,13.765206712695395,27.099383875535608,891.8052546638821,26.91855525100513,0.3957709258393874,Maïs,0.5316456628261942
5.166278949980062,44.203586087542845,30.861606556709646,16.68879248812669,1062.6309169101999,25.424988834542585,0.24688928486710127,Maïs,0.48968243520280713
6.3041914039737765,29.018756481162526,12.538021106854018,23.70488676246044,706.1683949656908,28.382115012751747,0.37248619739059474,Maïs,0.3886144009455885
5.957318226085448,60.28468426412532,24.743682427691446,25.216242144697773,973.2987498799102,27.10165923122219,0.29760979244403224,Maïs,0.5715220046368491
5.975350756205,41.58027004840213,17.92476746543222,10.028852011686702,685.3884993605498,26.732530630236628,0.5369248106400968,Manioc,0.45044007924478346
6.23517105885294,47.80333784882343,27.993055747374427,38.97145171776827,1049.6250677418616,27.478277934781637,0.4552395492121206,Soja,0.5684888455416752
7.545364924297014,46.84039966081569,39.583429098897255,29.43942302696859,1160.232519351359,27.303568946043868,0.35562584534479513,Soja,0.5862391654278272
5.983772804584887,27.181084235770015,7.605147483514752,22.78481197480694,996.5292591616043,27.987322022321294,0.21941805366737022,Manioc,0.3200634209297175
7.43832540138068,50.75553949293301,42.1157063513132,26.372465044381492,993.9809511376416,26.226428554066228,0.09356696735509065,Soja,0.6284528462516805
5.724716300640248,25.996825654976323,1.3529780753813299,26.997916972642056,1169.8657673549567,28.233056531689726,0.45300446232365216,Maïs,0.24941941948150886
5.918520297240289,17.74844643145284,19.62952088363859,20.98766044935314,676.0430164453819,25.626083591464717,0.5684598186948011,Manioc,0.36506569321113413
5.960625689168261,36.82911368931809,26.98115087117566,25.30539978112943,893.2130385180269,28.542747872495212,0.47976141243653125,Maïs,0.49628858077216365
6.059662461566613,59.484992298929264,23.721735125810252,33.478408784215624,854.2121262282454,28.03952127152948,0.2752992168094387,Maïs,0.5691801802763083
6.093005577887245,27.30924095110882,27.62749322506393,31.501001231797186,984.7411211252138,27.112987195703585,0.5704845730705344,Maïs,0.47434047733579865
5.480562467744078,17.476162614221778,13.634238767400491,18.169725248644948,372.03743061312156,28.631524682020473,0.7156436330021618,Manioc,0.28553602538452355
6.774636663142838,50.55604466003449,15.073823990602094,23.823596589717887,954.7237343392993,24.314010772811546,0.23290033979289498,Maïs,0.4848826501185777
5.872343137664808,34.092946876375485,18.46387884854119,28.88399892517907,817.4416176861766,28.739992143852383,0.478271848663423,Manioc,0.41683100677668783
5.558503887905715,45.34152417488025,15.636369601620395,20.614246271636855,813.4032369226265,29.269913195057697,0.25337181354105565,Maïs,0.4152213050361287
5.688603717400797,55.07513689836922,28.60793774641457,30.977249158310773,1154.3198605527618,27.983756990434856,0.3882158535664909,Maïs,0.5576485414840558
4.811072801357352,38.67774031465848,23.392869821743787,16.31547176192354,630.9704341336453,28.95967451639854,0.3463181343313324,Manioc,0.38555934172815837
6.448357076505617,46.25224502647907,17.66957467997648,22.232451591196003,1026.0530408203035,25.828877962650367,0.31675820090590756,Maïs,0.50469834406661
6.247007417250544,53.911038911930525,26.418142896618015,35.70613632958004,922.1731142404576,26.790669699453634,0.25155845725696585,Soja,0.5819071076874605
6.270943253454153,56.74178435404426,31.06003632112503,31.37206361132539,1064.0984499647568,25.10219889388161,0.2800286891587505,Soja,0.6285143530709263
5.700321659391763,67.3811428539955,36.141535464445326,40.37424489120504,1177.0280124485425,27.09940712596053,0.2805402681893426,Maïs,0.6612712412612083
5.241032399481291,29.639535649408916,7.131854889415077,24.37271780550911,961.6840231141213,28.081492442837543,0.4331604349213054,Manioc,0.26682772755302503
4.962178236287769,29.219422350850856,7.719767533267833,26.28386071863661,841.4974856331313,28.771722676133898,0.6037701906836372,Manioc,0.2471355578001041
5.873335383713144,50.863640187550935,13.566597884928148,24.759423415823193,946.6947703993594,28.463451852516762,0.24192798660585202,Maïs,0.44700503258258617
6.0212181942003955,33.509544567567254,15.38968648279105,21.363323340744895,688.3958691661919,29.646019994349647,0.4994938181760652,Manioc,0.40419128760416534
6.491642494306786,63.713530256204486,38.14446499788167,36.8631845767373,1175.7615619688468,27.832901458805885,0.24484396816773507,Soja,0.724746180633195
4.303217668218583,37.086273711020745,12.003221474735016,28.19909146212744,903.8456739231726,29.652021650938003,0.5002689199610496,Manioc,0.25620462011597445
5.787719390894546,35.40689732802989,17.53293835848638,32.09654359313163,1247.3565064160634,31.328685866943253,0.6384332016662038,Manioc,0.4084548192109858
5.466184591240158,21.958231677660226,10.755476718147676,17.166251072666874,943.9396127625635,33.52467665616358,0.6307013903635388,Manioc,0.28105652116384466
6.613591624518012,42.90676322848134,15.328197845355017,31.30079666292744,743.924776265201,27.105038289683126,0.536681337489864,Maïs,0.4697019970387752
6.23490104249501,36.125078221978995,22.57206519664785,17.271096080770484,1000.1657772272782,25.68620193314059,0.5302327600651449,Maïs,0.48353957111316714
5.701984723849561,31.024678712548116,21.61463080167766,29.894975148145797,596.5790061735893,28.528404073877258,0.3914598703602573,Manioc,0.4140294689958912
5.570053860175302,23.304100084308356,18.635612407427466,26.659204308724476,1062.5993699538444,30.975697572940284,0.5281016650620111,Manioc,0.35171002186610767
5.845962060099494,69.62329809201395,40.768764891067946,40.176557373777534,978.3053142312009,25.185987317834034,0.18241195638920915,Soja,0.71520738046125
6.501446006031302,37.3206379252757,25.384011789485797,32.40001853248271,1231.7471476375256,26.564790470970607,0.04204118807075641,Soja,0.5296752722789719
6.377124243601786,20.3482202876681,18.805870195258194,16.623952826327358,437.2600570221722,28.054113755456708,0.28052774546031556,Manioc,0.405952170029812
5.783090501524983,28.090190365665123,13.426992762789755,5.0,1085.4222511581365,26.479143434276693,0.6994370482481165,Manioc,0.3497353654773103
6.975575987761261,47.98752908365686,24.892400364012317,24.634163473416145,993.6447095206164,25.57341944589123,0.3195355941719895,Maïs,0.5298887753716658
7.16138562011667,31.734401087421066,42.562822630137845,38.64386320363605,1065.6119913955433,25.917030744051395,0.20915623987273405,Soja,0.5794786812981034
6.081590696629996,47.68592278863257,22.491973338481362,27.133897376076145,1256.3266865802098,25.705001611573408,0.19060592374153168,Maïs,0.5158947469451505
5.639442596028372,28.37387656507505,20.559766804302043,18.768817808114918,824.502434133652,30.037184018918456,0.4712817063942743,Manioc,0.3910208909537799
6.83577754749708,36.94129933503811,20.508828291553304,30.547794415969168,1114.8475036162947,26.67531596054295,0.34788529687758313,Maïs,0.46613089124756946
6.070204324318198,39.512750922590385,18.480812382616385,23.870753775710746,822.4080120572078,26.21975677990799,0.3789771643203076,Maïs,0.4539727177748689
6.2141591880652305,43.36933036056236,19.766085682372463,35.56039241397517,967.0091587950034,27.07681133459913,0.4983495661476506,Maïs,0.4898776522195377
5.321687342296432,13.958462573830504,10.76800847111156,13.343436258137626,658.1043323405065,27.798545779141268,0.42831198490103284,Manioc,0.23831031125959173
5.916188834818252,18.319145647826012,19.21895012940788,29.424698948497397,963.6717314048649,31.13870611733514,0.5267333292783007,Maïs,0.36413639306311185
6.429590039614219,50.16178287114958,27.362186136334664,17.97130097182243,539.1289690793791,25.80177628892599,0.2577494703055343,Soja,0.5886934491797945
5.6703932390555245,70.89563642018614,18.76526378110613,30.753149350037265,1013.5834223665979,28.003952260160865,0.17291554535854828,Maïs,0.5467480008005559
7.006855634529324,29.821262533191906,21.379412654258296,20.67715240456247,965.4376085784855,28.388494320520014,0.31801627847474434,Maïs,0.4309132999912663
6.598321189980009,43.47264188304609,39.62625340325071,25.740334435335697,996.174464222081,27.239509101234233,0.3691006549750692,Manioc,0.6491457365551611
4.892133950375294,18.063769298748532,14.71581573896525,12.276830318936621,984.8950618837148,31.290416374521172,0.43138074377734437,Manioc,0.2485938477774084
6.3672283949935125,43.65720837813696,19.731952605890697,30.923765265675804,1057.4884009639477,26.29101240341088,0.4110812109256643,Maïs,0.5030014714753432
6.558771127897981,55.29960817581161,20.356041509024173,8.126449383602012,911.4582312317327,25.490795337563366,0.38452034518248945,Maïs,0.5589613019842826
6.183436513563102,38.8234810456565,16.502355396617652,33.92062010794049,752.1547252546234,25.479119123627974,0.05131737819648022,Maïs,0.44600491283858246
6.448999145622725,32.45710576830751,17.520529920758566,20.284111816809013,758.9621677105101,27.21821089848692,0.3035755398145709,Maïs,0.44973432756732856
5.491358144873216,48.807277881635834,26.531614232304843,30.444344153727478,768.5961328157166,28.804034229103,0.24665890799020737,Soja,0.5023226269210975
5.78542810101442,40.272465656797294,16.212250903179097,9.829726007087183,694.806240556117,27.00559119669966,0.2855062433779023,Manioc,0.41772797558802555
6.068121032711645,22.87583718776976,19.132265554293813,6.527967857630683,647.1048554510651,23.29946643808687,0.3084089035001345,Manioc,0.3934786326854053
5.817949118260359,57.541509042229414,28.37915354238293,37.3494707401707,1182.571205473729,26.372894245256845,0.38070354319548777,Soja,0.5759818445869426
5.204970369235732,18.75473301245384,18.44356372277385,22.352131194453047,1041.4394125189424,26.140354334018568,0.31637524798038275,Manioc,0.30332523465792804
6.106564177919321,28.92440135631026,29.100962001339568,23.32158363607239,1048.9297204383709,28.16249384627909,0.26543246419784655,Manioc,0.4924135375478122
6.769297216557931,45.9608294591543,46.18126562710444,36.02702815430965,969.8306072806115,25.81689131949419,0.26484953058011057,Soja,0.6926789151563196
5.394085058787972,16.535464073792163,15.623316967037784,27.511270656316462,423.0012451913175,31.479063805040276,0.4349110341932689,Manioc,0.28934835900853945
5.4389787205175715,18.336764384222825,20.52238851918733,15.68456164977265,865.1434105449779,25.521578622945277,0.2776739820576205,Manioc,0.3354702837332144
5.962527344419522,39.713833182502434,19.776951408459826,35.636031694225885,638.8270473475533,28.30611800423057,0.3931474205668927,Maïs,0.4555336832777903
6.328800068079741,26.087934675582495,17.465978442449394,15.65760822626428,811.9054007268203,26.600591468346682,0.5378987653468172,Manioc,0.4148212885087015
5.9564373081176525,42.58742345381457,26.503475005130593,29.70186420959025,1112.316846948971,27.11293172658326,0.2640364732002823,Maïs,0.5150069644185062
5.721043192877626,36.24241403437844,16.64911530434255,9.567974577306897,936.699591288065,28.74892715076902,0.44747980260333897,Manioc,0.39998518074996925
5.799248876850086,36.307403445040855,2.5380517420846633,12.707252987310833,659.4551087157812,26.116102072575643,0.4598896662868351,Maïs,0.30427835605465375
7.038379994577132,52.288201559773015,17.343139322408632,35.725252495440486,964.0215467586493,26.83306884338051,0.22310469321005563,Soja,0.48699391802882414
7.369423645234671,41.35754582038702,17.03360247823087,29.423936897031716,1177.9445638136335,26.605516008235107,0.35311304346805233,Soja,0.4155319291611581
5.849481635432267,30.11435312579304,15.7613468790375,32.6384556592124,826.0577884011752,29.17542990751242,0.6240372197744428,Soja,0.37987019087593654
5.893605654757807,47.653623493996285,25.99250094215067,23.939885671424207,876.8549868567555,27.482727367885033,0.19422795537276055,Maïs,0.5260866961201112
6.070289296458971,53.62995678687423,32.187606163368926,40.030279422583746,1072.0771907947935,29.509213175571446,0.15988626092683839,Soja,0.6084633884059305
6.427827047533145,71.7988412940347,22.583369907140764,32.35086241080884,893.3614874616077,26.79884753559054,0.19188504889280983,Soja,0.6385315257152284
4.361080833389815,26.322072257606013,7.844429286143725,26.288138326513668,1068.5497506490954,30.351875113590122,0.2366049796178394,Soja,0.18862283294160612
6.848368878387859,63.99466044934154,31.221609630820566,25.764036206731557,1110.9501377867407,29.88726222022274,0.15711175415898343,Soja,0.648496815247777
6.92078431032895,56.61878302608191,20.85698136401313,30.18156999203345,865.7993005336691,27.233762174338576,0.3719340823586045,Maïs,0.5387866051010246
7.394723468052353,49.91947011717116,28.14343294184626,31.032382996412128,900.4973282295678,28.210543963483957,0.2264211681739297,Soja,0.5274601592023191
7.1205539082622815,68.1888767506476,30.581267398693125,14.908837468090361,920.5622692742958,29.55989090860181,0.17445392797989473,Soja,0.6384819124831281
6.435734178567998,45.768518829587684,19.221031827487607,33.9134206304719,771.4388396488265,27.788977298972036,0.40240187728081755,Manioc,0.5130356639361193
6.261004907322681,47.85554074857657,24.735425171024218,22.227714246956673,946.0608810095222,27.206791034621038,0.49644988895912906,Maïs,0.5471621107572806
6.339984313159911,61.122206282554245,14.2770185884945,33.584906459270364,835.3719820043231,25.660730963280976,0.31861864114384275,Maïs,0.5295916445995018
6.176539710560408,48.476764835383364,21.45160265494531,32.56614306127161,854.6688351776666,29.308727631074063,0.12280113317783359,Maïs,0.5190464622360285
6.577645621620207,67.54963498839419,28.435450577924428,34.12913924154667,1193.5569199051802,28.16777593072674,0.2104859891373786,Soja,0.6638714764224479
4.680441059241343,21.329535982286536,2.38271318743765,17.713021960167033,1099.3476067273011,28.67687859128341,0.6598646218895121,Soja,0.15508856992639855
5.488873145201163,56.87679388461564,19.001618943090214,26.429767203853267,1012.3739944183014,31.24764572558224,0.4082725679932143,Maïs,0.4791281347020792
5.8570117482628685,25.818620877054,20.569311989911103,22.951337623265974,1047.0949399247972,28.4997893020369,0.37859849999687234,Manioc,0.39850512026978013
7.147286645610284,46.936286159758055,25.66715702115033,32.67399241032323,1267.31960731274,24.892359608350752,0.2767621052562665,Soja,0.5176539743550298
6.6820435841441785,50.75205016106566,31.56665435049518,34.70487741775787,1016.2620104566336,28.27421605937957,0.346582295478568,Maïs,0.6125267876187643
6.421909714073115,57.897527540827454,23.031036038761187,22.932067677801736,929.2231633089162,25.994841644750746,0.22598695661763507,Maïs,0.586950079387261
6.490470705987695,46.295919510222916,37.00745389799535,36.35294943357809,1092.0582539371776,27.861744198215604,0.1113620927784216,Soja,0.6483174417544452
6.1089537965998915,39.60297476348269,31.491634024082796,40.765420556867205,975.7984174342059,25.249920282997405,0.34112131037953763,Soja,0.5516728969446012
7.124478047472673,38.53772690156197,13.769957816617204,35.527403813698285,883.7226609138764,27.885880131667253,0.5402912961173756,Maïs,0.4004616428643927
5.815321828637402,55.50301648286351,40.458036733952824,31.050521765350304,841.7951059629954,27.956580087352133,0.11510496552820285,Soja,0.655298351948373
7.665052133160479,52.331270187044126,28.266719244909844,42.10629996908923,996.2088339235567,27.96291796781357,0.16668622198104394,Soja,0.5161564927289086
5.993143900513375,71.42348107238213,31.60711177882991,31.100227862622376,871.5685706973102,25.73806743462912,0.21458787643226496,Soja,0.6676552619908668
6.297562800495408,45.97318556167069,32.76166523613313,35.83321324207329,1189.638931337409,26.589176324827914,0.27769131957997034,Soja,0.6008674570979738
5.200899657733946,59.01598592946429,21.711468956015363,36.90799114049999,1112.2271129449612,27.404382071744052,0.34527159112106715,Maïs,0.48408353559154726
6.364730430235291,54.01669021129803,33.78579747269144,29.02331612129974,1020.0319121115176,29.44203248633975,0.10110124973620743,Soja,0.6451076540428416
6.059107695569747,40.08363814367953,21.765882883734736,24.620206864351573,1005.0221064928163,26.84635325454407,0.30994942238064477,Maïs,0.4791133339469955
7.617374579076294,65.15254010667289,19.51498927654373,27.435596919337936,1094.6875022498969,23.057794898562307,0.07280402957659615,Soja,0.5067032685844958
7.072844518748577,54.052879890705334,21.72928472668891,30.379670611134127,1085.717232337283,27.519041727564574,0.25698763835964833,Soja,0.5229084828707365
6.0650625323533145,41.80946064333382,23.546515240856504,35.681101312805964,985.9441277358496,26.743552976281066,0.1391413630360276,Maïs,0.4992357796811634
5.189112734156662,28.592062205272747,16.68451631988308,12.05872787638735,868.3298101546065,27.557313520483767,0.4628215875522446,Maïs,0.32777611285295744
5.339605722670425,36.54366848537784,6.583089334785871,10.95583635173631,635.0050351945615,27.04368207003534,0.4879314986273501,Maïs,0.29773198731365624
6.649799937716626,65.61503576636397,28.490600366036972,37.75418169267102,1083.3730737181709,26.106295489235364,0.23806600297542782,Maïs,0.650934797909084
4.734079523728523,17.944056919618887,10.17086614552018,30.361188353562746,938.0712841081464,28.586944470627,0.6130138465539847,Manioc,0.20255885325465553
5.768004615160092,63.99881934895215,15.219583965757852,37.49608370079588,822.250673849841,28.23711913453329,0.2942640899538252,Maïs,0.5019078779570416
6.583717364576454,38.37099082449052,26.97839450727505,35.5738936647496,1047.849550726502,25.12156143984561,0.4787519291337179,Maïs,0.5387495453105142
5.045438958442957,29.60117552270489,28.012399374371565,17.57525824246619,1145.4706340260027,27.746416303577593,0.4357274231914831,Manioc,0.40228424409739066
7.2276131233172904,69.79502304012979,24.640427003282355,29.415617210203894,1025.4685046717236,27.156348021451727,0.1632585670760925,Soja,0.5931627153244647
5.777559944207657,29.258392226663897,12.233794990801004,7.703791990976567,1060.0730517067655,27.56481050752896,0.40515240039422384,Manioc,0.34521705771068645
6.708865462463331,28.891130045385317,20.042079849714955,17.863969905863748,645.301126376844,31.409245925988515,0.47721885104138084,Manioc,0.4414285772406161
5.675787508752199,46.48683197292378,19.076620834045073,25.70420680346359,790.4506414534809,28.802934457888266,0.44903076088814403,Manioc,0.45400228425766176
5.221073185226316,75.95084358622744,29.98359617795336,37.538920103030264,1170.197205814473,25.41082240162081,0.17483637289807136,Soja,0.6118301404838513
6.499932722885931,65.08681237350007,23.716876966701967,31.855713049401043,1124.2428655149442,25.407487998040313,0.20799139950657836,Manioc,0.6262684027887508
6.755087913591419,18.873729804237797,32.40088077156423,22.46813498842006,1149.1038320177124,26.476148741231448,0.3207913339053505,Soja,0.48808948884286474
6.155373918764541,68.2263438252544,26.583046039005133,27.158467485141305,908.9484802113457,26.14044176697218,0.3570351835363761,Soja,0.6317404092189682
5.450206677068648,10.69105342411223,11.411804311947296,18.670063421433355,758.4471857773322,26.3175469362571,0.3305802741685568,Manioc,0.24048057257882358
6.578227163960559,58.068394456577714,27.817210629878126,37.99489756770311,865.2379881391395,26.63172231897759,0.2739290114780356,Soja,0.6222771513503157
6.348060138532288,54.190764829877686,20.32622241800915,23.99777770630757,696.724221789725,25.78499151337421,0.20104655882819736,Maïs,0.5469564849958966
5.322358011202197,45.105841375498784,9.479272716680406,26.62126007788159,699.4130674873769,28.780584385048535,0.6174646123173311,Manioc,0.35080754495262434
6.1979311559196555,61.17568287977391,33.782618916517265,32.10844084054198,984.9121694221568,27.89229956108034,0.2940944019922617,Maïs,0.6597306573190573
5.889520225892711,14.36883841847299,21.177158878784006,12.041826256546436,737.282968947513,27.847743074294502,0.5046902705557248,Soja,0.3607429603994828
5.7245253769332445,25.79344820333753,9.481207186988417,41.43702955120003,945.7722910014968,29.073175350423124,0.3181270201359681,Maïs,0.30748805247403144
6.255461294854933,43.70179300266574,25.08552853610701,21.364750979117098,986.1860372610093,27.674867768018697,0.16550788191645005,Maïs,0.5330145195102296
5.739038565218235,27.404506589082086,14.910360158751006,25.75462081463551,852.1612061584799,29.143619751463003,0.3263666340948821,Manioc,0.3542755289992219
5.319356789684851,2.0,16.305922706398142,23.861702084449103,995.4209436530548,31.61568676622348,0.45142677599114917,Manioc,0.23148450960873057
5.526433950016983,63.647326584147194,36.03154203626207,31.16633389480799,1208.4349951801705,24.250774227454706,0.34195605468628254,Soja,0.631965117368092
7.4276500699554475,44.90699678861385,17.601062817340022,28.69920868086449,1185.227364429099,28.2143605300815,0.2151951877952393,Maïs,0.42886188503137423
6.671606541603065,54.948974839360694,38.85441126480612,34.57453042166559,1006.4228699973905,27.101744771711715,0.3668232599019462,Soja,0.6825616079532425
6.520421430633505,45.19147777415752,30.934678649969737,37.03891687311115,911.2737292952849,26.70891640754057,0.5492812127483944,Maïs,0.5991381456704723
6.763335460771083,41.40392121062324,27.714243776365702,34.539940289090744,824.2684634673323,27.128039584056175,0.09923191618437996,Soja,0.5415684655781516
6.293383382238539,48.77100393902187,17.75424463106784,27.668405082188947,1255.381030277269,26.06807284707491,0.4345160428337253,Maïs,0.5027615308917305
5.837184351589598,29.31772862658343,8.958482421703337,31.095679122186244,1094.2753132088624,30.45551068817087,0.2265295401952239,Soja,0.3264933735585528
6.701766448946012,35.960923585352106,22.227627012685613,32.13295442876024,944.5504087936488,29.14583028740966,0.3094127095300404,Maïs,0.48546933316732777
5.569258498680685,32.946168844579994,19.879184458119088,19.609789883995067,702.6625961041,29.08463393317791,0.7088997003141506,Manioc,0.3983527602014225
6.03982634590284,65.99721789166516,14.244247917086424,27.883727603718636,762.5269490615954,29.435691112064525,0.273512549164996,Maïs,0.5244017674747337
6.2199139186178884,19.421582457204174,25.52543319667251,20.578761738553453,848.5286649313839,29.966126325501715,0.6246713770575009,Manioc,0.43842741304297944
7.343075662571672,54.9329543923818,30.972829566542988,30.192008831579706,1048.7321230927826,28.07081572759218,0.12652052487814802,Maïs,0.5716890358599865
6.72893080864748,48.1731417629269,23.84060616693804,37.84471080940219,985.7532770227109,24.936292016090018,0.2221396296775165,Soja,0.5427271306759787
7.126139092254469,31.301970204209223,15.882013967847307,23.55999906617418,772.0495359335218,26.86275297871154,0.5025057666284152,Maïs,0.38733792012274526
5.430344403422379,28.12902779958184,15.508278807830147,20.76486035290062,945.6759627076342,29.560789923284158,0.6930238027435061,Manioc,0.336743891112805
5.790155067241686,38.50720901831046,16.493624161617426,30.35453894914132,890.4096219289746,23.273636663114544,0.28756138771456574,Soja,0.41324260112379574
6.527182828177029,40.1693894831656,21.438182867564976,26.205615251392555,871.0202469355936,28.522615113222713,0.3692486620602167,Maïs,0.5101715742663286
5.591898053244214,27.216862990136764,22.54761996349427,22.252667240686673,1032.8871843466507,29.447364773123986,0.5030519063836573,Manioc,0.39709323927504714
6.209209189594776,45.436024463724536,10.526470147481339,17.200377472299703,763.6630199676156,27.300495254104906,0.40696126819262957,Maïs,0.4306322398974499
6.698136169220431,46.35804515584217,27.064808783108663,36.65580896537843,895.571703021658,27.078981097847826,0.38934952970475234,Soja,0.5614495019635051
5.946528412314436,40.429037434137285,25.348837087111036,11.267869427713933,888.8809839062598,27.25237915249543,0.4618962126136115,Maïs,0.49741153580587394
5.02817572198109,28.002015531962094,15.220323174564689,14.346054546861176,715.4075828288327,28.185930211606774,0.26360697825826274,Manioc,0.30198792275607633
5.301609712185398,31.526931360210263,12.98583285762598,16.03035299406794,481.2097755793072,29.391116611744806,0.37387029847113473,Manioc,0.32145808447089963
6.6678391965737305,28.165618077790498,23.40414672611889,27.52313602382433,877.6529643595545,26.52057476625188,0.2301526399088385,Maïs,0.46622815487591956
4.8025954176659305,23.638342918599268,11.535214977343925,5.0,624.958885216339,27.191300335317628,0.6113901184051199,Manioc,0.2401864739763449
6.643982138737138,60.28297636252478,18.34733810482141,30.597960249650455,1056.6611184013902,25.10033857839725,0.1859045853648603,Soja,0.557077617411888
6.567788900211405,57.58654762011942,33.34515255267236,40.328529419841814,934.4621236725318,26.506417051186226,0.26935948232809276,Soja,0.6612714739145625
6.614234470219205,49.970394476933144,35.94567104164328,29.5499799161259,1144.3522146490434,27.491846805193255,0.25998136688216417,Soja,0.6466160403044432
5.559847800664553,46.647608412365166,26.236473482890787,20.718643961288713,1000.7536162903939,26.85652892394137,0.22439418823819907,Maïs,0.49722006874870084
6.662389289838706,64.7271396777831,30.95712859110057,39.835166517120875,978.5946555679931,27.73621430738147,0.27339149163733895,Soja,0.6643231618577414
5.255307976750235,24.08684775965005,19.68190067308311,27.545273608001335,1044.672456380572,30.925512234070773,0.436828747254772,Manioc,0.33716978669140457
6.495771573652296,23.381854782721454,21.26867393109867,16.218461778211427,816.9031666988809,29.53247513348967,0.36218324686200476,Manioc,0.4451447472804572
6.172256153486812,28.235666342672186,15.669709414760066,12.622245782922281,1117.3937840539224,24.849340684127075,0.3949284643429153,Manioc,0.39768312965859487
5.036919736555348,23.887073495572917,22.77141220805513,24.189822123310826,724.2225437576283,29.62079530105306,0.3764713640656968,Manioc,0.3412973844210537
6.317807279054283,38.882309090947146,29.582240065928012,27.93498006902529,1335.7992976242454,26.5872591444032,0.4248069468952067,Maïs,0.5517323223719401
6.213873464558402,50.54569658486169,33.62239432016309,45.98891655534102,1129.8353812961075,27.863679202776183,0.19058763900344355,Manioc,0.6182846760493979
6.270945595308617,78.00711441404886,34.71421213009056,28.20533484761613,1108.0824858724748,27.516135940965043,0.2990841625492944,Soja,0.7381269850588729
6.241358513492165,51.11690714462762,32.68551069478749,30.474706098271607,1148.5671721953877,27.50513908284704,0.22241260441834598,Soja,0.6159302039042078
4.32389990732044,14.705520253188565,13.217864397374607,20.05587933004751,1071.4549130259238,27.093573969679277,0.42662863767271403,Manioc,0.17915434115744294
6.329861250860741,48.67287313401341,31.46870834537311,22.853592756657275,1021.3382653892874,27.529399424866444,0.3447177823776066,Maïs,0.6046405846191203
6.206500945938954,38.309272613400836,30.785063432514626,15.181985851631548,1156.7704441192257,27.26446275733294,0.3557101485747604,Maïs,0.5493003605846477
6.872306252092018,39.85747067969818,26.235201410944843,25.875558738750208,1151.8191126312024,26.87346928003863,0.25361525279258273,Soja,0.5160906956112519
6.0755179257604635,54.19228934575204,21.706616899155367,15.03710087897739,916.2720416307723,29.453885595179347,0.20362669992560226,Maïs,0.5351583358166309
6.5608360320216175,54.64851633097457,29.203189950843235,42.65238552546961,1243.9755882117013,27.027100499125616,0.1415907374715238,Maïs,0.6203372490761383
5.3359977054897545,39.89196727638219,27.30758907550136,21.375353464453664,963.6725080833205,24.542008691330164,0.18073203207204003,Soja,0.46065802095867314
4.398955899514243,18.13744753296438,18.396865852870604,15.760056546372198,758.4720249527319,27.587690243682953,0.3779369670894759,Maïs,0.23609236782059279
6.742640975583747,56.568926308219,34.99400318212,34.37538864166021,984.9743914111408,25.437299612792266,0.427088220766044,Soja,0.6552485523180338
7.427256640432517,30.85622361153156,32.9845747328149,24.855743408329033,1008.112678976295,26.01895083613488,0.30351210087995323,Soja,0.48539285838438734
6.78881978589332,44.121906628806755,39.91137448344874,25.40450865460091,972.573698919629,27.33647461169177,0.22618304576240283,Soja,0.6385096736616926
5.97055786856553,50.844129804724844,18.315264609950102,28.900322152834764,770.516310707497,26.879157586587716,0.2987577252110716,Maïs,0.4891048247659342
6.031831888422004,63.381193384755704,30.227374383272707,36.27843939371921,946.374530555121,26.493987714276905,0.34456674478849114,Maïs,0.6293123486505467
6.340495933867516,29.743436854299052,26.54073207992189,29.001341389152667,962.677771372299,29.673230162506574,0.3300753878523962,Maïs,0.49578458323811225
6.4372893643135844,42.24759669366521,25.932528899579832,36.00436662834701,1145.7977937925084,26.548062231147476,0.4939334278719266,Soja,0.5480106813134569
5.761583713737402,35.26965600385736,13.495323535149334,21.29210799390726,897.1502623528953,26.135564627594693,0.54312449179348,Manioc,0.3765798096529786
6.131947695654589,29.742955880651195,11.255941644882114,21.781728500807716,1142.34436675925,28.37810292807693,0.5563544662977457,Manioc,0.36837925738922206
5.522196168782839,29.48942407719826,17.927607664284338,17.771322209946284,340.99526752705765,27.506145210487635,0.4516998567551601,Manioc,0.3669359348188859
6.167930826703504,51.95537757565778,11.009906516763843,39.14868998798019,1127.1484857958508,27.790172862487694,0.3067812778158667,Maïs,0.4563210056831456
6.926767038578658,55.39904687396076,27.981152640794846,19.40089318113966,967.3736880840419,25.684758584878765,0.3730962622864216,Maïs,0.5851450020635491
6.692161199238292,44.74425687808006,23.1082628486865,25.61580905163097,899.0361488528714,26.632829811926534,0.2899460280133122,Maïs,0.5269576392425934
6.447840943986303,49.97743089091394,11.51418094103043,30.49880931486848,1010.9084183642121,26.076876957098,0.19788299031821222,Maïs,0.47463336141514245
6.408164746633397,26.33610919379261,21.38131993936777,26.835502009124447,787.2858836626447,26.362893565291078,0.6212844805452015,Manioc,0.45050262026551924
5.108367901700725,21.62360708623818,15.36943468062277,5.0,763.4656982333806,30.25587629987633,0.44976422889402085,Manioc,0.2845453572913809
6.2122550871294715,52.94264679621827,20.76484341471796,25.219632786978085,996.4842169070952,27.111591805132413,0.16971027470621405,Soja,0.5343895061591918
5.579261456093717,26.772200647501457,12.013605320768761,27.82402380798727,850.3678872699699,29.396449429886324,0.3329935262775072,Manioc,0.3180377524915322
5.810847637298844,64.58347454220593,19.531041132626918,25.187434811408565,933.4991751948423,30.175883892802652,0.12184742496964165,Maïs,0.5388524100208938
5.977853369961944,55.76007138598598,24.005058503469385,6.946573622143699,666.0856733614922,24.851918619455038,0.31731720233220945,Maïs,0.5501242230831075
4.996810924401658,8.041518278631866,12.794116546031198,26.324941750719816,690.5169533483829,26.705952653629144,0.5824387208380128,Manioc,0.20386301503603094
6.428083363321108,24.980357511702405,14.785878104622405,8.658881942180752,806.4517930744489,27.530950986382987,0.4387772369474122,Manioc,0.3990195426584646
4.485025107064935,20.144935418251215,17.042426690732352,25.587401075074975,551.0567944259947,30.233427429733364,0.48671622616675475,Manioc,0.24101545492326554
5.1660989367023635,20.421111792507503,9.318124166480715,26.516283677562594,856.0501887853569,29.921051714789506,0.2676685181923415,Manioc,0.2406280344002068
7.181490440195921,43.64751978098136,20.771133846093655,33.476706376702424,1301.697422632666,28.099162952388063,0.1884018656915148,Soja,0.4665936798581397
7.15650034956934,52.838768783783706,31.96949576276859,26.78233379058088,1032.9116426483367,23.91784703931259,0.23195614646493007,Soja,0.5856469158391389
5.828495851007152,41.90357316176433,10.384638018422113,12.36104734732739,1058.8752053375747,26.11521141482097,0.45267829522232617,Soja,0.38533672272510644
6.853571377141214,45.03046020153415,14.448970535947993,31.648959335096702,919.1558219535128,27.431106756889758,0.3494343598874171,Maïs,0.4524378452516764
6.410507962970904,54.82035498362855,34.89232654051236,31.35209919952838,858.8923779701416,26.977235723658264,0.34779082692731106,Soja,0.6599274438987589
6.253215113845949,28.375080119643258,23.929559268035433,31.45492143034004,946.8132831085637,26.1139057889884,0.1778898267343949,Maïs,0.46453741716108565
5.7526963488902485,54.37570137626558,24.707351915911048,34.13318417033863,955.6544859685885,25.542774664350574,0.4237103206040288,Maïs,0.5317863573500947
8.089927258368572,41.9364673519165,21.23312170860119,22.040792898453258,952.5280267478948,27.961747674488365,0.36166828327422473,Soja,0.39057545988914
7.48667990162493,55.005823180429786,32.40961945502085,29.63693618052719,1096.406107903392,26.682369155006615,0.1799244753020111,Maïs,0.570893379481313
5.0490394176322075,41.33175588185313,24.750320221308904,23.066900950723813,1338.1863460296026,27.02796375681786,0.05821185209920701,Maïs,0.4248063104425942
6.353718463648209,32.46189015713959,17.419205625132307,9.379940075700555,1046.0144126049915,25.71856387436514,0.5482032739512217,Manioc,0.44139660841683337
6.475026049512276,53.90198411124787,29.43750403864937,13.367879708027903,1015.2411557551848,27.075272172680187,0.22928955230459186,Maïs,0.6219847695780789
6.498700034924929,45.07063158628176,21.70582395497178,18.444847432013553,1136.6847740532883,26.708008967351578,0.3178536761768766,Maïs,0.5333436338610023
5.574230287904778,45.20886488295962,24.569900154251425,34.109770457039446,1158.6458537002102,25.302537880842667,0.23946927800433965,Maïs,0.480673237850447
6.188525687068821,26.823179234790082,38.42422039830278,23.73775886337765,711.3219206693941,26.727724406247162,0.303904259106261,Soja,0.5582907644221151
5.512111597563103,29.151344821371215,11.434038478169336,15.107873583693163,964.6919599418403,28.99506589622728,0.3423662041199921,Manioc,0.31776940350159427
6.037584308245689,49.08652811480671,14.204701819325054,33.05332439806699,1258.0728035129894,26.895401197944917,0.2288756612451472,Maïs,0.45781913966887766
6.1568093954910115,29.783955949487382,11.259545085756688,21.882537347877097,651.2315523721577,30.887623215160094,0.6583200155429365,Manioc,0.3705545964744491
6.392658689864419,46.84680305864909,8.518663996092368,25.720722634960474,942.6552453712325,27.275816460252518,0.07970774925874918,Maïs,0.43627991445870207
6.1669601006763415,44.805803941122676,16.664555030630055,35.49255612160951,988.4255908541418,29.81066185966501,0.25150114086248365,Maïs,0.4692512066508231
5.388527761017355,34.96201935586132,4.23205943527724,20.848580611094707,706.0479982143386,25.808692346083543,0.4376795004668931,Manioc,0.27843154381821683
7.366391942384053,48.1474410655079,34.01403654181587,22.631942101400668,838.355484667657,26.838016872911496,0.3013211050420852,Soja,0.5653237992421477
5.554597356405762,29.68396390112583,21.49346645496712,25.638315539511893,714.7657913202445,30.035193722559107,0.3776813573517796,Manioc,0.3961189141486129
7.205102269383175,54.26215402241593,25.878937226354623,30.71160036443093,1150.082861825086,25.51647884797506,0.25650011965415176,Maïs,0.543205225208832
6.883510916451613,62.96059658616863,33.92290242546094,25.190155010604457,853.1955213753456,26.44005913506518,0.2633020738090596,Soja,0.6612100646288859
5.661127611035347,33.96791634278317,26.187419635234164,31.41292207960703,883.96111934204,28.090809827247114,0.15948901274310556,Maïs,0.455392518212383
5.994061516938767,58.73658545162958,32.48417918749335,26.480082475376584,1084.2365834040238,25.39570076418822,0.3150658303981378,Maïs,0.6244791859691775
5.696161314450546,21.938143168924814,4.12225611506215,12.164674094278764,664.8379341279527,28.10925593571893,0.3920644366932949,Manioc,0.25132655861976455
6.314130708887405,65.50606059813292,28.969111207409384,21.17238254366466,1142.671541769912,25.79644274892864,0.32230958871534815,Soja,0.6510894074542626
6.796453679507195,68.31245883351143,22.05226073288738,28.200881963808598,1282.801953798968,25.82327201558172,0.3195969943281328,Soja,0.6031109003362789
5.679217191757719,51.206604632435074,30.285587527566687,26.427299780099503,1187.278856258815,26.46970520848071,0.052193585813116006,Manioc,0.5539250901663947
5.493699130931143,9.984645984470198,20.55338842027046,32.033703205481835,638.2027140420806,26.886429716341894,0.6587987364271997,Manioc,0.30741766318948416
6.607208281317774,45.62370765259664,33.78965560844667,33.20090998884455,934.0949985687868,26.69399983494914,0.17862005338613018,Soja,0.6145659256874645
6.964775159730307,47.332161312635016,18.050509525996908,37.489010549972434,857.4181630028057,28.18581959553877,0.38935036781677557,Maïs,0.4786293891088565
6.385161936462702,49.434432764201446,24.261880504927984,26.824001852668808,897.8306656899225,28.35990529839104,0.24396672775799333,Soja,0.5598375167234745
6.831243986853161,2.7827958746089756,12.124067751782418,24.883518558475945,1357.3860013056587,29.09985229808124,0.48668971044738263,Manioc,0.2722045770921379
6.779297789503702,46.19580368414153,16.447452243642477,22.308899394179093,931.4983903930835,25.623201295049483,0.42714786871480764,Maïs,0.47741250224371456
6.240937069693161,50.07835756289624,30.7349339328806,19.711786092442082,1009.7220897683806,29.555152780415558,0.27025438571056043,Maïs,0.597706465275196
5.97873461418307,30.975519349813652,12.900765020843856,25.610045115546953,826.6503345003466,26.685685862451514,0.4933956953810642,Manioc,0.3728559736566222
6.39961156130264,25.298961822881644,25.13350381610667,30.704678576936427,784.5223428150359,28.251375993628788,0.0546445195438478,Maïs,0.47294334086497125
5.406154554393785,39.602186518937,14.061491970629815,23.83202099273591,878.8409465333708,31.400651553053997,0.33409899140093147,Manioc,0.3691858445136351
5.12153712975794,22.932270306528636,17.646499669718345,30.773384011209167,826.45861117194,27.871585676133105,0.3012836573405765,Manioc,0.30721000650335534
5.982912199309144,27.626580058803587,16.183585605131967,23.239530830522746,896.8370609871694,29.720733210742353,0.5506889499116031,Manioc,0.3838766334730689
6.098477306978504,50.01094169939845,4.0531841745956605,27.336230381033893,619.8134789823623,26.273162236792242,0.335202244358758,Maïs,0.39276950625538026
6.271614820824142,68.28999088141788,35.94185757185665,37.451546571125306,990.9523277127731,24.522197308105834,0.20553005202550537,Soja,0.7090816534691935
6.738739620668732,80.53501689708708,38.5992654329648,34.64397534087229,982.1592839092913,25.653951733828954,0.24029281798514462,Soja,0.7753781221231507
5.893507010382676,19.955652124765486,4.101056693048772,18.833244536222484,804.2093225281126,29.391247395980486,0.5999071419589185,Manioc,0.25920957884207485
5.264604039487073,46.23204806784486,11.076380196708897,34.90463554134156,876.6670821434464,27.82758348131626,0.38325881446309223,Maïs,0.3621595169058909
5.8008513777307735,57.36130721806218,16.762233457277798,36.986718018974926,956.9009580104512,28.499941825185335,0.3809633973370344,Maïs,0.48975912086316636
6.209261967099373,76.40702327928982,29.461044351031635,34.11650135155323,1277.386785881089,28.454655033880712,0.32760028599347263,Soja,0.6888835498791716
6.101825075457511,59.223698616985075,12.414404982427406,24.619631123776376,897.3832691597669,28.797934634202875,0.07125160558927432,Maïs,0.48962383485110467
6.305241433751744,33.27040506016383,37.3730099376668,27.103614869049427,937.7287534910799,27.194374279358296,0.07902321926703373,Soja,0.5852204216356267
6.172207664544772,46.467930119855495,29.95477988525314,24.23366569056903,871.4636017390126,28.94375432870015,0.27863720519233937,Soja,0.5724409339884363
6.19156924989252,49.74305622275756,32.49222726988998,26.058949768577296,1133.3012322951593,25.764519332143976,0.13087058941149854,Soja,0.6051755286093234
5.868847004607734,31.475498481985497,13.241699080828925,9.334263568392032,722.419800950071,28.089830971434967,0.2198728558969168,Manioc,0.36848941487121645
6.267516744340002,55.57466539210258,17.79413845059934,46.74202665950308,1029.737464151405,26.68065989920476,0.16069314434950294,Soja,0.5275818905868798
6.782085031571205,28.266405311961016,25.361496243203806,38.20536004402858,817.63704940658,26.08315868003701,0.19675346059928128,Soja,0.47166114229182515
5.887590711152161,47.69126941245107,21.405434198552385,41.63839851352869,1133.5923129719008,25.1480176016596,0.12672893435114918,Maïs,0.4925250068382247
6.095398423781305,44.897043509991335,27.058326475945158,37.41749930848375,823.0655930764904,27.347514113183404,0.11055214219009801,Soja,0.5391731417649396
6.8462617231031775,37.166052704720606,44.08205102809923,25.4914471909373,727.7182947810722,24.806795053814493,0.2937498296408455,Soja,0.6369300166471621
5.338091082040673,22.03577664860768,1.0,19.026101969730995,1007.5705457218721,28.650682350677826,0.723005221915116,Manioc,0.20044574236821555
5.9923560430495995,44.16894427371305,29.634121000640608,24.435506461806057,857.0341807619184,27.86755799647311,0.4218265070177166,Soja,0.5467415318785087
7.103312315798257,62.49927388379056,37.76143662215063,34.69380533342128,1110.8409901351586,26.999852222285,0.2642451759052061,Soja,0.6696277688266029
5.35754281290056,30.82620342237503,14.883030198780268,32.69519725626473,558.0177191305006,28.523449455792203,0.2793599692553647,Manioc,0.3369359229434169
5.876531611147213,32.06727042128836,21.406928792564162,37.18185414490863,1222.8347798300488,27.14941391322241,0.20382192938027918,Maïs,0.430564960572603
6.982321827907003,41.83591550305198,13.713732381077351,33.74110730728839,984.9302131140347,28.179134528115043,0.272903190110875,Maïs,0.42432199422256245
6.371809144784231,47.33785911790748,17.297406006481623,33.48011614464001,865.7236850972452,25.482478274103997,0.06991813367876412,Maïs,0.5001230979246858
6.821318874031757,27.157518789702703,3.0861882396346747,5.0,953.8329158991265,24.932679081420996,0.34761899307696814,Maïs,0.3028296262925252
6.56632003860779,36.695555934434346,25.068997452171168,26.66389446312774,1017.6443952164715,28.51270558461038,0.4058876507747976,Maïs,0.519759533716287
5.247357218408061,31.329330517039512,10.043328038828749,19.382226307212594,842.5775948506754,29.079239281581547,0.4713932089003324,Manioc,0.29503046884577233
6.720957492160749,68.28774003208929,40.9103856187397,22.71295723232803,951.6111967611195,27.97647905231748,0.3450922118521166,Soja,0.7456579685204456
5.998654485552565,65.22929517785612,36.38908769183866,28.083582286618928,1070.0758380246943,26.337491152508917,0.28453095561647707,Soja,0.6785178640226521
6.446658950440445,23.643257860213044,14.575440170664566,29.589241352054223,961.3364559005057,28.019175993196583,0.29505022452249563,Maïs,0.3937534807977663
6.69813340972357,34.12754061137197,17.697903105232385,33.75947946583802,1140.659798901055,28.59784710385157,0.1651345913849287,Maïs,0.44577958020279645
7.276717531453875,45.35184402454904,40.011209205331454,25.619348802429464,930.8287251671624,26.92954394843751,0.13878981060519918,Soja,0.605009798937388
5.408048588257138,65.2360621922964,25.03579332073519,24.035237861496938,954.3785755903351,29.840383294296394,0.3908438478064773,Maïs,0.5490551371599754
6.264954713090983,50.30800670171634,34.16126537087259,25.553009662047153,1020.500532719336,25.823232398335314,0.3538298411769601,Soja,0.6253453254124378
6.525689808284272,48.59745595139135,20.81174212993117,32.87313495326217,1120.8974477930792,26.54423432664615,0.3277640437975942,Soja,0.5387049686582265
4.895478622567912,33.32501244723818,11.275106162574723,14.327768781480223,827.2189198407584,31.879342923604653,0.49851785463905857,Manioc,0.28360554988836056
7.584327050192291,50.95908363942525,28.024883248087747,35.43246572602966,1000.6566215047,25.889673679279,0.21294035682246498,Soja,0.5154977685518526
6.651375145473219,36.78855930156848,11.315493238841006,24.7015592149425,618.5667977155451,27.006446146519934,0.35900040888741497,Manioc,0.41369145325907203
5.34174338071957,22.77333018499195,10.84356052259055,6.412395452797993,689.2435012267326,29.970697845883127,0.5934824192680903,Manioc,0.27492612619321455
6.363463686882081,38.77350638265548,13.790109767003138,24.61078234125884,785.5669512697152,30.714510581877363,0.26514702215866204,Maïs,0.44056479987815
6.240798666835383,16.817492467725515,23.02467250876951,20.613862875143656,814.6058897329316,31.847357714588654,0.08679303721840825,Manioc,0.41180186795842383
6.251484265317568,37.21512069421088,27.751934690088905,35.95214488343371,1120.7496483388445,27.899065832077937,0.27270157369559056,Soja,0.5266498477887631
7.158760274387303,51.65072972368064,29.164834817378825,22.279433964829657,1191.893658912738,29.513466659087854,0.25928045460564286,Soja,0.5605048363363663
6.748147682751833,46.198454905972426,31.670089315514232,39.54340976404566,1198.134786519445,29.75548117008885,0.21425071527282719,Soja,0.5901842377410061
5.982144847401791,32.496030174242826,5.668770325752053,19.375127919097682,824.7965129313267,31.142622317897406,0.5621993097940801,Manioc,0.32668668639365517
5.761310471840595,23.450975113118254,11.426679415795038,35.54061743064506,1030.127337341301,28.67871060817068,0.5281298538842358,Manioc,0.31536490724597604
6.41141752755569,35.71442549580959,19.652666596622957,20.12726926719705,934.4705890083421,27.419090354254052,0.3387269037447363,Manioc,0.47490786752279
6.510133742994939,40.39644907787776,29.75527512692634,20.868496762684018,1039.8632793754944,27.0751166964017,0.07341685038254064,Soja,0.5726703973181624
4.747190032808871,29.4161191090577,12.666905159121772,26.663563542600333,529.0881457573332,27.579215659046206,0.3013708868974928,Manioc,0.2665414923524929
5.414173512916056,23.261658806845695,27.22884784556842,14.999140634450779,930.3970717223742,27.20819190994542,0.6422967543565029,Manioc,0.4013211247015005
6.532102179871492,55.87362153234771,12.5680280413657,40.07522635025383,918.4538186209363,27.734550532711786,0.13333078040607335,Soja,0.5069244554133184
4.881225222595602,32.1593868645371,7.889707514160344,13.475265830246801,589.1330366052225,28.3444967298825,0.29384921725743196,Manioc,0.2533848903881536
6.608707124499115,31.829996791311004,37.72950164573821,22.002864571840355,1066.5130239249559,26.44339369401975,0.17272611970499763,Maïs,0.5890552267550675
6.558777020425423,32.24797726098533,33.40697371227849,31.39483446152585,1007.4836534452427,27.476799522906447,0.20495811134323452,Soja,0.5633724192052818
6.587317026714668,51.73181351269958,25.319507319908702,26.632267541760832,886.4164936516471,27.002971551368226,0.13824050587593972,Maïs,0.5786826265438936
5.110454278910868,21.893547425615004,19.53417073186463,26.056448014555336,639.6747046527901,28.180112123010534,0.5818960939063464,Manioc,0.31593608225342107
5.45626648463774,17.22220919861354,16.738367711224996,19.177860308099202,849.4028319704914,25.838096034885787,0.3481943801832583,Manioc,0.30508506122312556
6.7099350711869725,61.79758580931441,24.304805219488497,28.584981333915266,1347.2648718593427,26.740953450904705,0.050116246740078,Soja,0.6008777006140479
6.923488942176867,37.30857650212702,32.00334466930682,20.590915564508432,1105.7909103813224,26.243891412026763,0.2863724922251458,Maïs,0.5438136396044954
7.2359591517111825,51.06315555562388,33.89757162779446,22.506949331340756,1237.4149163926277,28.114613829930576,0.4103369492007377,Soja,0.5863145316339098
5.001641025218951,39.45234997763883,11.32512449371367,17.92250509247145,1088.3417824861967,28.10593577182592,0.5344468772857284,Manioc,0.3164173057627691
5.540411397324781,6.9126480851334335,11.531166962516249,21.66282590510117,604.9526219589432,29.615089015940413,0.6240072643359613,Manioc,0.2337889142117391
5.210600887716105,28.58312215111043,6.692095054110039,26.915131979253317,932.9418870563711,29.27104261126454,0.41347783955506495,Maïs,0.25707735801841186
6.964684897564875,57.76216967475064,27.857304246682407,27.29334848755252,919.8945576461722,27.521156736204492,0.2513004763983309,Soja,0.5904536952610873
4.9092640054957135,22.91185042749015,15.108565092424213,25.784562593084626,684.2329261779221,28.628616062021848,0.621274639160435,Manioc,0.27176409204171714
6.605796929662685,34.176271556886746,26.193388831770434,30.34806483147708,1032.2495047667683,26.62229911989994,0.4004112837700796,Soja,0.5148964141361934
7.405038061594825,58.27352063543176,17.74223975889376,35.95675114663613,1087.5950302342405,24.597191225413283,0.11862806552068392,Soja,0.48395345003140855
6.676881914772353,59.889016415823704,22.02993486385932,35.91728222883373,1302.7496242776294,25.079127066670054,0.28429843413591066,Soja,0.5795812481864834
4.246525201343151,35.532920391703065,20.446361234655495,7.834227762927041,1048.422192125372,29.58845946514841,0.30374679225922285,Manioc,0.3067561849072136
6.489300870907452,54.09577310488532,30.0294736461305,35.190192403939164,997.5763119418069,27.448592478506544,0.24601132476328985,Soja,0.6281725192483365
7.117399565263118,57.9815490535755,34.00126097564981,34.94154466657112,1050.8009793538772,27.879952208846444,0.27253251795405053,Soja,0.6235996849335709
5.716973055447312,41.47192246465771,11.575019249368037,5.0,965.7895630486265,27.366902141824667,0.392991952409954,Manioc,0.3833501009063983
6.551053797413932,47.329406310559335,24.935939437858384,26.833861361070447,1105.4934411513073,26.60051560758282,0.3218479738680646,Soja,0.5615928333076097
6.438520413611561,40.12771435886448,21.514729012807233,16.580654227080487,981.2483762938389,26.094807147560925,0.4269361209050302,Maïs,0.5078193767900644
6.202958146697276,65.95936741648342,24.957418015723423,39.34988844833531,957.3964246068921,26.644442200298197,0.1327793382144387,Soja,0.6149081212826357
5.511684349539193,38.06140440454437,12.716504276532435,13.934689444000576,692.6077350829792,31.244189149086047,0.4094242043855738,Manioc,0.3618613455406341
5.039243663060917,15.45564116913215,14.90830966683145,20.74766793413082,772.5500579042146,30.344694683159638,0.4338979766323556,Manioc,0.2515598427412894
6.25133517075127,61.04631921006989,30.945389933485835,37.771032994564386,1185.4268110549433,26.02349824873559,0.1627659714699704,Soja,0.6429449481004459
5.550096936839228,38.196337485709314,19.219757002594655,35.50475919514512,939.4884992795254,27.446919561380632,0.3075599633902494,Manioc,0.41257000998300725
5.622531845996337,36.05437055409004,17.18753101736518,19.559188402141434,1077.4622950698056,28.56093520915119,0.5785983287859267,Soja,0.39526922982187884
5.985713296377768,26.855205544158014,19.56803608784017,25.226947070367082,933.59779323677,28.045376712497653,0.4525829374095841,Manioc,0.40560102769192785
6.85743058996758,73.18211672132267,41.10338085555391,27.84034325646106,1155.6571250432012,23.73122058206582,0.2341785189182292,Soja,0.755273991332842
6.234582550151164,52.7229813128838,38.15727919456297,41.38408410927088,1227.8120606752132,28.095933727071007,0.2849729682076366,Soja,0.6613037584925905
6.328775195361382,55.85895565831578,13.893553802751871,30.968468030629158,990.17654567995,28.30131179356201,0.17397761551659965,Maïs,0.5053391160020783
6.390967726115777,40.355957376906126,15.936410680426519,20.740537485010027,728.1834314230572,27.03655997810314,0.1795104440453967,Maïs,0.464499453924113
6.721439902206956,12.052929859782006,21.416772886441027,18.435254105206198,867.9881168204901,25.593973599785606,0.6427469572143252,Manioc,0.3845472048504584
5.007834358099066,29.492731241188054,12.059457005378452,13.027276231452575,712.4145794538824,28.90068845280167,0.43071734484223057,Manioc,0.28329235582456047
6.362083176244221,34.758131756707954,18.44586426608768,34.647161999551415,712.635803896454,28.935957233890296,0.014520475109613074,Maïs,0.4584804320041195
6.333525132934629,42.35485158689389,12.060260753933356,29.83446766360708,924.7422616290721,24.553195942845612,0.21204887542697579,Maïs,0.43964129176442185
6.68777256356118,44.44230922342294,24.832013625515646,43.487717275780696,928.7711369949577,28.3971487325712,0.5942843895442469,Maïs,0.5386146492786418
6.784647795222837,33.61166882219231,24.02814088661025,24.789529547292407,792.9263646964603,28.174740820589765,0.24125152235631941,Maïs,0.4826963121655659
6.5506966250942344,37.97600141550603,21.539820962746717,21.017391353554284,859.3340359054025,29.48245802233153,0.5614514541075115,Manioc,0.5004510848887788
5.167726957594964,2.0,16.887773664189552,40.196074212859955,759.5143584316061,28.147099944945616,0.2612555422123642,Manioc,0.22356892059521635
6.044791890144748,20.827119980675104,16.344024672196156,21.825498311687642,993.6128229231788,24.966755168191852,0.41898683948560933,Manioc,0.36340491079735543
6.845793253795236,32.345653153331824,24.273060448536278,33.4074201196192,880.5595240077469,24.927015079457675,0.07576307737487506,Soja,0.4746289955754549
4.84758640854289,18.859030922081566,15.923843251245119,20.115055969954128,979.271887080753,26.70055089866721,0.6024964810973823,Manioc,0.25689000925813077
5.8484117874370565,45.895806812552486,11.489027159489686,42.68557537392702,1053.5110514504918,28.12042438635752,0.24476318849107642,Maïs,0.4105386347195805
6.686445842393846,60.14473591952882,27.706747317355216,39.1908941143034,1031.5768284971343,26.43766086130991,0.3155955622218798,Soja,0.6209374902378096
5.325117806094968,26.68031403360758,11.403391565959131,19.3028128613166,841.6733789683631,30.579410056485504,0.34959658556245576,Manioc,0.29292675426013304
6.324691841855378,45.40919175395721,34.51628229722268,23.876215070532112,1078.5106132205688,26.470191870269346,0.08917575607181977,Maïs,0.6135427494658384
5.772363508416456,31.262048934350737,10.04631540629358,15.229402487264634,990.211477539622,28.718098072901867,0.5702407739589557,Manioc,0.336789556772345
6.634375028381786,53.05301752049805,27.608343014661692,18.11501610396519,1381.575085552952,27.61627102334944,0.2924291132654463,Soja,0.5966633932402643
6.373790852680836,42.139957781198895,29.909813949116014,34.30373154132114,951.9565061565428,27.16479124214459,0.3170375896648806,Maïs,0.5713205165769198
6.031759698574935,26.049413897591844,20.68928887984686,14.825309566659012,728.103539422517,28.859359162733217,0.6048808347451683,Manioc,0.41425638810155563
7.488822409409714,56.82560462636939,15.43061027950102,33.08170863794142,1147.4345757425046,23.74830633125005,0.2801788830797184,Soja,0.45484476833570164
7.357329283336755,50.38296079049633,26.22703923894834,25.20070656508204,941.3138375184637,29.298949359382377,0.24860180906426932,Soja,0.5183819077794735
7.081306787355816,52.54167238874338,22.808806038643194,43.408307993517894,1100.7215525105175,27.537699943457493,0.23908614151542446,Soja,0.5241428468198331
6.516390933053143,29.952796259689975,26.394952616678815,22.07548196079119,813.684549378804,27.095072154762253,0.31295807048702745,Maïs,0.5069961860324048
5.864188316030974,48.63631882624968,34.31783214700998,43.08450074168199,680.2677890886339,24.91098407199985,0.4712794381913723,Maïs,0.5878822435376895
5.899316178024393,30.03470744909921,35.82183251262873,27.197514151455252,800.2539837063417,27.37715843064126,0.488897614323889,Maïs,0.5288592073723508
6.573126783013611,51.38391925608383,24.1699663674821,29.859318952207733,994.8196670482643,26.963014348379996,0.3982519165018579,Maïs,0.5701306454159862
5.780391238388681,61.72572386837703,18.519680551779743,28.050249268355593,1080.6119966882604,27.61176439074016,0.290029280670818,Maïs,0.5179166994176826
6.163585543671564,60.615111967268525,20.782116175626058,21.803259197130444,960.4054703987105,29.250681182004946,0.3377206419757717,Maïs,0.5606185888213889
4.732689111352806,30.056339599463726,22.16942234098135,23.558865764786578,1185.8200673378567,27.75560731332947,0.31508280356104884,Manioc,0.336718628049768
6.286139626957167,37.9581143706518,10.046729612503807,22.454319699691613,670.6623127797727,28.95315993377715,0.22828294284184664,Manioc,0.404074680532457
6.732412121232389,58.36349550359088,32.094369355260625,46.03293764916947,1010.8225293819885,26.78382624943282,0.41980096848862536,Soja,0.6420789065581084
7.226531863464456,55.05435149261869,34.81161269566253,28.76441173263581,1081.2242360619189,25.297953837999117,0.2755237956038931,Soja,0.609294455900874
4.90657545504985,38.76964408744518,17.85551314295684,22.92144832242117,793.6429652729188,27.145844813579743,0.363416856542683,Maïs,0.3534475089310407
6.039290735632841,39.74466419911377,11.151667954943058,21.91573591024348,757.896562619919,24.98568598137104,0.4573002064744129,Soja,0.399315681961962
5.934749426194736,53.40620026504553,25.20890401807546,19.6753727444601,749.6206393747079,28.29602468451507,0.2995112595454278,Maïs,0.5461932139340588
5.7765193258408365,41.0798736008087,21.78504652776122,28.684693051653152,725.7865780325534,26.39339494297274,0.45409256342146764,Maïs,0.46054012676779865
6.6749360989676365,58.56600576669889,38.761055678778874,31.8346643809066,783.2197305838458,25.76621941327597,0.3307429850295599,Soja,0.6957607328579005
5.4493292992145355,22.59544028127433,10.12233532192684,16.115279103639928,767.4823912317702,27.880665208840096,0.49902786093914014,Manioc,0.2776130989356681
6.232140009547732,65.56207129940321,30.420219820751143,19.766786644116536,795.2050574229231,25.360972824319322,0.26081569769585145,Maïs,0.6552606447406715
6.223699335658207,28.83689391563412,30.83602405450589,25.282298625349227,875.3057229773237,28.730447561763448,0.09938864720061996,Maïs,0.51401061626567
6.223218274078074,61.426729532559634,28.3682257892388,30.655837783235768,637.1311341642494,27.93134585775099,0.06229962348928392,Maïs,0.6235145130695118
5.68674235029447,52.84604287898024,16.575590261583997,35.520331033391706,1208.3232646712293,26.553730395579215,0.15837219189595558,Maïs,0.46162478051037725
6.430089415845851,66.79814177198826,35.09283161653434,22.946907898223024,981.3540177920352,29.8783718535658,0.14722260820861463,Soja,0.709776690331638
5.828588925481394,51.61974015053045,34.967207149810356,30.19241189255458,1099.5667912022564,27.642492844618136,0.20036368705039986,Soja,0.6014026913740773
6.094501519961996,70.90370796721287,20.20438867698149,25.718852249249974,862.1588859301161,28.09606743063977,0.16633312215769527,Soja,0.5911329183838427
6.8434474055809815,57.512251962251376,15.470834545855142,24.23015615542348,1105.2959794366652,28.331469732285452,0.2977527911111184,Soja,0.5094507730438349
5.574443211807349,60.986471705047165,25.501265818071325,28.883874153638477,852.2487316765377,29.19102513403323,0.28552953738318365,Maïs,0.5491235903814375
6.640020634607629,59.795014638493114,20.1141896080754,32.85065936479693,959.2417024158273,25.755409571025734,0.18442026885302076,Soja,0.5682853978344237
6.485445255346583,58.281941418490575,25.909131948037036,21.042961276156028,1189.748271146155,28.97577851540922,0.426265338714847,Maïs,0.6143841699777917
6.928253041587613,63.22670035860621,18.211343894568163,30.458660096450668,999.9657269471475,26.25853209577569,0.36267236367786343,Soja,0.5448600990404122
5.877440122697438,57.36093175210438,20.74411708252383,30.37081122545183,871.6802644970012,26.75396844287886,0.19988743883184412,Maïs,0.5247286224374406
6.714577818662822,71.44343347017035,22.24795379362371,31.311267975121506,925.9370927036979,28.422416958547068,0.27723678078571107,Maïs,0.6233198968622817
4.926082969474773,26.97708841750864,6.14288724278078,20.852043211353493,646.6451758910047,27.29958590769322,0.5602403961381474,Manioc,0.22405837416024504
5.532104903326349,50.7733270177752,14.850981090742797,19.94195441227471,898.5547754784117,27.36395986109584,0.4133400246693734,Manioc,0.4286572742428443
6.1272658300026706,55.22533268065536,17.88793164072974,27.603121033377803,1333.2012565713508,25.071832079133557,0.3104304279701585,Soja,0.5156754258577112
6.669912635663026,60.11881494140413,31.61984445894191,21.137462709617832,1014.4247803762298,25.40115942001561,0.15124956017836835,Soja,0.6505043980097002
6.636160318360339,28.848681840944906,20.46292148502772,31.543686925141483,754.7618025795003,28.036492049946634,0.04165037810909811,Maïs,0.45012750853044003
7.014307772785646,35.44877420650647,33.42481953743804,31.618625610238595,740.3291782363555,25.48199676887714,0.16828668212691278,Maïs,0.5395735900073164
6.274953122345672,52.73815768289405,33.71296424782666,26.552049546931276,1004.4076447168959,25.488902361264135,0.2815090943215704,Soja,0.6323991217785724
5.005626065973646,30.148641327622208,24.314345607000885,24.085409102870457,532.2878372226628,29.461978861042677,0.37701281304678935,Manioc,0.3744518043871067
5.221768601454644,54.55338569603471,21.8850232053841,32.49138005120475,1096.1475743644637,28.877684774508978,0.22482756593924827,Soja,0.4695625264713903
6.457523843153024,41.77320161157864,27.382397181322794,32.58482908955183,839.8650017043443,27.405089060154626,0.07499911350336763,Soja,0.5582771868703126
5.159197343793884,23.987842175558647,1.0,19.381718100269637,809.93744161862,30.189648594505144,0.1495577379202211,Manioc,0.19376635832870415
5.995962313489224,36.567534046838084,20.44687359778101,33.55672927000671,725.3829997091377,28.560847060706415,0.2963684330883617,Maïs,0.45075996027854404
6.6067548180003195,26.3346338292694,13.60416295118835,22.085409929845525,739.3640650607617,28.411760508102514,0.24422793313059266,Maïs,0.3929673096430301
5.738917337911188,44.39339186185379,16.837689935322988,20.368541152403992,890.4015121172957,27.587674221058474,0.21841337523165763,Maïs,0.4346495021686121
5.874199826197092,39.16922561431062,23.867852040657308,18.03917552316829,1030.765243582468,23.768266913656504,0.18907711996435494,Maïs,0.4759717595503681
6.635832069875425,51.962217999484665,39.027155337373316,35.639999080939276,1190.8929584725292,28.479352974107073,0.18749578653999333,Maïs,0.6749973713247015
7.194641726719821,66.4999925762217,34.43500920857202,41.89047564616692,992.2088617906792,27.30782139319236,0.20835372645391678,Soja,0.653867388348564
6.374665911215996,59.575229763615745,25.06270168340133,32.261916405817765,1215.2445643780554,26.4073864063674,0.3565615259708311,Soja,0.6044469237456054
6.275209452571788,51.659242520544616,24.608620387341347,28.56894895439339,914.7613592718538,29.091884387768175,0.4036708259954935,Maïs,0.5622515043018156
6.3209811357830175,37.81592734430802,15.264731162533517,26.746347004886907,1048.9176861670417,27.799415627604173,0.1450869336608131,Maïs,0.4441041139192219
6.186743062275392,53.17766299200287,25.283588784267803,18.78928928500745,1148.7914135655556,25.602112386372177,0.20927951766520742,Maïs,0.5660001777357176
6.044075398463146,14.252847794931665,13.932836514560378,16.491803955160144,942.6932317350389,30.251894489027087,0.4796052693352037,Manioc,0.32017763539459027
4.600924822217573,21.960866389037918,10.702701382759916,24.39301340446692,1041.7321396936206,29.677089222015574,0.21787033765883307,Manioc,0.211463748073992
5.641849617001146,63.12265845376859,29.08950411101527,30.492314832051534,1024.1383723228723,26.670956287925375,0.24290918929192415,Soja,0.58886047994817
5.8079162109878,24.76643226124225,21.47963930786875,17.262038958825666,546.9452565442162,29.771425925717853,0.4516752014259492,Manioc,0.3970578748614193
4.511069702311156,15.043526822810554,9.68370656734361,19.613442570125244,836.0710612777433,28.47475569776053,0.30944134853008,Manioc,0.16984880565093108
5.958057082972839,44.338673853741774,23.24681504411988,8.137454910218349,976.4225677831538,26.219100637309914,0.054307537707509956,Maïs,0.49839300897724204
6.477841480680175,34.84950291935459,21.59151026774716,30.41780560476153,1100.3332424392452,29.340542826797904,0.2929349670492029,Soja,0.4908846885965855
5.123304943198143,51.17005949576698,12.592843447807265,26.20603423023899,953.8077916958407,28.611610671023428,0.23319385225714045,Maïs,0.38114696617414906
6.905066772543967,45.787250286776654,33.348102745782825,36.62715143197843,1236.948349943186,28.67884946336602,0.32842881257277073,Soja,0.5881781497629974
5.442404468900724,41.08241850956178,9.477837888387587,17.236906424855775,770.041210236468,27.694052010055728,0.3401192465464204,Maïs,0.3446702351529306
6.196013679341691,50.86693801475275,22.84754284052478,20.309657023755314,1186.060132483266,27.66202118146925,0.34916224124958595,Maïs,0.5400612691077395
6.342787090869128,79.28834243655109,33.11950453143069,35.36505971585852,853.5101376202117,24.32468626065874,0.3139020475468985,Soja,0.7373319001749608
4.556344853460633,30.036630405190927,14.455756874654192,32.22385258911609,861.1609439850614,29.252914335040476,0.5840313308833665,Manioc,0.2666579703132592
5.740674026757901,35.26453800295531,9.84515276133174,12.386723866128786,1079.7236657736516,26.373905589491603,0.48023435582263146,Maïs,0.3484460078956811
6.53796138694848,19.287610311885707,30.11508650033567,35.91160040618017,967.1040230130995,25.755430582380953,0.26517959488725007,Soja,0.49052000606158297
7.315874742120539,67.94382335151671,25.409741175526023,33.74605776348466,1117.6892582750008,25.954762469567232,0.25845906337475355,Soja,0.5844367713400043
6.411612265131072,54.58824003100229,33.152883719506264,25.430116291326303,1254.3061512242145,26.560064256016858,0.14341258995151573,Manioc,0.6465081406306532
6.827918839194069,56.57827276093788,26.765188253401007,35.11782480961154,1039.558767785508,25.74232324904832,0.18167333027821736,Soja,0.5888551799254778
6.943144270865907,26.4161047223601,31.09878038934132,30.245747881437882,1460.704798863978,27.190932855985494,0.21399686758916334,Soja,0.49310176175661113
6.604645034153347,38.142817339995986,24.564196973288748,28.7198730695767,1043.157187307257,26.70564804552869,0.21367364608632827,Soja,0.5186953230386573
6.494044703261259,55.403799502426374,28.858571041911176,27.48060514001228,974.5830245944622,25.747400558442095,0.21226538169200682,Soja,0.6251843447426494
6.336114062027287,57.32706335777843,19.104241460588625,33.425818418064466,1045.7702182502003,26.687137089258886,0.2774482907628421,Soja,0.5494112297586455
6.2929047909372535,43.199479324615844,38.51990944809279,38.839139626170216,1296.40612711888,26.242922396934752,0.17462225414423882,Soja,0.6313617070272126
6.761516615408363,29.62274546203753,12.026635064189156,22.08692939777581,881.7796579674011,30.455843458640803,0.10253327146087643,Manioc,0.3820148480661722
6.229609217007244,38.293797909233554,16.859367437039243,35.248103914918616,1159.9229640458514,30.22513344436266,0.19738854307089543,Maïs,0.4502139081663574
6.518521844597079,39.58756710028991,25.4207097196777,35.15771521209187,941.7413480844323,28.16087281809345,0.11541195852399547,Maïs,0.5374381942465614
6.966369456501289,37.527883208521764,17.174105442040045,41.23308479609048,638.8039943680448,29.18716507997872,0.16456911922835585,Maïs,0.43382096012251736
6.97496720250877,41.629140288819606,20.229460514572562,27.14560007515106,1031.5086241807714,25.77926073348243,0.33616884837373406,Maïs,0.47130039205624585
5.466037046940014,38.06504323113815,15.283533244196327,10.864111434458549,831.2882345440727,29.357024360026575,0.41036860725084523,Manioc,0.37681876912714685
7.279885946664156,57.53046830212618,24.49220658485474,35.06263986800596,904.5437122799331,26.472974374810804,0.11741159230463108,Soja,0.5399557026292253
4.729264220659305,28.02633370011494,18.31636690632239,31.436157268207936,706.0338278284838,29.99813980932693,0.6530837788985138,Manioc,0.300597125827324
5.520365532340116,56.778435623534776,27.137591255560096,29.999457750305524,1222.607312368663,28.34353773903842,0.11813440907821321,Soja,0.5401981227923722
6.312046240905208,45.66990717224872,21.798324611777723,30.177769938002367,874.4645571638424,27.130497078230228,0.2569915709384534,Soja,0.5214244102634196
5.2325462654594785,21.573624306002905,14.988768991214394,19.708421437935698,757.9016714035937,28.47448043683717,0.37757989669725756,Manioc,0.2915267488395804
6.446415392252536,41.86677138865095,9.84956972547785,14.244220925296501,924.8656319023661,27.518618239002823,0.47803905788317463,Manioc,0.43075048534154103
6.054153125103362,67.10523001591352,19.995536614120358,23.570714790804725,792.4065017258298,26.619327094069778,0.3794715578591543,Maïs,0.5715410180255281
6.795642478560437,53.307811378123695,37.15161109738557,34.26030108721615,1092.3178718136323,25.990570927713392,0.07372930099583958,Manioc,0.653887469931645
6.2337641023439625,51.337768809320984,20.623655535591833,14.152423254376329,823.1490343258831,31.23827599790103,0.27550442773527406,Maïs,0.5288128003509414
6.006199441311326,69.4475075801228,18.401234809828903,34.31726932797502,1087.0770395125176,28.34318713721949,0.12908887110114486,Soja,0.5653137113037541
4.805092531440356,21.01954274706157,16.213014065274706,19.537070726285272,627.964215591924,29.063261780732994,0.8070581619246735,Manioc,0.2640322782673994
7.427317374201044,47.269564020160736,32.00464938100766,26.7258986830115,1004.744026573195,28.11165887202575,0.3454043411463309,Soja,0.542461923918232
5.942684745222844,27.836791808427265,21.579109200081113,29.887545617824827,680.851667614863,26.941503748930845,0.4989893939874534,Manioc,0.42056427557521536
6.045226780343005,41.29988970117872,29.67678958994651,17.30982500387247,758.6476010006403,25.88070072175094,0.23410092698834684,Maïs,0.5400629469892418
6.359798160773773,40.218576697451255,16.239231409509124,16.93600628413234,980.5963963066822,28.130617422083304,0.6859704033064354,Manioc,0.4636623279927593
5.93863848974048,51.969544045107355,17.758644592075907,25.03480992790276,1055.4713813330006,29.286636024719286,0.12145659558112523,Maïs,0.4869193479560982
7.230373962440994,46.13270410537764,20.326699635095462,43.1895561165638,1217.7162558777643,25.794450675278767,0.20372737992785755,Maïs,0.46918010011593225
5.937739866860113,32.65651128120078,10.197581778477087,36.115667303103656,962.4159355678139,28.572761585192087,0.45426986812340153,Maïs,0.3565674233712698
7.042763686152977,56.98048763845287,28.49927747616255,30.681537511869116,1156.4447042063193,30.998227747703453,0.26760954882308496,Soja,0.5858015098662765
7.1823625664581945,58.17115067339866,18.81271423235441,33.249301675965974,1137.8811096543845,26.928854894207294,0.4646725579929589,Maïs,0.509121523748123
6.049448152205356,34.852432693071336,26.138246831471164,27.754946729956348,928.752712098481,26.965861927071415,0.22281799895675636,Maïs,0.489560214724252
6.364375554829842,50.079913269125434,21.72753269240657,29.85342717684586,1191.428099866396,25.178297665536455,0.4256731690271355,Maïs,0.542340036567315
5.386439049747818,20.280401410554823,10.801958139796639,26.52864835291151,645.3660830542539,28.843252670218266,0.36497948218562737,Manioc,0.26845365887072353
6.1665373803277825,52.96024976546883,20.65174294586317,27.622633531114452,1067.269670909003,28.69951955968807,0.1246233668008977,Soja,0.529981638691575
6.366968568475691,16.007951971016155,13.057464664405735,29.579908320305396,794.6886322485672,27.698019267999875,0.6845942005289556,Manioc,0.3465301347452425
7.237700399322719,52.42127491071892,18.348461660561796,31.35878924756783,967.115223833978,29.519149691771386,0.38559195009558506,Maïs,0.47885090005975106
6.993008408072676,62.269638512334055,20.023313281917453,15.09344491563478,962.6700179584922,28.879807273931647,0.2329445017338051,Maïs,0.5490632829753403
6.950379895317155,51.66312500909212,28.921542059901554,34.03005567942964,827.388779837849,28.338085755416728,0.1962857685671357,Maïs,0.5754613712500103
6.015689126180553,31.5539334100232,6.880410787150165,18.618989175932175,846.6955984273686,32.07175365309718,0.5680910542224333,Manioc,0.3344637040832296
6.182902953063108,54.500710055555274,20.555795270995386,38.052512430104265,1140.195865313511,29.618138189207578,0.29746912244850043,Soja,0.5366186969090561
6.763909357907991,60.9126321588043,24.23967486316468,26.565826453974147,1168.4416713789074,30.134722976781873,0.210941768735143,Soja,0.5926280083181763
4.958887547550536,26.96330504101169,18.955700021779418,13.212977568942893,694.6886291486121,25.91180566619816,0.33709211371453984,Manioc,0.3194419864533877
6.0895152002333885,44.77131937701118,20.153149173166696,23.56983807580646,827.2092460009882,28.713669186097068,0.3770272947430366,Maïs,0.4881913799426395
5.411803921507875,31.696863742610102,17.170201114884634,27.758145632322254,800.8467401553689,27.36068824791042,0.2520207918856168,Maïs,0.3612486398053676
6.503947659685162,71.92374767908774,27.744311923149954,34.64528606836685,1161.2362717498638,27.542889229242313,0.24661161571860804,Soja,0.6818626075152129
6.5164659088777555,46.93589911367545,30.618012434235872,32.63436284330931,849.2731689529181,28.847767556827346,0.18101675506744414,Maïs,0.6039810038271367
5.594491900118772,41.968202171657246,27.731803349426517,36.903246953570594,1128.9966508890689,29.38302467043271,0.30021538474537285,Maïs,0.4925280572916957
5.147421120435714,33.73183142555863,14.482060526764677,31.27236773129672,1115.6075357703767,25.779806609874782,0.4266110853775638,Manioc,0.32858197238542997
6.721913463308382,40.54222790875054,25.85958220050358,39.96532790425542,867.9003479171224,27.538296645453308,0.14021237117453156,Maïs,0.5280784565692335
5.451849003506327,20.625925665388838,19.213870150495133,22.61660174442646,920.5762468228679,29.164498363584535,0.45304078381834323,Maïs,0.3359713732073184
7.097891755078745,59.01469161445456,34.76212024442333,29.97322242165603,1036.2847975064542,24.937203610671794,0.24459927980807417,Soja,0.6347111465958067
6.498778412908332,89.1641150674917,28.116224382287896,42.21288394101306,845.2195730401781,27.13785248461915,0.19313576890598735,Soja,0.7521805069030322
6.88365281264613,47.919688370910144,21.758752711111597,29.47628394526387,1118.4126152164667,27.708386556874512,0.2267358563317855,Soja,0.5142779489846496
6.533659110140052,65.74552268409799,30.68205400885061,27.02539968730336,919.291209677478,27.37997365970795,0.09112496502719733,Soja,0.6766106347432936
6.406141566754216,42.986349305378205,25.858494518155346,44.46893970266018,1122.7303939870797,26.407107528961163,0.3142931332422644,Manioc,0.5478709172665643
7.265225835781158,53.30631616667397,29.08709621228022,31.63478973547879,1022.5891618403923,26.596023640389824,0.2479298996883138,Soja,0.5578974222904554
6.026467200140461,62.07243528723486,32.49945762122269,32.26288515699056,1053.2804978006368,24.49245039380176,0.25399819342301244,Soja,0.6402246989026952
4.6598243772995875,18.208962891016675,22.419450768838807,9.35480733583499,531.5789903497167,27.776121176305534,0.29934896065506156,Manioc,0.28638015515892135
5.932338730622247,56.676183583422784,35.343236160032035,26.35029340649779,992.4310465200858,25.6071256073005,0.32693867580375735,Soja,0.6321960446139663
5.636471223500782,33.152242706017624,19.5888607527575,17.17925522348474,823.7150197545125,30.39263190220468,0.31613025484265134,Manioc,0.4024324386341336
6.839225931303649,56.254347844147695,15.845483898158337,30.890992384964584,859.4211603144568,26.800717082080666,0.07501295231429603,Maïs,0.5075842587704448
6.236658983594202,46.085597057765234,23.022782625979424,25.5688839772951,1127.5981164795335,25.531755198206724,0.29066142766362324,Maïs,0.5258883775504494
6.87712723801326,69.6343952313791,25.364333449340634,26.136386830261962,927.6703958048347,24.925681103788776,0.1879824376485244,Soja,0.6258173849464985
6.499446102355287,46.31793869125591,35.70025995985444,33.95578163196796,1223.9775070982716,27.85883580696517,0.2551552217432763,Soja,0.6396525441939068
7.184384458505559,58.18128513414692,27.290179084941368,32.72605545919287,1102.6094987158683,26.52450543326417,0.2670873528746982,Soja,0.5704082456158421
5.794141467190572,58.230821594635096,27.700239445380216,24.51193646663804,1057.0126207999117,28.933524132828598,0.19651571454752886,Soja,0.571854380609076
6.52510058897933,46.73341664370408,15.841784754004648,15.252397514938526,953.0625750819377,29.449981058393202,0.1264202155751175,Maïs,0.4954628987854016
7.029331719538787,83.25653677292911,40.00842401660412,28.825323996352964,1088.2324401941844,25.895085261515643,0.3299518849073597,Soja,0.7729788819872188
6.077921682354676,53.90383163519786,34.57506101085495,30.0366315503764,1201.0162828434477,26.914386892579294,0.42376566303327967,Maïs,0.6274389515086078
5.290411406390552,35.030578026588394,22.25963316157361,21.168084878205814,1292.472828689028,30.912332318901385,0.4510729884146231,Manioc,0.40143797560903144
5.706430706207774,54.34778470719757,30.246577144434674,32.44738437236298,928.0307429353783,28.207575421675404,0.2556824062149306,Soja,0.5681008608404128
6.02035395460647,43.52219681182528,20.72999810841294,23.954554562171026,875.3491214856441,30.208361649030223,0.26794350168698944,Maïs,0.48195327020388035
6.849707303969534,41.40309792289412,27.419961652819044,25.751725468870855,1052.7291632587599,25.016123527382877,0.14230768813156544,Soja,0.5325237857055568
6.556499215086194,47.80161158819607,23.85999389899333,29.422651682102217,1061.7726296427227,27.714959457500004,0.3570310325660774,Maïs,0.555209503327643
5.919735032136224,23.251116014394963,10.413691789113564,25.81496418995949,610.3755738668101,30.002911824371928,0.18610694699391345,Manioc,0.31991961553673065
5.369519533242005,49.31922544673941,32.97772121029652,32.097096055614365,1181.048596972983,28.531140132689757,0.3696681224442738,Maïs,0.5412712820544824
4.862284249269568,42.17127721986108,11.680834485871548,18.93287742310702,568.8130444083442,29.706700737651847,0.33985199965299395,Manioc,0.31847581006599956
6.71128521600482,38.707366063072115,27.750314919052254,21.039000347401455,1155.2119025732902,26.3864204443539,0.40530570641417046,Maïs,0.5354508828637317
5.740319060605548,8.222490952641731,12.160960789079473,29.398512460685534,830.0541722001494,28.413192635417364,0.4845800500817009,Manioc,0.2594647883447222
7.008301785178856,47.01359359589585,27.010226158871575,44.04773657517393,915.6549762903423,27.9303868553354,0.28101832181082653,Soja,0.5388039079479405
6.225862672611152,55.985042795529175,35.56274826131587,26.1924900798557,1167.9923767764747,26.631379992302353,0.1440402494989375,Maïs,0.6545658591008574
5.483305109081134,38.686844365138,13.488252168341248,23.202946315700487,879.5436059895565,26.916135499162323,0.32948858103113443,Manioc,0.3676266970449577
6.78158187607748,43.65982833327082,23.562653580001335,20.318421767202533,1041.4289067812902,27.36204730069543,0.15162260560891813,Maïs,0.5188556300123823
5.187960562659589,29.04857247228284,17.266109511414488,25.036466928526686,810.395746400101,31.984086701889236,0.4633842430312124,Manioc,0.33368171677604885
6.471680096189968,42.40453322416083,26.470031877263686,27.038823239477843,770.2411812571931,27.387610165822327,0.4725803041374842,Maïs,0.5552690753743907
5.868688120527077,52.38810480887503,20.83181622329991,34.70454130131034,1112.6297366065314,26.94707095132145,0.319828806007791,Maïs,0.505221156646867
5.419084222538391,42.596863730065465,8.073197407777528,22.475123539678563,1120.764340286265,28.81009441332979,0.3828955576258177,Manioc,0.3385508385411996
6.355453782799002,43.99845923520047,32.532854189892944,31.607060251371273,1291.3738141471456,31.669945436335333,0.34105272475805015,Maïs,0.5961205665013453
5.303021269465579,28.927703993777634,23.461565095524378,22.280277936794892,1046.797786504146,29.010593346989666,0.2925488826364808,Manioc,0.3872924938039074
6.305653737654003,70.79496756593528,27.280015272734104,38.46449899311304,1034.0651543342983,25.324908740335058,0.21652985320236356,Soja,0.6588541951685836
7.011429611391676,56.57334635414121,34.41475903468516,19.284191793870754,1168.8423362399067,30.91985370440761,0.3724724521909756,Soja,0.6295668283832914
4.302780620043537,30.532135127406193,8.315110209297227,9.384979525063818,785.0803429025242,29.291196050848516,0.3512051878567454,Manioc,0.20382867384665562
6.763282514773879,62.75310892609512,17.74335398543472,29.474679256421776,966.6329574242627,26.98328418687132,0.26309142994610407,Maïs,0.5528160968638036
5.357216887975432,21.87862870823362,22.83895754897832,35.410763245769076,772.4455091933476,28.813024845299704,0.47397530278621464,Manioc,0.35955789519359194
6.759911531307033,70.75268883127194,26.117331877883522,30.427788668951372,1144.7635948214504,25.303782264111145,0.11952142485414724,Soja,0.6450214566157304
7.256274597170113,55.84836425997807,26.509204832445345,19.25332914143985,1393.2397674996207,26.878105480063176,0.26375418294721936,Soja,0.549878663131846
5.39852843661215,29.065150590896597,20.855595323687854,25.180847860536563,383.5052907907625,25.78464617073687,0.4251238641506997,Manioc,0.3765933916228382
5.897980768987937,22.623570450593714,11.67649547424493,18.39826666806675,1127.022782599227,25.18756232877857,0.31315117289004635,Manioc,0.3248731856432895
4.935960207362329,22.75189451808132,1.0,18.545119473678703,660.4131232368056,29.496817646876398,0.5575091471576015,Manioc,0.17107512407536307
4.877651810620171,17.263239660827768,12.66886304141444,16.839464750982327,929.6403230429734,29.37241357284179,0.3459455261303394,Manioc,0.22947772960313984
6.077305941998565,40.567177488084894,27.15070669993999,32.65291921733177,905.831636361795,27.25706777458801,0.1456963179264342,Maïs,0.5214661716180541
6.53867244984619,70.458525652793,26.652972941056053,34.761433659367505,1119.961678217851,24.522996937516794,0.3536432355745167,Manioc,0.6654505380668145
6.298260584850735,49.98221748496785,11.236645012792659,21.725671389855567,802.8011095223803,28.248324792152317,0.3948911174679035,Maïs,0.46067523925469317
5.664957616836924,59.898634386020824,31.77081132863393,32.09019916504717,1005.0119611838386,29.1247178189911,0.29697735797646246,Maïs,0.5975267343281843
5.850137246003707,23.781451009914054,15.38624710098146,21.343624892189375,990.8632094980414,27.247549365242534,0.2192513601588718,Maïs,0.35244535016444845
7.269124815381037,53.73288448853586,24.497431608343945,43.32530810153508,907.6347680067358,24.083397684288297,0.2148249198191331,Soja,0.5260067865241537
6.512059908526078,40.11150578213726,17.545094604769695,19.74441614857168,972.4396936278182,29.588058127380638,0.12177766047600813,Maïs,0.4829544399294796
5.845484553665596,48.9034830273649,12.283992498118314,28.333862821236778,771.1124803408587,30.675549140801433,0.41950526331347926,Manioc,0.4278223096577152
4.703441882560257,19.410052363381332,25.88660190521111,15.635086749369979,470.93031297311484,28.993005338458406,0.4647120675419691,Manioc,0.3196807951591613
6.206296200390898,50.15939217704099,24.728445472846808,14.772454955326928,927.4078978055101,24.047792423495018,0.1530000133607939,Maïs,0.5517423696210778
7.156163412195131,64.2775823656387,23.065468829355584,35.12617213598842,923.3030811338867,27.58090141344063,0.26299618715691153,Soja,0.5658981597104215
6.543201536182625,61.663530280163386,30.329841902676467,33.36452760762629,1100.1268374399199,26.030951257603448,0.2919767630230274,Soja,0.6573362694326312
5.791424142779978,71.01378820892205,26.969166143304488,30.949489098357766,1073.3825169363745,28.348130224777915,0.2747294053486832,Soja,0.6163196433717177
5.726725639534673,14.192877758960336,22.990554478758796,30.68090134243278,963.6087494399479,32.09149160868841,0.21618566202927875,Manioc,0.3601672590074635
6.516203869527761,51.55900776529761,14.09720848032049,20.35515159756003,898.3904064943661,24.173613380961843,0.22142762692512608,Maïs,0.5024042391524123
5.340404291962044,37.61694602609769,10.436606196520664,23.610582597947293,646.9985141431305,28.23725794553361,0.4592015496361296,Manioc,0.32990614444999394
6.726115739959648,48.36078809575887,31.434924031162367,36.222844293509446,1124.2552028294654,27.28703554368313,0.19818347101720993,Soja,0.5986975206080183
6.304177092328777,45.09985721912576,41.73215021131951,31.552367665287473,1070.6391417991658,24.6537977899552,0.3198001587510532,Soja,0.6629622697903466
5.762190873307621,50.13907849658915,20.275314883597865,27.074814510489396,1054.4484293120486,27.400326537035816,0.3533875074011861,Maïs,0.4838770447194809
5.42710984254649,27.386177227005977,23.226774761353724,30.44466172648419,1035.835074089774,28.807075208057782,0.45257757755782924,Manioc,0.38949180578345094
6.237047390209888,40.96351536758003,20.200970822350715,34.69692230469961,1260.2339062258736,27.01064944333796,0.24986603849836572,Maïs,0.4854527503638475
5.999389764057082,42.18672442881787,26.922064075674736,30.541809394211665,1096.0433374141771,30.181019621644737,0.09347069748474368,Maïs,0.5199086875134505
7.163962492758413,51.85403295849832,30.222387988883444,32.68947635822888,1097.5830573840872,25.52292942031143,0.3787181046706091,Soja,0.5685442039475531
6.299529847786735,43.79051851392219,24.09790028379816,34.65011080068752,956.1931183381159,28.865323675497116,0.030529692292180444,Maïs,0.5297327424644614
6.690455337612512,54.78199742313455,29.744073401595806,25.03776213399521,939.7906437100911,28.393335931754628,0.13527480088253482,Soja,0.6144076223043907
4.515022802900291,38.95051143248152,9.191243499117943,33.985084580194275,589.280744563966,25.010119619734915,0.5102200287722318,Manioc,0.26006842354347554
6.851000944533279,46.049457922765725,29.57342341749802,41.558561708991505,918.3534937486604,26.558916969589035,0.34719186938202445,Soja,0.5661856573051083
6.128810257489353,61.246784584695604,17.001663657995447,23.59080813345333,874.1050701518217,27.95967629444501,0.2235015078209986,Maïs,0.5329215083306507
5.456436111708888,35.72443387163685,9.090022390510876,24.577385048299707,939.732846334518,27.213880562811607,0.5101587461540449,Manioc,0.3220350642113755
6.18138888174508,54.788580507817954,20.719259323897372,29.70164209362489,1057.3239645154229,30.015673805280308,0.5652827671218916,Maïs,0.5388071735172699
6.283226104106528,36.775800676177994,20.963189575621215,14.442731082482746,1064.0759179376214,31.16183258370787,0.41438115051952246,Maïs,0.4782954137335158
5.3268969296277415,32.510163484581184,15.942267982146413,6.504984389015576,681.3692557073826,29.203177324793224,0.6327997816183382,Manioc,0.3487410186909256
7.126655139820935,65.16533448927282,34.59806244316651,38.88922870793894,985.772643846733,27.297937821974074,0.26477058207630083,Soja,0.6552692384848926
4.902236607888252,18.125705172065828,15.26692136239511,20.06453407528909,1102.9199100106098,28.409590200545267,0.348592336756712,Manioc,0.2536363002725924
5.081343976798568,39.74351286987397,19.974343468939693,19.901787731982594,886.3119013294346,29.214198791613658,0.45757065805251923,Manioc,0.3865849181513374
5.877980906140538,36.25991378015624,18.541331098287,22.808730333413877,761.3862289395364,29.482569288463495,0.47091786990437956,Manioc,0.4263154035742779
6.3142849911160885,23.867016418096835,19.612405851165548,23.567582217002425,750.1473630391101,27.20592941053371,0.24270558225194935,Manioc,0.420525054362616
5.987677805614503,31.654846169638002,18.299248060522824,27.92048984573088,712.1107295545962,26.477805502826055,0.051737697318076536,Manioc,0.4153328340451309
5.351930777916922,28.084558191182644,19.53926192454935,30.108312086372067,776.0031548267409,29.909290965574755,0.4257858152950775,Manioc,0.3594964710499127
6.606450647784152,44.72679007075323,40.47202218688868,29.838812549090388,1204.92754327922,24.02432314052069,0.26471418192987006,Soja,0.6595253620052595
6.002610682950662,30.207625683732417,9.075240293869626,15.306041914159906,875.1426256453699,22.683679635935835,0.3403108540009433,Manioc,0.3440525350979445
7.123318498023833,42.76797745365195,16.21176744549571,30.591483229592185,684.6424544390902,24.808712200175847,0.4301400636349111,Maïs,0.43478160714846625
5.628514851084689,38.43105721028604,19.048585314962768,20.88884821107015,822.7901602954237,26.962633433138738,0.46386317550315187,Manioc,0.4185212125610617
6.761010239827606,61.49261180873996,35.513405512684685,40.30587051818472,1269.8548576472942,28.29648578133325,0.26740560393430207,Soja,0.6767918919627021
5.45983582341028,25.07842293041853,23.126651545375974,27.563978437275157,666.0361939479972,29.306550131110306,0.5795741016233651,Manioc,0.3823618401056714
5.9419776358913134,43.55481329284482,24.55266918510503,35.50350905648258,934.461971989133,26.139645687916907,0.23956196875492844,Maïs,0.5035012574867015
6.1851203250108595,23.684275048313943,15.036753374598495,22.110552685434726,718.8587912431763,28.1215467966462,0.5460084121549376,Manioc,0.37633240743665786
6.464853841187752,48.865626417263385,38.47267826343234,37.946356545335384,971.8411365308725,27.94718969008738,0.0942282883470362,Soja,0.6669287954243137
6.347189707040405,60.561339257392746,27.878707253370475,29.90317257249574,838.0884155752756,27.22936977945878,0.44366797622857634,Soja,0.6265027939424201
6.308229294790988,53.15737212539297,24.779108771605507,24.301920673359145,1138.150754113601,26.954640057627458,0.12925477106261346,Maïs,0.5719854040243055
5.9714499016328055,19.991397061529725,8.881275766718653,5.0,705.5596194982345,28.54951694122853,0.3216700995141576,Manioc,0.30021159690383603
7.428161253901778,58.93611661580086,29.182651150855865,20.64217353846916,1039.688716323914,24.981792511014877,0.1654309180235051,Soja,0.5675659570110819
5.000638174252645,32.84390444943031,13.760419871284956,21.521687674742736,932.5209401297228,27.706961995393055,0.3193850435338892,Manioc,0.3081403492908037
4.577134553463173,37.40550530708085,9.611280325348282,5.959183749830707,710.5466360743097,29.470279565425862,0.45957318375504586,Manioc,0.2620394070136399
5.94734589084148,25.88943218368698,26.79807129550052,16.056920700930252,732.9387894972353,27.719928709749453,0.4728023666756669,Manioc,0.4511284395061594
5.070823541439696,16.503070565391916,12.964920540966144,35.67747185564706,650.8874200853147,27.990533034050713,0.023408450284234883,Manioc,0.24410396048213667
6.783523396464983,62.145943608663686,26.53855178682496,20.815611049665726,1150.8366132973651,27.131857713408237,0.18359902222775204,Manioc,0.6125333893322966
5.7085226668894595,32.5622414812268,5.875111265194416,23.852910765504756,1091.1245655401099,28.376511558218088,0.6043273730414391,Manioc,0.3065504699054422
5.970841096358025,37.80666570618245,26.665082091263443,33.46118075210638,907.1581918206796,28.681056018228453,0.6778529358796471,Manioc,0.49863827958141704
6.119357144166996,50.365098435704034,15.489096840653211,27.017374587662644,1046.6777737467937,26.1569684395112,0.3547499386234239,Soja,0.47866374326223055
6.407033436742218,44.186760556187714,32.905507567893586,40.176444961993774,1072.2831364449944,27.155214304345872,0.1317430611471354,Soja,0.6036825698019651
5.850123837554024,26.06150540025931,10.26234629513944,16.574837352057564,902.3785451611008,27.846124246870332,0.5462437848661813,Manioc,0.3242423657533563
5.705704446424542,40.86534838876724,17.107746230103274,20.333106368100367,985.9786618773945,26.878054236778954,0.39715890361778894,Maïs,0.4201548814946302
6.588726563470203,24.536871787563364,11.619646423531952,29.410752449371635,804.9477740049463,27.02056957048315,0.7608897811143778,Manioc,0.3730053534971586
5.415652264602961,15.225540797835635,17.394237866088677,22.784762334298758,1215.3838809923811,26.589346150253892,0.4494784185447096,Manioc,0.29878039788094063
6.183696390130575,66.09493439035421,39.41629258742408,44.68726077380781,958.4091634141138,25.747559009437936,0.35925008042559786,Soja,0.7186340530247567
5.458077569978879,30.380335164562364,10.85339812819315,19.21599226573328,589.9719014838681,30.299062639953423,0.36815169084561233,Manioc,0.3140457149957563
5.907701687636325,61.30135531462979,30.883791108997528,27.840599979698318,1050.1149871491243,25.479980830454434,0.10414235921540174,Soja,0.6160051923270619
4.696500556801627,11.36700898850317,5.373688937062573,18.503405840618235,566.9122606387532,26.34251597955043,0.5049491225311615,Manioc,0.1390881589461494
6.4815910784815705,53.36684249582021,28.815504392841174,39.47492932978103,918.0834328548455,23.35776130741983,0.3372921982357203,Soja,0.6159120689852107
6.264632657589469,33.88949320654687,14.417558236844826,16.90094603988228,826.7995887116787,27.508640031834098,0.4801388559847869,Manioc,0.41810807558282775
4.9595396402237,53.2123569067148,11.941974268977077,19.426349229720252,1086.6005132567795,29.568135936762573,0.5325860390552397,Manioc,0.3713158922714648
6.466080283715844,44.467641837801274,40.23771267884011,33.49824296733523,1256.3431006709445,27.593500946823486,0.24480368219901255,Soja,0.6626173427503532
5.729141690066948,53.90342487486468,18.912730862385054,25.069546274239165,785.5933134395193,25.10030966769839,0.34515649250581043,Soja,0.4860805626670229
7.288261329869334,38.82358898145965,24.52469279198531,19.880900883416956,1292.7436393730052,25.318713595793277,0.3920396431098524,Soja,0.4663815162522098
6.755771512913236,33.85869110901497,21.050830476826594,25.607778581631727,865.2411563526099,26.028872145466313,0.5906109423704243,Manioc,0.4644052461423752
7.354168049028864,66.7012857194657,24.135808279558,32.62571793339319,710.6753754410831,26.92212184938719,0.2866834868832147,Soja,0.5672871946525877
5.699189995052542,46.89706167610396,33.83525306073885,27.943207588717748,907.2744593386698,26.553731673813715,0.3129239338927942,Maïs,0.5643865988848631
6.143835975154586,57.96994546561109,24.451643846210604,21.05812335591783,1128.6628782160215,25.688360911184972,0.4071826016648702,Maïs,0.5752778808928517
6.516184237255818,53.3525071850756,23.83192856357618,26.407481518655857,862.471097184195,25.32425238820604,0.04068918526803031,Soja,0.5799340929156601
7.258675652326005,43.211005114228755,27.372933812006057,25.979167468141625,1098.7478359850227,29.338046307917296,0.3033519993142397,Soja,0.5065341487152549
6.979032853086983,60.839433761537336,30.02800882165617,16.253533003736692,1276.5349496266763,24.7519710284696,0.3173169814820252,Soja,0.6170613303965575
6.138078399219941,28.05518305391704,6.634579937471299,31.08460187153185,1004.670594808194,29.130602416694636,0.6070318548484932,Manioc,0.3287948152212026
5.31187133952056,38.90284753269187,14.09596277456387,13.57822627020067,765.0655761800429,28.92588458432669,0.5041290914348522,Manioc,0.3591586358672299
7.16429703373929,43.40648172245092,22.47507303008716,35.40852452367004,1122.383870275466,27.804542722960953,0.29361230887697903,Soja,0.47936970296167103
6.677000881746602,49.55887772081608,20.79105079631489,22.00451233813561,951.3175482347222,26.785172865171138,0.27276690406344906,Maïs,0.5302091313867179
5.587117168498829,45.142730678364344,25.44246652602648,31.662562300159234,664.2987959801804,25.14287000249255,0.409689259706884,Maïs,0.4877662938502153
6.788809203210046,60.35736139965733,31.809221220233482,40.294511780042924,966.882080221784,25.415393786399584,0.13721437538542441,Soja,0.6432971355912708
6.384336654436451,48.76409526097517,24.031317257715486,21.288550806692577,946.1758807122201,28.920211349767804,0.01247012540035003,Maïs,0.5554804845576874
6.025759687630139,20.28301813407505,8.671817774550945,25.641189271505414,575.6587471482427,25.917757671233613,0.4051593904470255,Manioc,0.30417928266490846
5.72287872636915,33.72897886185938,17.61010317555383,25.455946394033163,959.0524188147749,29.340231454061236,0.6547993122413732,Soja,0.3972662658573167
5.560211516632149,41.08351432578209,9.236635477891028,29.343284151111252,1200.4884172106958,26.91036469894781,0.3345634041966587,Maïs,0.3523518673081977
7.811553065306777,42.47096877011391,24.90029786644961,26.624180196579772,917.1235320408016,26.237065453704858,0.33686572407355625,Soja,0.4414993694033993
6.813395096629322,35.73239916324655,40.95572383901971,35.876485625826376,1137.6741972488644,27.84464367518007,0.3179939872834746,Soja,0.6113076886865378
5.538738164665136,28.36276929397223,17.942180901201535,16.799540528939794,1030.4633637506845,31.0377826102741,0.6896512495057474,Manioc,0.36395990572026643
5.784524941794482,35.254706953293585,29.542895301175438,29.622894644943937,803.1888745535351,29.636941598115865,0.1946859171764514,Maïs,0.4946016634489749
5.710618142108847,37.03974143196511,14.549436547110254,17.040463778760824,1059.9581422198999,26.588264161076562,0.2616208466533492,Maïs,0.3870589374727912
6.958965692911332,45.49268854994234,25.896406140033005,33.24272766242524,1036.694119482991,25.685942892114028,0.09685850177567693,Soja,0.5287361540654508
6.412728780892483,41.42554577189573,29.143291566061578,21.108261646626225,847.3262404080805,29.46416615210397,0.3356592028569866,Maïs,0.5660898528136057
7.092148222598523,49.83502349575259,27.341882124763124,42.04411656462342,1074.0315277956456,26.245270565903166,0.3176428105320922,Soja,0.5455297585483059
6.370497769888545,66.56741501265654,31.10874369026728,39.21918414885426,904.3467788818525,26.502629606654512,0.24870063213164098,Soja,0.6752474341157393
6.249666152714613,52.0945181713904,22.58840523723367,24.81643697835615,920.9441930292556,23.444977929338965,0.2640581954943027,Maïs,0.547275880813967
6.8052301109510385,48.95283184046393,28.892674341244604,31.63282555335258,1014.2969565706318,25.316576122817082,0.2104540903295471,Soja,0.5762676367718282
7.085400317817755,43.487267163464885,22.94832093952079,28.226849093380952,1053.7427862682082,27.923051328814015,0.25439557844527755,Maïs,0.48942539370603033
6.75096531750151,66.241771803072,29.19628072246102,26.065147519516273,999.2861623139669,24.75083790576548,0.23924957795419494,Soja,0.6504037472425523
7.077670421221603,30.617220216826333,27.07094782710593,18.03422154181254,952.0175546928939,26.26727775736798,0.23944395092529186,Maïs,0.4695883250348343
5.49907446860386,49.86501643826202,20.118821882965612,15.495371742517193,1162.1280932496634,27.81555067031133,0.32939485118064044,Maïs,0.4606226143232105
6.227276144289351,34.0548110847948,13.039761086664427,18.775330135922758,983.0717979146276,27.355128928386357,0.2233359677321215,Manioc,0.40578545550129286
6.371343546721648,66.10348659622598,27.807869339839204,41.219934972439866,1068.0269230887807,28.534398447681724,0.08665625886013914,Soja,0.6495904539146624
6.732740187532675,32.60741605146528,26.32887594254406,12.471565679642431,926.9142159537969,26.68458965586042,0.41734170775851975,Maïs,0.4995885373108543
5.492314628974793,38.31909546356951,25.423677983317184,35.456203760000705,891.21848519197,26.618215542637998,0.2206769934447007,Maïs,0.45336718915330637
6.40048603422504,66.29507676002703,35.01106436014853,28.49903843918142,954.8089677338219,26.524148395612443,0.3502802734320083,Soja,0.7048492508319312
6.60503350426129,55.674944050878146,37.54034752987453,27.762021759822247,1008.4359624230781,28.659664528938094,0.24324859924717104,Soja,0.681207036712545
6.966238264619049,39.31814390606622,39.00235072704398,25.031918775696518,1159.0505052728715,26.878054344889883,0.1523175874124686,Soja,0.5989498542756329
5.830187152897019,71.64136788742253,42.186006539101044,37.08582689041656,882.8793704823782,24.8849795122764,0.27440060631428,Soja,0.7321017439412076
6.130205185922414,47.502002062516944,22.307187411286513,32.0458496654769,1109.0215728006906,27.05330576566406,0.31666272389170563,Maïs,0.5177262717804296
5.154603192274057,29.290758676133287,20.13043720480002,17.897276004300853,883.8920146901487,28.72481424685697,0.4718637958991486,Manioc,0.3527085639704266
6.566441806232444,66.32522541759187,38.30825154317128,27.501344749809135,885.3065403678281,26.222980822731458,0.3104532944100956,Soja,0.7314969805577123
6.722764086028084,58.43533867698261,36.97870237065834,31.36708779705334,1015.9546672692059,23.657154988458203,0.2930529611677034,Soja,0.6785126497047789
6.928597965533958,30.555199528627426,8.306381469322133,33.41138734275259,650.7541726201871,27.370713511814962,0.33998622497741415,Manioc,0.3453453343297012
5.538796231923643,21.42268186952122,9.285287268083923,30.894087306721786,864.8235712299613,27.682231660273942,0.3637412705718945,Manioc,0.27412185727944927
6.811007179705347,51.42717221342522,30.36660987807497,27.483455018857363,987.2113396786996,28.613710614964443,0.34153183002721516,Soja,0.5961564152756931
5.716511928435394,43.19608318237592,23.27544418379329,27.958317035510895,1018.5986421630148,27.084665966346794,0.2997805489387079,Maïs,0.474809520087564
6.146484820022721,46.68460976269614,17.69248665551439,38.23537157102346,888.1281482168094,25.72702700589767,0.4823942407097159,Maïs,0.48240497671796584
5.662972248634389,39.169936506014515,18.234542625625437,21.58621474486989,1272.2613277979312,28.5315881902958,0.30190327410915174,Soja,0.4182699055790595
6.281487195063569,58.783715521247096,23.329218165448165,41.03777548932293,907.280257271417,26.78687981807093,0.01606326801868327,Soja,0.5813410278037074
5.900303677277989,56.48637349428715,18.1014086389104,39.48430194441801,883.0519227148483,25.34238324980816,0.38006941769150904,Maïs,0.5039952046815604
6.148398195552274,53.83900713603574,41.56983930437319,35.07549891613135,986.0665374133383,25.46089959445637,0.10179723181889891,Soja,0.6834922258067601
6.456320562925183,55.75693210515088,33.476911285696744,25.445578831731225,1274.266109867782,24.88180716013615,0.25398493041503256,Soja,0.6570012972085562
6.724868033931906,55.89822174658742,21.35748207762694,40.70425954480654,1172.2794747926257,28.165855787046553,0.3456128605741,Maïs,0.5552681975181981
6.8586970328171635,32.495922660302824,17.950395887256686,28.474869597418564,1115.4826358080486,27.937068477223917,0.374753283649597,Maïs,0.42838425060797414
6.467238569283325,51.305248419538636,29.17967676154823,42.736246694570944,952.020081647914,26.686356945556494,0.373237920001729,Soja,0.6093415052608653
5.229628575872668,28.03224341649505,13.164429149638444,24.43314341210199,738.5783802157843,29.083081723416555,0.5129012808692438,Manioc,0.30332990074789584
6.183623364892001,52.93488720552213,21.43967884660031,33.31660421240275,1113.527520653067,28.796372577047954,0.1300477368791271,Maïs,0.5369569863973975
5.524552221502536,27.343275113068497,15.219541509385785,23.445919471854808,755.7525571920096,27.932511424110785,0.44900756337697684,Manioc,0.3391168611054326
6.880855513959221,60.136704971813984,39.83013853616157,37.443642108750254,1231.3274647661076,25.229153561127916,0.2467161649344053,Soja,0.6931724383786764
7.077082257095461,51.17719998327001,15.099868538211485,25.930578345773654,1094.9380356979982,26.158026275816322,0.345268675490817,Soja,0.46330423401237014
7.569845721364191,67.50295125012974,25.709994037279152,27.679033882568966,1054.0857261277579,28.727707224224126,0.2619392250394199,Soja,0.564570351485146
5.830073008912529,34.96192853596316,20.734814341275847,34.514022621602194,743.4886063551451,29.08804647609826,0.5301094434475427,Soja,0.4332970557257355
7.25288828914376,46.303909459812346,41.87797851598597,29.582341588342974,948.5969410702568,28.286513473835107,0.353767954073026,Soja,0.6241609465279339
7.770150107928489,52.74588615923451,41.614894649534335,36.707217425179,1222.437202060761,27.81795926867424,0.27826338562598923,Soja,0.6060608875601579
5.111358307404085,32.483007960800876,16.96995286087504,17.55494356171456,422.3262566111837,28.92643463996512,0.42142714532923414,Manioc,0.3388360754961294
6.446225632004075,56.210306673244716,26.63152092902005,22.670513111337414,688.5578704270002,28.15569016959658,0.3946890241679892,Soja,0.6083798211002327
6.464902088957642,45.700521631131814,25.842878771204944,30.669167285853494,694.7146654972497,24.873536638392157,0.2242510636511159,Maïs,0.563070414632026
4.978637566372763,9.447351183793856,13.84065746687105,14.27589787101801,793.2107690421935,30.598369310336473,0.47193529185335414,Manioc,0.21548652811041652
7.598076159877462,71.93856046590923,23.56588939068198,41.97447558693354,898.6336130745412,27.7755101446945,0.25602420313437063,Soja,0.5641226883693238
7.161540199670319,80.33935862101568,22.390527409455572,41.30688248838811,884.6592988196677,25.752892929370887,0.4151233971706858,Soja,0.6233766432186786
6.19018110053666,35.78140186874687,16.15972697183779,31.40329354093357,1122.8972154892538,28.175233450919972,0.41103382712601977,Soja,0.4321687456334299
7.244187352390364,41.16028728047648,22.271336253999895,32.66388770430466,927.2048926525941,27.6539682928095,0.21341171011919646,Maïs,0.46272056447039034
6.927959569829418,39.57321287546667,34.98963363468403,31.997544884610377,974.1037898643965,25.319319497671273,0.22153354495647293,Soja,0.5739421886018364
6.799116392346136,45.3959124155686,30.598070796539368,43.87600171030327,1233.8437701927887,25.15217145676823,0.31981236054063567,Soja,0.5752035282523701
6.059241293608009,30.625594528404783,14.20425264231136,30.01727229572888,819.9921451752139,28.270522853665714,0.6601165914293478,Manioc,0.38737055597196324
5.53771250935822,42.515815336364156,17.807867352855524,13.771303625506308,821.8127873421221,30.255320490260203,0.32587848731072555,Manioc,0.418239982403889
5.016702669234005,37.623553357556645,18.839688317582684,33.903238094682,485.72557415450325,30.96297043616111,0.4840970693238477,Manioc,0.3649058858331347
5.937712688274278,34.18096663453019,16.935741580304533,38.9466763392035,597.5860976694988,24.662939047598563,0.28352407660951395,Manioc,0.4113352243978631
6.938270174862948,43.10879609222967,19.673800501548634,16.683006375363902,811.7823464856618,25.592677218661574,0.7052859502899175,Maïs,0.47599618264263843
6.002658265991724,46.80708586234918,27.712787870412356,26.29856767312861,1283.9005614648613,25.92900266359901,0.19882039863480197,Maïs,0.5439625147137047
5.360137693134165,31.497825214299795,13.262498501470448,24.198340604010575,510.8373978127255,29.56933316736986,0.6683247438118415,Manioc,0.32803062852979425
5.535572828953972,31.110583101863014,15.075616307922768,23.829449445207498,592.165349200749,28.141109075290167,0.2643969464941248,Manioc,0.3536852320740636
6.367338740829461,60.87087730494827,29.850071935333645,32.349466163956286,1053.8170310688265,28.441809651752358,0.2745437622578789,Manioc,0.6436050599267786
6.293227157384714,61.07345576019993,27.647863484604898,30.658373452286273,846.9926985495057,27.578789552322974,0.2930443200398037,Maïs,0.6225158641311492
5.173990734265068,28.784844928335403,8.837054679155424,18.51081424827481,965.4935171756565,28.654288607245608,0.5580729162381431,Soja,0.2704748395369161
6.080015924191474,65.16066806525012,25.854289356631906,35.86347806177694,1071.780515786198,27.463109688378864,0.3683375805833059,Soja,0.608446752118375
6.42676715075699,41.42970799193391,14.565683784840145,31.313851909987264,602.8933900999841,27.648970722427023,0.38549781173205655,Maïs,0.46163228158970926
5.8164534527983,30.92936601092156,21.370317917580746,26.337099193163755,1015.2695433383553,25.68812260735559,0.7816999542902299,Manioc,0.4210445695493894
6.294043473679089,66.81586957765133,26.22832748772018,21.21152984034272,838.9760985925393,27.010960201037406,0.29927839739235274,Soja,0.6347498510848957
5.789658840824145,35.26931059118444,23.532302534045904,33.762959409743935,996.3571164548981,25.201222584755506,0.23336634037136045,Maïs,0.45153008916101245
5.402974844349918,35.16277431107104,13.086107991452208,9.520099906145859,860.9251589561801,30.71670045065021,0.36516708563963646,Manioc,0.3445089525169776
7.261078098506317,47.407531794885685,25.064752531165567,37.07244143246977,1001.249034792894,31.4568226283903,0.17239746002036177,Soja,0.5060294345003744
5.114391989123072,17.982423089315404,21.514642109729056,29.171775019903222,514.1191222325924,25.785894023814045,0.22676126807654512,Manioc,0.3153056164521223
7.3404962020587465,59.473206691316825,25.303599356206604,25.178655845605107,1159.231146444201,28.133520662034257,0.07417783701304215,Soja,0.5485800771690893
5.434496024062126,14.512280525657092,11.919862281410222,13.796967762619149,1021.8110893119497,26.07239382308463,0.39603674750915524,Manioc,0.25784407324465
5.9224002366534005,49.38475738809727,27.482629728313512,29.1761073837277,928.2682157078169,26.32646911624701,0.26723919023728987,Maïs,0.5459527451900927
5.679558603215661,12.862280944131303,15.026026309474732,17.5348189643749,1006.8226452894319,28.345821943058844,0.561011754855793,Manioc,0.29349832507450135
6.09585339451506,33.56974297130172,7.895530073882783,32.902241861576314,790.6943709124583,33.01866721504437,0.3366037063027483,Soja,0.3561114806258071
6.056033270685463,44.40883256627784,14.558453740599353,27.647169743851386,936.4398379349351,23.51279841183392,0.22537255885824603,Soja,0.44356887161374986
4.946783953714195,22.247258196248577,22.221717059899724,27.407729038817838,947.9799525109063,30.49412769771991,0.7249671222597673,Manioc,0.32369336329564635
6.117308989647753,81.50017917207845,36.25431026098193,24.245425024399324,895.0316125778643,29.024271312521748,0.23341999818969902,Soja,0.7506492392343332
5.626741766533563,25.987000853769004,13.734565794929445,25.168665929694836,932.6306823389323,31.333026995940276,0.4732275672465576,Soja,0.33123248249141835
6.307750392189025,45.200725754325,26.59336034873413,32.17659620251996,1023.7347197498008,28.79308365454592,0.3138866696028849,Soja,0.5539805149521477
6.164199370292968,62.388996637975794,20.037896094341374,27.42099483272455,915.842057774637,26.784685309034245,0.28939520549683245,Maïs,0.5622122019319691
6.7281804918692325,31.016733201333917,30.722513818361424,35.83353813424731,1250.8195443022723,25.464730867779483,0.29176215163717456,Soja,0.5255606440305935
5.420558548861966,12.016159777342967,17.742316367702852,8.745515643161026,876.9818187817873,27.83080173555227,0.266666142061207,Manioc,0.2891463814988497
6.8960011431723,35.428490851049574,29.988034371930418,30.04094573677381,1193.488503579208,26.96156242223088,0.3367617040718427,Maïs,0.5240635180072746
6.366831052643474,51.713400764504655,20.72674618059309,11.015255506253542,972.401286658982,26.566594665659007,0.2459757730000988,Maïs,0.5416735540341627
7.076135221711811,42.90778126255472,25.31824051511415,21.233884763102793,947.0308483218938,26.154120490758114,0.33924868498534144,Maïs,0.5050681131407815
6.285684140594985,42.964196398976384,30.288724472142917,26.72201717934321,961.354241000764,29.32772032230753,0.2467671803751137,Maïs,0.5702393005328312
5.765001378975086,35.01217563029517,15.401811629815152,14.017719165072144,728.7048861057316,27.7238239691135,0.24028769401218253,Manioc,0.3896567066731621
6.493882849192226,64.95068302764534,23.28475464346721,27.690826197274262,1034.9584343228255,27.32586972438426,0.3163910327566857,Soja,0.6221219823325945
7.824406152870113,64.5155392653457,27.761818500127468,32.47808587907248,1132.4304428112414,27.94144363929107,0.41646680302676264,Soja,0.5473883971161945
6.632877597085061,32.03168052044153,18.087466668441635,18.39779809515546,828.0764614495153,28.893398020298324,0.3945844968956624,Maïs,0.44562763830942886
7.016715766150548,44.94403981170954,18.509307799647676,27.433578636361183,687.1434357288505,29.513270196867282,0.3078946378378755,Maïs,0.46846058130698576
5.8877751917309435,25.020780992127275,17.750642406089398,24.020598194971498,600.5285546327457,27.69197236680772,0.35151345549796176,Manioc,0.37742902138931045
4.89172370886075,36.51956477497393,14.006654330885485,25.152519383657783,763.5224126920131,26.187360261150786,0.2934118529626525,Manioc,0.3155818226083731
6.621019518498615,81.87958230677737,29.027190879114254,31.928977122558056,996.4226802484075,26.941132395963123,0.21694146615416682,Soja,0.7207147068637338
6.1702373219691005,32.757017637106344,16.629580946340372,22.474630459962277,1107.0367691732208,28.65985997999864,0.29615491551834155,Maïs,0.4221521321164723
6.277045913368851,51.845811206075524,34.613181664147675,34.53940881510876,808.6840470017383,27.355387968119484,0.2264555542126491,Manioc,0.6355986537786088
5.325066182446099,11.172415042405081,14.397512930503202,32.85615206599425,819.2861593527623,30.472365347309257,0.5566161037762791,Manioc,0.25397914533646326
6.266677403521011,47.91565969833603,30.811025311894,28.85867754423529,985.7367449307958,25.6620653146135,0.4364413663859998,Soja,0.5918612431308744
6.1826575563066095,55.6020990749888,14.317266573985199,24.128371281601073,832.6102103872116,28.078955138853313,0.26080634632065447,Maïs,0.4957147363966786
6.224980911178439,66.9532574718052,36.11865381935464,30.930685924592865,646.5181291564759,25.648472498145644,0.4289884315550855,Soja,0.7014053011570607
5.359274476073193,15.225101231094913,1.0,16.67926930619737,768.5520131726046,30.613937801724123,0.5605606005926508,Manioc,0.17551228208157782
6.224488304304738,67.3170325256152,33.92370499409359,16.702763931579916,1020.8110316571608,26.60882004711561,0.20537048884856807,Soja,0.6868884511986885
5.956123659375914,18.324072566949198,11.515292699309516,17.381395399420835,555.3437716406019,26.630414572641172,0.2463451909698672,Manioc,0.31154687927040325
5.788889802216785,44.724850949493636,24.48919300217146,30.65407183108287,863.8848987074603,26.111165144163277,0.37318560566285025,Maïs,0.49536899439863
4.471738673562151,21.498873358464735,20.813240293430965,25.365497365809862,1017.7809128034388,30.55039263880546,0.553252055555703,Manioc,0.2725610438709703
5.894241098504026,56.26050250772168,21.336007788656023,21.41720758460953,876.2064642695775,26.740716408371995,0.4170988004746276,Maïs,0.5260578053750976
6.424063101856742,52.7368977867242,27.768827702957644,28.808938263132635,946.4106780078288,29.2383249295612,0.31064926261587394,Soja,0.6012650051952946
6.136041204259617,49.037300903366095,8.570612600050168,32.43562717341841,853.8378100192467,28.539826402488057,0.3639339851187149,Maïs,0.4246911486719993
5.782695321008086,30.745768642360776,12.651351017552011,25.96685214478862,964.1150223150078,27.457273362850827,0.8215393700585119,Manioc,0.35446786023857785
5.422966286116615,34.24893743034369,17.150714871576856,6.074395148957317,696.4392737522458,26.748492729556204,0.37041294665291863,Manioc,0.3719784801799886
5.3445092009800685,35.97019373525541,14.760071025747095,12.274656689222152,1080.5530430726155,27.982161528465344,0.7027596517999776,Manioc,0.35511433219526967
6.5052928726419115,53.62393472382759,20.015264654034656,29.385416671394527,1008.6691815399089,27.10161105010638,0.5267134554604795,Maïs,0.5542195641579496
6.33896404775082,59.74837007929606,40.32285789741978,31.968640415223078,936.8456309816767,28.361174041692955,0.1636992861997008,Soja,0.7128088539355644
5.830472539214766,40.48693055329799,24.48636885732715,32.34784817969398,817.0143863600562,28.32530624338828,0.07282452209681045,Soja,0.48210588837941654
5.398532829355746,19.870362002988017,20.32981859865913,29.218005214981986,632.3902530601472,28.257819354278812,0.411489929477992,Manioc,0.3368356835859527
7.273240297778015,87.48025529170602,31.572426210992525,29.967541929371535,965.353239127591,26.16742858051507,0.14793980272186802,Soja,0.7088714653345447
4.754470521185292,13.32039137324519,13.57744847830389,11.024255040404677,751.7541342810301,28.937751317218684,0.471899387146896,Manioc,0.21078920985050525
5.495873349463167,26.025289111251368,17.34265628452562,22.25559099047241,1221.7142614917334,31.44070724798764,0.6192003939302262,Manioc,0.3470489036708556
5.949034018982303,21.682384315343903,14.35351271482246,19.94932687627795,875.2787140879154,28.70065388716135,0.7120588716830272,Manioc,0.3446693413850316
5.400171427414686,25.206434771720378,18.878376498078445,31.00985576508458,955.8570659451818,27.92425526275138,0.5673699032812011,Manioc,0.3473156349379654
5.306351459303348,35.90789365162341,10.170145376942319,15.312393850289503,1091.2523266098872,29.031754194355205,0.15493581556407693,Manioc,0.31856974454582143
6.324236299949185,70.33160019769372,27.721819697664955,31.169492885960153,1230.622403327239,24.597039487253674,0.32806306743514946,Soja,0.6617294751647527
4.760394700490737,32.25375786691011,11.886930500203405,19.28531307623163,836.5897197903432,30.43525024181803,0.6732201940860303,Manioc,0.27304240178504885
6.522530791420605,31.495821523097558,16.40959010375525,26.476335106023523,767.303874996878,27.915911947512047,0.4854970369009275,Manioc,0.44020613999096136
5.21787411547614,14.242678333666424,6.981352624850523,29.889639826076767,855.0262143349598,28.6802963202566,0.3584668961193219,Manioc,0.20368678577566252
5.822862074990321,41.12900297525599,34.40743802898131,24.580667439227483,974.9983726039766,28.437355391981065,0.27079076369185107,Maïs,0.5558733978048136
5.70519758987071,34.096009225571535,23.142543339550347,41.08172488380697,1094.5860401113794,28.060300525117654,0.2929400575042173,Maïs,0.4373625299489912
5.496268112811722,48.01791899819466,15.093915498282957,30.997303734674034,918.2923655273047,29.409072100956898,0.18230543899037288,Maïs,0.41677709887401065
6.03630079333526,47.338356645433464,16.396200506105,14.566224502255197,642.0759676721191,29.08746464806887,0.4476679269534638,Manioc,0.46675624494606305
5.382012794966872,41.67402715981579,12.733702370264789,24.26660024491478,661.9634854787759,28.528756126989293,0.4464193547535821,Manioc,0.3657367017640172
6.580207328072149,45.067998445599976,17.63036678556032,33.821317503262826,1054.6961045195146,24.57259563067567,0.2696850157436836,Maïs,0.49749905418204077
6.310406929426534,50.767590459956715,31.586601517542956,28.17317559513479,950.0604175589781,24.69200647266897,0.34046574819098413,Soja,0.6121280803960765
5.6379392879078605,33.95951878552749,13.597141467007237,30.683791182805237,517.357402265268,28.530725473544877,0.5196731408365851,Soja,0.3623034748051317
6.30957516383197,43.37207093927706,24.69684347699384,35.40469926574557,794.5784642037205,29.50898988422,0.06815218097760486,Maïs,0.533238946457668
5.224536173760934,24.51177197869987,21.161021187069558,21.908529009136608,612.0463078044758,28.102042521467947,0.47895762044371726,Manioc,0.34708381229371377
6.120996050710506,54.53136633913245,24.721052275326805,23.72399652136454,966.0586179488445,26.909926553383013,0.37703365553324414,Maïs,0.5619581890476404
5.426880259590922,20.66782912086097,17.867794184387126,24.346716775992384,987.3156397039402,26.59324938621225,0.6648117905856845,Manioc,0.3243870345684366
6.534836274415019,49.28307097207649,15.416184834202936,25.094297977256414,948.0043046932047,26.152959160513312,0.23369167846573768,Soja,0.5015696398439502
6.562883311949346,37.8084668075758,5.007066411336588,24.627638202345672,653.605505016257,31.04811165799996,0.1924358942609783,Maïs,0.3790615713561813
5.614639359077215,60.89869503283104,30.10771295150888,27.39397907417115,1228.3525421264926,27.19369474193823,0.3187041091888638,Maïs,0.5853641637408233
5.3746946116163,19.352983975795986,2.612469406854917,18.421158757322686,937.0146270862715,26.091885001193916,0.6269307401411608,Manioc,0.20456530515667165
5.944068496013239,26.877536575871627,15.566672319526509,17.408153194395382,852.3644122866197,29.73963742411897,0.6158389717934226,Manioc,0.3733717729829966
5.557865827655224,25.667003682963166,13.231737225592244,14.96640314423741,527.609695551601,30.71347852568956,0.3171396599049368,Manioc,0.32082891691119814
7.050809724462372,51.503123663813284,32.80214265208374,42.75470493883155,1063.2198114094942,26.91993567369585,0.13878226016037093,Soja,0.5949116158942098
6.338276028655985,36.397599451488865,18.176227683019782,14.477185070989687,737.3618810727951,27.343845149757637,0.44762011223197296,Manioc,0.46103260474645646
5.46478910897348,22.336896129513224,13.984157355076606,14.406047486167399,676.2762018155072,25.853664704613898,0.5049219788948524,Manioc,0.3058132079396213
4.821004436198658,31.622645887617892,4.867111117002823,33.35046465040564,809.9816003283859,30.987940364361222,0.4801571496422542,Manioc,0.22457368816371284
6.120030735018287,36.7311964596014,21.09497373059983,31.99355045848161,870.6198485282731,28.601715117501826,0.16150039382645504,Maïs,0.46602000705482804
5.2178928714377655,25.316627264200896,12.19474573988866,19.005592488972006,868.4605970568589,30.814916544178455,0.0734666788439381,Manioc,0.28474945816107167
5.637255476350812,53.96839315865532,13.617290889322053,14.984642598379597,1081.4260897539614,30.79496908246843,0.25220603597489416,Maïs,0.44062469931879755
6.631075453042863,62.28706021305906,41.922896482121416,38.208198176523695,933.8745171587598,24.990066994100573,0.23398975863079502,Soja,0.7367216923720796
5.479588868974802,41.44727707540142,17.87193175566938,6.763916840698032,902.8755254421335,29.613193267956227,0.3207880906220487,Manioc,0.40987642715705924
6.246875237476862,27.143876102018773,20.70392900226237,33.931069242293646,757.5235822039497,30.831362921963848,0.43817611807898177,Manioc,0.4358507696141699
5.5990269698219715,23.943337504275235,11.792921049882828,7.606380438817293,910.1882252519993,29.421965951353002,0.4277716064394537,Manioc,0.3069602197855844
6.226415077665427,35.24370344362072,11.882015598336803,24.277631597089584,849.5447637623056,25.803212171410276,0.4507714710812774,Manioc,0.40197841032247383
6.213882489329229,54.525801493221266,34.58008175431993,22.554742126387282,1245.2074672876563,27.351088827204393,0.22569878693741702,Soja,0.6407839404035229
6.045393812074393,49.190190093660455,23.436427003212263,13.394656391402407,1092.321964470743,29.038448170808874,0.37786583110846067,Maïs,0.5257217360082456
6.797855766208476,75.34436193015922,29.878311233201412,39.29195582285874,1060.0146454857322,26.89177521521039,0.16864574272944644,Soja,0.687181963905151
6.7497602097080796,66.62493545400702,22.768798084755392,33.96925381057258,953.7532723035065,26.403133611823964,0.2982229360055162,Soja,0.6054389957148838
6.615684208049854,51.869550385049315,29.59389433924249,41.64570432094668,962.6520117417122,25.08389156290558,0.18019684953590365,Soja,0.607914469466541
5.22509922893931,41.66579827586962,13.06752554838605,14.718817061308192,724.003876735146,29.784364115900317,0.5078732229648335,Manioc,0.35556958355748886
6.5062014999541935,50.33505647594198,34.85677788999213,31.88041063005653,1083.300110763921,25.89428005257657,0.3095963308831091,Soja,0.6487967229511862
5.828746793097259,40.63884653795457,17.10680127153354,24.19384143961624,674.2747235216336,26.022781330830664,0.22931823835812706,Manioc,0.42910585543705637
4.538950744617156,28.67217258373197,22.7490930316417,24.070106648394436,723.7814150277301,28.05413636572066,0.3088596071035672,Manioc,0.3200067968879067
6.008980534201033,37.333047919322425,8.886248606309124,12.308225491915946,796.1601713064042,29.448033615617394,0.4556945592315953,Manioc,0.3710518274001935
5.698000808406523,33.856008659128776,18.277771791442262,15.550683444624003,915.5681165408411,27.262176248098992,0.5867720390356203,Manioc,0.40060913029529843
6.217762616851815,26.26160297635379,18.57274880731753,22.51810049164131,598.5096416457362,28.511079553669944,0.32460903357502374,Manioc,0.4146344901867115
4.7599572593589565,25.56756669092852,15.930342162352733,14.909945320111708,1031.5253755618746,27.263242505333405,0.32811232286171,Maïs,0.2761555438889132
6.344887428448207,61.39964529371393,17.052915030833958,28.089800504805797,943.0608174100486,27.045672134301512,0.4577071890844295,Maïs,0.5511765846900313
7.077397090992182,33.73232531090195,25.434341867054055,33.12368851756892,570.234602562378,27.548594320525368,0.2665952438870527,Maïs,0.4699343106947605
6.727779849493401,44.954724079037064,19.94831515380389,30.654447251363088,1069.650806940918,27.72670139062761,0.239270605656612,Manioc,0.5020410734236347
6.522687974792574,63.73297776217545,21.685573296535182,23.249498570941277,1390.3486853491668,26.67411939949894,0.6266294577487792,Maïs,0.6044512662939459
6.22597294290365,36.91734278359074,18.788099724594048,31.688285465660556,721.9569811639085,29.286891022447747,0.5628500401426108,Maïs,0.45851269505818243
6.172852566741094,36.33825151785499,19.982471567913567,43.37356199506959,1215.2253939589675,26.095111990634535,0.30836451233151363,Maïs,0.46065071610091035
6.182086980445025,34.07687235327421,17.284083804190104,19.9988648154839,763.3186249872915,27.777455862609735,0.40859544497930395,Maïs,0.4330014964966612
6.508842649641503,51.70201146331327,16.632920629621687,30.89327317607259,1086.5912038959004,29.349241228183168,0.3035637588465164,Soja,0.5219203762659872
5.183717349258906,11.960964262136542,19.491512748445174,26.800291161516558,1002.3372610462925,28.66212348297675,0.39088642815291347,Manioc,0.2826540695159442
5.7312309596848925,31.46691387033419,14.331861351366143,5.0,902.1194858575933,30.096934676165848,0.3704983861830051,Soja,0.3653434579224038
6.396742692710875,49.72406277880377,6.806523488681888,26.224267457203332,970.5119971098846,28.665397538532243,0.24640283438224722,Maïs,0.43545367942580115
5.8047627722773445,43.68743032907695,29.201570498432975,11.256306569808835,955.0854085523506,23.932352510190007,0.37187956100211167,Maïs,0.5267181658423032
5.835018809606283,24.292690890526423,10.286123798847626,5.0,999.4081908350241,29.612468362663016,0.4722695522320334,Manioc,0.3162905555725123
4.59731170112279,24.856643031868348,13.741106630368105,15.205577691010197,730.9739565937004,28.757127282045538,0.23278128370846976,Manioc,0.2445060255721652
6.327210421650607,26.693671031435432,31.126037362956282,22.771537004508826,1124.3389396258501,26.37881651906268,0.2130166699439937,Maïs,0.5160127992395175
5.68788536699199,23.150936459373504,14.624864998015996,23.339576275286397,710.325454273741,28.039675378993415,0.4473947988736353,Manioc,0.33148475609918887
5.924353725087344,30.046645710924587,12.953398927066573,17.35994505100091,830.5275817510883,28.264551511653025,0.4528194287978238,Manioc,0.3652550942402638
6.764267376956973,66.85715180292024,36.31744158890493,38.9953204368105,985.3621798177383,28.349595074261597,0.2333372891945605,Soja,0.7033296615670117
6.728790874605218,49.105307024594644,20.821993247491164,39.476353549521384,1181.844839751012,25.55372759748872,0.22661567848658676,Soja,0.5245167178565713
4.985149549954166,39.44978698825088,10.114639269292994,8.588288708610039,539.5837208608763,30.581754709544995,0.5402370068103269,Manioc,0.3063194841776692
5.914410505108602,38.5851309095569,35.628698472536776,30.952460519756094,1026.5186541875112,27.49234005195916,0.5647762775861607,Maïs,0.5620978695926466
5.051924852220666,26.194859374098083,6.59311554142368,11.102509589771532,685.918043759996,27.965268803093682,0.29392990381656514,Manioc,0.23432874662373485
5.781393740208965,30.09956536979085,12.59915207896383,7.382162910943023,1155.054459148443,28.72103609018812,0.5402904355654863,Manioc,0.351459114271073
4.539165968495361,37.958155937308646,27.541531365282815,23.673290527828463,933.1566723255085,27.955968335002467,0.2673751010676201,Manioc,0.39104536190399614
6.571957136860663,59.11037187675512,24.45164018740172,32.148666478980566,952.0584224903756,28.307205441341964,0.41438259300890934,Soja,0.6024732032613083
5.853394878469924,22.976800663082944,12.092096183863909,30.875081785845953,635.9695897574675,28.30590612577667,0.4516812229793849,Soja,0.32569787920392357
7.135428798956241,67.66957886159886,31.720495121668332,31.060972108394868,1266.2716284937965,26.462178569618164,0.2409575899324706,Soja,0.6435138987267075
5.80189987329254,28.764756663722444,23.81236582434806,16.55382713055693,751.200255323577,29.918948255181736,0.5790277816172766,Manioc,0.4291068181760381
6.117301920409149,56.590097162106176,39.64760892669105,25.876249756977074,782.6283262477502,29.535119447167414,0.20856202342924446,Soja,0.6778364310417085
6.3920327244696535,45.24219456672758,23.77374693248257,29.43331217681249,934.7007925046101,24.65049457871168,0.05179491414827614,Soja,0.540460588980281
6.224260813972414,43.67366253617426,19.29992285202512,26.597531955440854,836.1543951644983,25.665169654907103,0.21278710345993884,Maïs,0.4884988704359172
6.699005054929827,55.51947617722919,29.083845474712867,21.049937992401183,939.4669457723575,27.16997295851049,0.47446082845462617,Maïs,0.6118244699118942
5.771958087045567,58.40450446023144,36.470060053470526,27.558138908221263,623.3048401707969,27.90377138038274,0.4353345632533975,Maïs,0.6342853784314968
6.060384417561492,35.36735156508892,23.386197964872284,5.0684147778921975,556.0845081604989,27.846528239789894,0.4665703133829204,Manioc,0.47251310368636357
6.5481031824067095,49.27194361871685,29.183481541871366,27.597375728961758,738.9584899230246,27.80104804143332,0.26080229241736663,Maïs,0.6001919847114324
6.132282297270646,63.33053251534271,28.252289225342164,31.029024421913864,1070.0792462548418,24.43716202862589,0.21336566794104878,Soja,0.6228432363904192
5.844254230039299,21.841820375362808,12.654346419362689,13.832007897450172,728.0319169528159,27.271988741321902,0.3886655737515757,Manioc,0.3246019368792159
6.703408180895702,66.43382532668146,28.206838656279164,26.06251757762513,876.4461384906527,26.76112377752211,0.4117959684380905,Soja,0.6477919061469867
6.536929225061341,48.60578150967778,39.29033855961251,36.28139690947416,1048.9115077765834,25.755930758245068,0.1940678022524317,Soja,0.671693165323358
6.944555933723475,11.501465934711451,11.378181840982696,22.594927793950404,1001.0562969752232,28.49662131202428,0.42297965933852233,Manioc,0.291824531543619
5.913168996559882,43.65691258529452,23.90471956750105,34.98342453844171,944.5115038485603,28.74973664994415,0.5465032609507283,Manioc,0.4969021490637958
5.35376768514259,52.08214423256557,7.070035879522063,17.003829800118616,847.092536444723,25.147783529869926,0.276766858675739,Maïs,0.3631440447187819
5.713178648940787,39.845584733770195,15.921086147650467,16.132174920044985,851.78276786163,29.594567985495587,0.45495238154022893,Manioc,0.4081698838239399
5.7994233999343905,29.934845357090932,11.845682446582956,16.296668964109383,517.5621755552196,30.311355009335504,0.4853680596297051,Manioc,0.34679950605868537
5.429775962981161,20.74141333876976,18.815711503548286,27.54554642782235,687.7087552362931,28.2196106192571,0.590141102645482,Manioc,0.3317728877403471
5.3967768398712135,35.96298139269872,18.35880893285695,39.75072271360796,1104.0341927386871,26.170939629532434,0.2741863439795412,Maïs,0.38533599325001605
6.405633116810711,33.4368768372001,13.652531221480068,7.673937533477101,860.1695838937738,30.353704788515714,0.8212970701404153,Manioc,0.4220768055087494
7.035089087373385,48.43254540153553,25.854835690116346,32.49143247562444,1069.5388413949872,27.571039768145567,0.14942607611829706,Manioc,0.533839301239679
6.007576291989409,19.171479456879673,19.127072989115426,15.627613630108197,673.2151416402413,27.940482007426,0.4911770981239925,Manioc,0.3741142761071885
7.41594442418511,70.06387827437126,32.74783470666184,32.26282733964329,966.3828477417092,27.76287342201572,0.3087565595435331,Soja,0.6378756107762902
5.591852844788417,65.17980663645527,36.482473152629915,31.599375093735524,876.970895708713,27.203885781972744,0.3019530432515955,Soja,0.6464567075440956
6.069893393607905,20.56271243260718,18.93638146561457,19.08898713811407,888.63872104775,28.658118472026292,0.4554418938957503,Maïs,0.38315770994864423
5.783822213447886,40.23779126455341,16.713589980032246,19.900183669007106,1101.5411880254023,27.727111085937167,0.3094857362580335,Maïs,0.42109552348619655
5.580497664165386,21.88084692927852,13.608448720617119,23.93019216581026,1417.2038860414784,31.704715334522056,0.8194520533162536,Manioc,0.3105652988283538
6.25268775307298,26.538121377619063,28.410276002164096,26.140768077997265,1030.6652285552725,27.737140847865177,0.34750970651496543,Maïs,0.4897704584897447
7.170481466182704,55.85477676950818,24.638811521755656,30.28904881906833,1004.5794385552118,24.17885691285664,0.3200829099825002,Soja,0.5432184762799527
6.519296229388687,42.76534017628148,27.21492755498138,26.298571607833935,869.1858743980856,28.368392972856853,0.48512836407357307,Maïs,0.5627974961242587
7.682446294550728,34.347434492444044,30.440615675793953,30.694823696998707,1174.7510148356357,26.554165411471867,0.3642522819504145,Soja,0.4601996281795302
5.318479922318633,29.44104353796373,17.856753686102444,24.982121012974307,1021.9041430144133,26.208425491751637,0.12346483135517783,Maïs,0.34993622833174165
6.34008738891323,63.79859005145912,32.42316074738346,26.110344413335653,875.3934011041899,28.1477588838736,0.16795515332279165,Soja,0.6715104939110114
5.9238884778595144,47.62561329001925,29.120407721063984,17.139414256587497,1156.7701033180713,26.57275932697456,0.3219615513973778,Maïs,0.5510576623248143
6.141254786952961,27.811710663552308,15.974838529953793,28.216562405153113,872.276954429457,31.525344672062666,0.2663400340168456,Manioc,0.3957557405188252
6.238410945530128,38.24291920838388,22.3135509429849,31.361823509841475,1004.0553073857292,25.441881219095578,0.23614273317922774,Maïs,0.49022800211054485
6.171527188139467,40.27909422302873,31.93244267852977,25.644131870852785,724.5694086976416,28.789750342201188,0.35612281246306626,Maïs,0.5625153544270849
4.434501385422938,28.496535740843175,9.598664701096537,17.225088096603116,715.7375839166857,30.014978338633888,0.862984426620481,Manioc,0.21570540263100038
5.223475998353556,10.948769645749273,10.875196567043796,15.366969303944991,990.2678154497659,27.085616161724797,0.4304979040117304,Manioc,0.21946266193184022
6.577178573333102,53.526742891758275,36.32904716396107,34.97819746180979,1268.7141894893607,27.270873986331743,0.2941944383808378,Soja,0.6662620846006171
6.314801630201628,57.28339491906906,24.53736376688405,32.9451049839968,1045.8730638969287,27.31140645844247,0.3707776491775595,Soja,0.5868918187001688
6.440243775040482,48.53768255717826,32.12584815744838,30.901982722256577,1022.4943085627864,27.269778196495437,0.32718030002741794,Soja,0.6177027964290477
5.986719710049017,46.42464625450844,26.521706669931813,24.066962260159947,978.6099056487961,26.8427067403006,0.3814937045340296,Soja,0.5325642572328414
6.034897624091498,32.54735208856781,15.613644538527419,7.0214350936498775,921.2783901805268,27.731424524013832,0.30042846798214706,Manioc,0.4031459985437291
6.966174039825262,48.40546491027946,38.42800791059956,28.580612483527364,1262.3442716547345,24.826900400428872,0.1645533493732968,Soja,0.630323860172361
5.77569730615201,33.91208835687683,16.812715455464808,24.051093977863157,1107.7474451615933,28.439371469128496,0.389389582462129,Manioc,0.39643156969162013
5.873813583879618,34.87301334747096,31.438805936943695,17.066928970648537,921.3646955164578,28.83268750713868,0.5349266086155259,Manioc,0.5139859734904021
7.119881144802391,51.05736097851643,27.558573172951917,28.923087143261938,1194.853534245411,27.186510607767417,0.2553514652579667,Soja,0.5496598367899054
5.484934873542693,47.08841155779459,32.744896878413776,36.412811055690135,1179.0367817399879,28.236147346622655,0.19683618298730252,Soja,0.5400960268918411
5.189007692513751,39.62322000158827,14.809327155876797,26.269283793813663,1066.9865992741863,27.085425374352127,0.366893342386788,Soja,0.35731348149962167
5.751316912540572,24.121034198021682,14.97868531178062,32.49812088524055,1373.5834841259898,28.6549856519614,0.6027936765050717,Manioc,0.3429151275318595
5.420183902440266,32.380673519422544,17.549436239605974,37.2577270995819,822.4761698351862,29.35704648216396,0.3880921081207854,Manioc,0.36733966695364634
6.11717518019635,60.741996781550675,30.909432330878957,37.28282663257036,1288.2951107742297,27.087737797503046,0.1007248824093975,Manioc,0.6307618512680273
5.934124833420887,29.835494717643954,15.97581023570909,35.377796482155624,836.7476969592849,29.005151075674437,0.40705478956587193,Manioc,0.3871049005716482
5.807248508986312,17.352230362752113,13.576022216762833,20.139431623664816,1011.2915636660065,29.219540171994414,0.6714172311848646,Manioc,0.3107646552532889
6.4202373689801995,30.503547803014698,28.878645222404366,19.151956824368455,975.7203976385587,27.94681428653577,0.4074955461883114,Maïs,0.5220710695783559
6.013091001450787,66.8226420737092,23.983214250605204,28.887199745771767,1065.5709281676798,26.583617652157166,0.171141428807201,Manioc,0.5960370365180321
6.010936052324972,45.352739479274035,40.747336016469596,35.80229540435117,1135.1032466367665,27.832251661945758,0.2277979849619977,Soja,0.6333579238143392
6.0807503311928865,68.52737348118484,31.595630834438264,23.84560101866731,1116.3658739186321,27.519971829380804,0.16443210334741973,Soja,0.6632575146102597
6.429639614233959,61.82835444711711,22.06110636265097,31.139181618173613,1018.5958334688332,27.089323577892287,0.030801713525980184,Soja,0.5959111233568914
6.353649760438305,57.083662305931426,14.126684839411563,32.973843716084495,781.7373345716168,25.798969721097563,0.5549467475794816,Maïs,0.5138061436821911
5.41992272790308,3.4979127310725495,18.378322266284883,30.665684491040352,870.2309947184153,29.466439755119286,0.6212181867481906,Manioc,0.260398266143262
6.193165276099505,22.673115402912167,14.749597005717666,25.38743050202955,1008.2247108044251,31.415941348790064,0.5619416390415615,Maïs,0.3709425120132056
5.985527546764054,35.91483689776843,33.59898693532506,25.771358081233796,1009.3575423770733,26.060687103855315,0.21014163356991383,Soja,0.5426442400654258
6.484883640116102,57.81643795003769,24.749008688732193,24.236479695541284,872.1999920568185,31.500357833480013,0.35231371556585667,Maïs,0.6041155600507321
6.609988745556517,50.5285461181514,16.902601526581513,20.02558392492231,1017.6864521002574,28.277925758487143,0.5923749105357241,Manioc,0.5111942241337168
5.430655644846063,28.693707502433444,18.672129264048337,16.52212025500647,793.3385430668179,29.30494280533866,0.6312659983704132,Manioc,0.3618947762107401
4.9605903813082595,29.23607192108594,8.606320725903718,28.309816475537463,854.322547517517,25.625957493155944,0.6780901352644818,Manioc,0.2534956173417374
6.511549954754578,57.10650692602178,30.448717954651578,37.0727631978462,1104.4541950456405,24.827871425137975,0.1422987299151227,Soja,0.6429126226635297
5.513079946912343,25.281126630778548,10.158320683732207,5.0,795.5305434572035,27.71917951492466,0.6459420713592304,Manioc,0.29347421973684595
5.850257194653947,11.05314897995446,10.810884694161091,26.323128612283757,1013.1738976082106,28.508136633805176,0.3569603554998482,Manioc,0.269547395420642
6.093276424144077,57.26933223884308,20.77317267408327,19.046784846461495,998.8366725180605,26.418544837295155,0.5015696858665835,Maïs,0.5418478662717283
5.867503325137547,34.329284452863526,18.05117502846998,19.392809719362713,765.9475396713943,27.462988105779555,0.4367609654797438,Manioc,0.414378312154254
6.4013422733220535,33.90765908940975,9.80632782918665,13.171469722379149,893.6007885441458,26.99662477264344,0.5679447346350417,Manioc,0.39571315256003703
5.448428523440947,45.928449011411146,23.345298425744758,32.890821694619305,868.8489701325651,26.495844629549765,0.2525659742380583,Maïs,0.4645517609649082
7.308330654148977,46.211407052859045,29.191798779675675,28.731822277281726,1156.7514813069597,27.132128825883424,0.31134432666501505,Soja,0.5274680602754657
5.649106600717723,17.95194230334357,12.503990008620349,11.627047135251985,813.3932009467065,29.884573934480112,0.24175613527727216,Soja,0.29269247424150385
6.745753425961231,40.891857120454155,26.156336530701157,34.50586989353571,968.7128149495902,28.553989997748957,0.3870097253337009,Maïs,0.5296878488377376
5.064336015634309,30.649770799156432,18.51982338397117,9.512703943422721,729.2174463506879,30.446445172079258,0.1980382010221507,Manioc,0.3391336816683545
5.844537719091503,38.96401732941466,38.349383011529675,25.53566621660638,1142.5593218673253,25.949627053253412,0.1303062073331896,Soja,0.5776974303613611
6.830163909190741,68.51116396760868,25.2995174023676,30.58087690756558,1063.0963643140606,26.73055368437771,0.25754980089994034,Soja,0.6247133695074272
5.6482053413921145,47.60280506582886,15.60259040860465,5.7630733076279945,1022.9464990025332,26.4135461986885,0.3276854098889955,Maïs,0.43099380647250524
5.119866358760057,45.671975501894345,20.164871174570155,29.574105799843508,1073.7195511366135,28.031848400147823,0.6538424926900674,Manioc,0.4142257368296636
6.272698489535506,60.71518020707867,30.417581955049588,36.14757494605283,975.6829031999445,26.67089037862162,0.23647294592957357,Soja,0.6395360159769192
7.291528699290803,64.85846580769852,31.13830936507587,36.03636186654014,1134.9679194401867,26.543751721008835,0.08229054415278347,Soja,0.6158178960448334
6.323921434072581,39.45185544534936,13.252875246821462,20.771016984912286,966.1557126410233,27.08515834182333,0.16391670004667958,Manioc,0.43616199811524453
6.3301366009241145,31.407419044384984,26.26114850870973,39.85003020232597,1012.7454322655296,27.3584153737836,0.24983873276054916,Manioc,0.4994363732906454
6.888978118272175,23.538646480825903,16.12210019191125,25.662332913240142,665.521504339928,30.60575912296077,0.5980142426224234,Manioc,0.3776971670685996
6.6169610772744525,52.25095786847997,14.81926812144213,23.196046049714408,853.3489599467024,28.964647065797102,0.3264756965168596,Maïs,0.5022794616982609
8.045321495199568,52.13659565787274,23.746066399125002,32.14775593134078,1102.0543535392612,27.067410688013656,0.22019558258035132,Manioc,0.45222721925726866
6.313729967302065,46.60573981049865,17.742520871504965,22.997235261066976,1038.0893620196266,26.773612472103753,0.22804320062145556,Maïs,0.49583866223511935
6.164917144270676,38.585184047770476,27.357723220652616,29.020855291507687,1127.9218211063449,25.851625617907708,0.338970988744025,Maïs,0.5222255228532887
7.2461936378427305,35.405607632765204,30.889980414775593,16.719028486280205,939.5549820049838,29.459108305807444,0.35414712193633185,Maïs,0.5024921448574557
6.257707190429334,61.95158374095564,36.119189103275495,24.3038202643378,999.3883238569343,29.09065382147994,0.27706448862599636,Soja,0.6844719183689119
6.181182648787576,26.98942265847261,24.333872376113103,25.13484068132995,1129.3297082130064,24.55506627824154,0.2594546669431432,Maïs,0.45628597993134423
6.049991678962669,37.476569127294255,23.028020251270267,27.710564917702513,906.4342217842435,26.596811583770123,0.2679580889319137,Soja,0.4773336680996415
6.642444120763333,49.37826819121705,26.31833082143994,29.32109848643344,878.5036390158268,29.47460988498678,0.2986031602287086,Soja,0.5723059057919981
6.160431953446158,38.13187830755198,42.192728904717995,28.587167497008153,1253.6530007939064,27.366585757724618,0.3258027378760471,Soja,0.6275558359020338
5.014027810481866,9.076593772710801,11.385826024108752,13.93228861655308,632.8274632040988,27.69736531392567,0.6400910469477573,Manioc,0.1990859265652467
6.868412341977837,54.57233726881997,36.22901642055655,32.887813283796575,951.7581714765759,28.465887602466736,0.11981261481272135,Soja,0.6463268098728412
4.716587563093533,26.694696776244196,21.92435546897022,9.878303712014427,807.7625775715488,29.64628832585184,0.613159012700828,Manioc,0.3205120656272535
6.440504615868357,42.88869761172305,19.29304684954601,30.27121023046762,864.4528898320301,25.341919848414697,0.24615651808566189,Maïs,0.5026795389704323
5.666189785308703,46.22670315994795,21.516401504219434,9.069258578780573,1123.9759949582517,27.37661945049282,0.19228087376699352,Maïs,0.469890646958005
6.642790991074111,33.39180783337428,11.77552070677831,11.502077461253727,925.3141488487242,29.459429825160058,0.32750804552685203,Manioc,0.40443002545425755
5.091515665660961,31.90374717364866,19.044943046145043,23.374618289287017,1078.3517636941692,30.960567922122372,0.3674267609598556,Manioc,0.350014653833316
5.9275566096094,56.595141577930015,36.710954914732795,37.386329410756545,1053.9199363272387,24.1420630256884,0.0717124983728667,Soja,0.6414040670706286
5.007198309198235,30.036142798006793,15.55990966310629,14.79365075945232,714.0779254801098,28.433950762572206,0.6514165446634506,Manioc,0.3107225749588509
5.855195193824498,61.946956285274794,26.455183072079663,30.19091813276783,1242.6271787018563,29.013926356840006,0.23629411845862974,Soja,0.5822489789027014
6.104830660958196,38.222550294751485,32.34817989856665,23.870736704759764,1063.8236624245415,29.27283506383834,0.13092970767713702,Maïs,0.55215053834229
6.321349402016702,26.24802674477788,15.15794503076289,15.084611804417264,788.525014097748,31.170795107802398,0.3302219411723958,Manioc,0.39813228214130514
6.322483285554362,61.6125921454787,22.261088011860796,23.821179992952484,1105.0821582386313,27.28451070515432,0.3953907736650671,Maïs,0.5879436595549214
5.24181678325933,23.1558658293269,19.534352673051423,19.98788397641563,607.3085357656244,26.139019605787297,0.3242327623653638,Manioc,0.3313817672686666
7.223082498938972,31.807190289172738,35.72240046459334,23.524500904735635,984.4072099035927,28.347417554024812,0.38253722587901917,Soja,0.5252770389512835
6.390098925502982,38.73282775410035,15.377981028817786,23.332058981339053,1196.5312263680794,27.586796071140135,0.29125707733907336,Maïs,0.4540387576503129
4.9904027412991825,28.215820171140336,13.701394144617337,17.548836583307843,803.2345847029648,30.399281841066212,0.3829909701415757,Manioc,0.2887992294495218
4.704738789712781,13.804944661724493,15.20261471158505,18.997707017844498,731.9618457226609,29.184430310960977,0.8396155811062836,Manioc,0.2204774991112028
6.113016477875449,69.52388619929863,20.64611254414052,39.58861716064979,1120.4777097079877,27.680715666937736,0.2129888396577482,Soja,0.590419086303599
6.505185132716733,44.96625542589048,28.14225727664189,21.402093959456867,961.7176602854024,29.191529441774644,0.31197915781197216,Maïs,0.5792488105659631
7.261202162405865,40.9538208384531,46.526175202690766,30.076893658004185,1116.721780577675,25.54548142296793,0.24090138619607637,Soja,0.6362487461640286
6.555922565564805,45.20578993748662,21.595493873752332,34.41298733943677,795.8325321352963,27.8356114810824,0.3720570292345089,Soja,0.5287030567337623
5.843577108661418,58.043402428781526,12.913178144915399,27.581216995290674,654.9012403661009,26.42001570016709,0.24493477859700036,Maïs,0.4679623189435529
6.150830186602625,31.739523139179617,18.170303640829033,36.41715873588151,1043.4631021833643,26.05281539355547,0.18860809936128048,Maïs,0.42778204707651996
5.712844014195063,26.04855654800071,13.093813563635633,33.37009968242908,799.475272745337,27.837262750515947,0.5198076115228764,Maïs,0.33371986538629517
6.7730172054554005,35.245103810724984,39.395797480021265,28.217008914519482,1026.3211055059248,25.15130026217568,0.360511354327409,Soja,0.6013329543645028
6.836865830384328,44.18121405635781,25.771031992738678,33.79056739689691,1056.0457846703482,26.08909471287075,0.10599894636799695,Soja,0.5324684055011595
6.5405737589896145,53.90332393539686,27.973617115685055,36.38666503813685,940.3879689018662,26.633569731604258,0.3150383691395843,Soja,0.6101379554665589
6.712408368345737,55.40725462161956,45.168188243714184,21.440288443567223,1024.8282306492586,28.503603592780603,0.22828942529782287,Soja,0.7268248087570945
6.445171696067551,43.103619299123835,25.088879065875325,15.202803908392545,581.1311927643377,27.245853217464507,0.24446151161881713,Manioc,0.5458769042339537
5.795753198553406,37.140105394920504,18.70265718454852,32.22166279464184,1044.8681324963452,27.35733252844885,0.4499652504221182,Maïs,0.4243471381362343
6.9949538734269465,53.04966442388492,24.179649289689564,29.98138653432796,894.8725342438781,28.311976437487882,0.24844618412634795,Soja,0.5429672891562195
6.636228664140073,45.50887701856018,20.5439123391278,41.61636551993853,801.1132989906765,28.947154841453667,0.2119005760654783,Maïs,0.5158461474587781
6.864576265066216,47.46504778432005,11.875933917335738,40.03328428989275,1027.496666890395,27.848141956892807,0.4053391237486951,Maïs,0.4424376175614859
6.537409746083302,40.90717561886896,39.21041833400061,29.562071383233878,866.0680572065796,26.652409289673212,0.27801057081488617,Maïs,0.6409760693116204
5.233399325546222,23.25068729271455,18.129660479864512,38.19274855314592,1017.4981914705019,28.98953603910054,0.41687185798056725,Manioc,0.3209038256610449
6.395750240921896,69.3551318596825,32.43754772900918,36.771603274893224,1259.7270398351234,26.629297420985203,0.33520537818100243,Soja,0.6977925038281971
4.746659299095875,33.3917576676534,1.0,18.29712093794906,858.2538450523359,28.734612140233878,0.2630505783377363,Manioc,0.19753040258126786
5.1441187208073345,14.613629982364209,11.852028840681012,19.661856012521657,923.6195880285796,27.4922122413802,0.5365808478791927,Manioc,0.2345187712179254
5.595511521955552,35.559500857678245,15.091154985685586,17.131659779499124,886.510018744747,28.52525563737704,0.4666320754339256,Manioc,0.37598710353821707
6.095938874821362,39.481418541075534,15.899901228541017,32.85000308966205,676.8859583296976,27.13785415291251,0.268277300015584,Maïs,0.43721343932572426
6.599085429526268,9.241015407914794,20.185857362660023,20.31484603995356,1234.0952345219423,28.250791506266864,0.5942040539728219,Manioc,0.37442516611671167
5.890754827303565,21.566734669076766,18.209395307388846,30.272642212338297,468.1244674173266,28.887940754756336,0.5555240284066758,Manioc,0.36748599005799276
6.325573070183873,50.329466257638835,23.37754841512102,38.186109302254664,1123.5895891817931,26.84683576828208,0.2914012941944691,Soja,0.5521638740378083
6.406717451611851,26.96860323744055,25.339318747202547,28.77374722231758,822.2690030331022,27.41051853201171,0.2807328468597843,Maïs,0.48153059265446096
6.291350465120977,50.35619081010771,23.862734379701376,40.169740749852906,1253.79448004417,25.66316517562464,0.2448878211266956,Soja,0.5530451303896198
6.50394825485827,42.714000846599816,21.676570905965566,25.077987326073973,1017.5743585667052,25.86738314649073,0.1783002938247638,Maïs,0.523705998746211
6.244047621446267,29.9269988405752,11.418028531496269,19.016248426925046,487.5678913494271,28.447750554015503,0.5183952599820884,Manioc,0.37924093691815447
6.098945447683112,48.58299034490902,32.96420832281273,24.143636327400337,1129.9248220915626,23.644741018494997,0.16415083997545393,Soja,0.5966489655830922
6.373244237948996,29.96919698240182,19.85996119492077,24.716084020527138,1113.770800861197,25.389369207823975,0.42391890199464144,Maïs,0.4508931136960068
6.070478927089648,39.02489805308358,16.4526153137314,17.894770164811646,610.0921858776076,27.57958896939893,0.22396925814074248,Maïs,0.4373954928532797
5.950629156694753,49.6728820667813,31.32691902356073,36.71657792062625,1015.8535871958821,28.3124981217831,0.22380281451436768,Soja,0.5771847257765863
6.4940825132599045,36.45761933572393,14.191781027606945,18.62085840152615,762.6757816350791,31.08557068786869,0.2494916873780067,Manioc,0.44486935110742365
6.90467372009279,47.773769379581914,26.544970896024914,20.3976179251734,683.0901604239169,30.250844819036562,0.23216895129475157,Maïs,0.5466960563247013
6.290999349828485,27.704129633628092,13.091144016629785,24.931154324242872,808.402712149153,27.0001379385019,0.44943771992972226,Manioc,0.38642585426172477
6.222483002044751,58.245562104766684,31.208930916038675,19.903818682914366,1132.4996806140634,27.572586612899514,0.22125158300951278,Soja,0.6315955076627312
6.728162326484426,53.553779507449676,18.325515776167656,32.46559033847202,975.6656493984037,24.93785946408017,0.09709849755852107,Soja,0.5238755564683835
6.801585083317194,54.89903600834362,28.470091631631085,32.05608305819438,858.9783217608235,24.87249564505998,0.19322517838858014,Soja,0.5967463982804103
6.737089167265381,33.28351781135082,7.427929688009397,18.800975731822653,702.0961903676136,29.774694656146593,0.30770671481865497,Manioc,0.36496981083962676
6.899677718293002,63.04348109786743,24.9485767163212,26.488276357548376,994.2848862560904,28.677777623465566,0.0,Maïs,0.5952327810920931
7.1526569507466435,51.01386647283114,33.41707985177177,34.14653050056126,1016.2463571416953,27.628005639049494,0.15718137992364623,Soja,0.5893054246184868
5.787693342060107,32.498394723764285,17.11314308596283,23.37575057146766,542.7319616591939,27.95356733599151,0.3257789793580655,Manioc,0.3940402746817552
5.867406744249154,15.752485195290287,9.709267843527943,22.14533559857579,620.6859357927206,27.221837529572326,0.4322198648956704,Soja,0.28131278888481154
5.745987962239394,36.64652946740243,24.344175525568865,36.36334003313856,1044.1409446342745,27.27898966006774,0.16625612219903257,Maïs,0.4593020447651529
5.769357899335868,31.540203197532513,23.292379032737728,29.550909315369474,812.2681750235313,28.49531842774765,0.2807843832482475,Maïs,0.4335881330473321
5.626827303490656,51.687416555925125,14.956720213546165,5.80701984885361,820.8906254906992,24.598868381810632,0.4995517736627805,Maïs,0.44057489082788936
5.967959326796686,35.403156290804326,20.422387624286436,31.849892732988756,640.6948461926962,25.086904915794968,0.29643983320832723,Manioc,0.4437899085218403
5.463929172214696,66.6102759389101,36.66813355566431,35.230816323526966,1139.936059156596,26.937917109511567,0.21886633465528121,Soja,0.6431604929797549
5.876249389905694,14.561291690119617,21.647671219852622,19.299571628372483,1142.149726711834,29.506302575514358,0.3971729327820619,Manioc,0.36384202598421433
5.366357863084774,38.211757298389514,20.36683291222486,25.196650653169385,650.2452005458643,28.262746979316155,0.4284712995865565,Manioc,0.4062403319644989
5.819963748208282,16.594509804645426,16.158240358054613,5.0,884.5273669929921,29.901673242675084,0.06853602157878319,Manioc,0.32752437382782906
6.696339964924736,49.8785623489189,23.13238915693723,37.36794471015203,752.43649628782,27.812424157716933,0.3918396868514863,Soja,0.5468720249144347
6.2909331275292475,45.824397529345035,12.070675382630224,24.64868999934818,1076.3445990520854,29.891266934306017,0.323208764062766,Maïs,0.4498744774900294
5.92060832807227,34.999615425230694,6.693977974080386,31.841464615054917,980.8679045164242,29.335025974616133,0.3456531824819706,Maïs,0.33897856545300753
6.012589596225202,49.24061044464089,29.31382473876198,29.299820062931172,1014.2513075991087,26.111911613535565,0.10137303453726804,Maïs,0.5658690785146502
5.57903509972482,26.17013543124244,10.951322663050941,28.627409555783572,773.3620254458864,28.48731426007461,0.7847244502803699,Manioc,0.3079707744291569
5.823705349193495,11.057313236792826,18.11189559236559,10.29807508100156,884.1634842467882,29.771638461536536,0.45312060356588163,Manioc,0.32032641091843206
6.119374256274465,80.3892497147558,31.233488939470362,34.40879580550717,1217.8003139212753,27.10765413717857,0.18199343687450126,Soja,0.7101012877453549
4.984024710269492,26.453705825775934,21.08003269455738,5.0,743.2499262586141,27.858615463984478,0.25989945510501433,Manioc,0.3348487353242979
5.932382394219716,44.99291405423354,34.281173174317345,22.127751281819847,915.4007500040437,29.665505478749356,0.34117902650369,Maïs,0.5788273685577289
6.825850100487969,55.40261916181891,32.92376983512074,40.86052237909357,928.1752941824441,27.416671716342105,0.07740815518303512,Soja,0.6290355318996317
6.459673257120587,44.78632705651564,25.777177505330865,22.878577827640303,990.9516076241579,28.847539352520478,0.11607792348915191,Maïs,0.5586018980815478
6.6961844635187555,48.08769795427999,40.129943589113914,37.98410393930916,1055.423405286839,26.449401895588537,0.24974733391522128,Soja,0.6630090720592005
7.254494704864555,50.014594203535005,9.740704596998913,22.886029020456785,920.3339773006381,24.716037505355267,0.4191650408397664,Soja,0.40574514527328986
6.036302755720369,19.95550101424819,5.9620517540927125,26.548389731519986,749.5956380740815,28.084515258387952,0.32562616162719005,Manioc,0.2841132775828557
5.601836070043143,18.577704249037843,14.627036614959618,23.933917126049764,694.0987896846166,27.235001613963277,0.688682293632344,Manioc,0.3067362855663549
5.935897069296836,24.46119096686029,16.260169899674384,29.269336186730413,909.122694829332,28.246688619847394,0.2833314350376337,Manioc,0.3682942589851003
6.6626954859033685,64.07912942207719,27.40479045794078,30.75231440675571,1138.7954027059995,29.703129845607258,0.26458362662419704,Soja,0.6360327602042319
5.471644120189301,10.779936987494775,15.171968976537915,20.603273031397325,748.3252034392983,29.811957827754856,0.28010890642181197,Manioc,0.2697808694075377
5.683591778437735,26.63182984930572,15.42671977760255,32.78918074872888,1094.3085807115026,30.046045982775475,0.3585145939576197,Manioc,0.35055919557004234
5.964480847190838,38.97787939638219,6.822639533834181,25.11445478482871,1086.1943470440574,27.547639184872175,0.4269804112588922,Maïs,0.3589744346341159
6.9516991508835755,30.76042847549855,17.10269653274821,35.150607749473046,933.954279521228,25.39644607486426,0.36688902682214225,Maïs,0.40801816533974455
5.592785582652087,36.59849714061866,13.656610612375216,35.434159972970264,889.8045921735946,26.964428264267305,0.278361777560307,Manioc,0.3694397413965825
6.213045525105417,41.5680772450259,18.38307606529623,35.17576406807241,920.3569298306052,25.261306594991012,0.35338242450689855,Maïs,0.47272787425813223
5.638644513459165,16.172204233392016,16.681314755929478,27.962423204233783,694.3683176856465,28.114875885044306,0.5657775728710193,Manioc,0.31515675340220584
5.20210124592429,31.901874494252763,18.102504495495815,15.97930788875452,743.0113802774467,28.68277223120377,0.3700948368667534,Manioc,0.35202736549450614
7.431621056242643,50.578103063518626,20.47026523867781,13.071830616916147,973.6961468377177,26.190516549665972,0.06641696563693628,Maïs,0.4715007492418647
4.918618457145302,38.517223278460435,17.164864640218177,13.895149172436195,950.1299813328865,28.03436564306353,0.739598738858439,Manioc,0.34842114085736847
6.285324435731335,19.891709933012624,19.66711477237932,5.395078571482829,889.4992364815748,26.84777168300471,0.45616212961421315,Manioc,0.40306199989934716
6.4396507559923295,31.366558793179394,9.378999515265109,19.188737362225087,660.1806963463291,29.419298748058743,0.5219031388227753,Manioc,0.38574725911538543
6.124972206483736,49.920188479927994,27.27650224682442,28.01133321949859,950.1664917030939,27.551407721300333,0.610028839219988,Maïs,0.5627587707020085
5.246050762250039,17.123660161578314,17.895307863473352,18.173113658738888,1018.711809006495,28.773663188219437,0.6600149717741721,Manioc,0.29626311439387454
5.561136644121274,37.13853095807701,15.48004633998525,24.94725772595308,879.9007110277196,25.713177420186717,0.39195227416827605,Manioc,0.38222778950446046
6.311957067032331,47.07267329398944,24.01686977815737,13.647497799010598,1020.1925633197777,30.163236273860072,0.381162845720989,Maïs,0.5429724029910796
5.949121478207732,31.68767046442222,27.15752732187881,22.046253048770694,878.8732737344053,27.000443571419357,0.17322035152496879,Maïs,0.47654404695474306
5.563490287998243,33.68276745645166,19.127785374347827,16.348035123967236,1063.418417766979,28.823019510866374,0.3254648049499073,Manioc,0.3953282638239076
6.157809892318897,64.5742219057396,23.95502148203075,35.67873499537511,882.8971810352375,25.977568215202012,0.20096007474375788,Soja,0.5986195340583051
5.2290949747398985,37.64328337229104,16.49835988668963,22.42369845998985,1020.6988253601323,23.172793923986994,0.4377394985952759,Manioc,0.36501435308459973
5.5707406088941305,23.720189979381807,10.12773726194852,7.732863288650156,948.0216137637593,27.6785653107583,0.46032354865569736,Manioc,0.2917626397383747
4.874515095803494,34.09033569784802,23.351584703485297,20.15129381933926,900.9990128736434,28.07862495227254,0.16134578474188085,Soja,0.37239999692405445
7.067981901582625,40.299578522404985,18.699308302380768,28.39104757891148,584.7031502325667,27.03640064489261,0.23920381994544967,Maïs,0.44757686505486893
6.249825682543821,32.90305257158892,34.33926138897725,19.602117301442842,756.4157867080672,26.275767516457933,0.13492390934563658,Maïs,0.5573751075174388
4.187310246382038,29.33693113233375,16.446694528214923,32.466799681135825,807.7444073027228,26.66226669561802,0.6764320293918947,Manioc,0.24882144775206247
6.680129643320832,60.90135867520829,16.26623204525179,37.688900070812664,1163.4468479840425,28.780643473155507,0.12574678852772941,Soja,0.5415284812718878
6.234776428303276,24.0318803025023,24.350693464106527,31.828111028588342,1120.960613598651,29.022931535173633,0.30885341080759243,Manioc,0.4491320386028505
6.453637015553649,48.004743596108284,7.073148060789524,21.297017314893516,688.029991163145,32.793582781355724,0.401534216315512,Maïs,0.4352144619212185
5.357182485882004,29.81255102843753,12.513152334298686,23.86278996598487,1049.8122746622753,28.806307275751376,0.5478251827673529,Manioc,0.3157770928396119
6.297800581823182,23.039953839634343,15.667497095306857,21.363877445575312,978.5336660914144,27.979178539208103,0.5840020893912219,Manioc,0.38739665001989176
5.9042143055820855,54.553052085705104,22.143418259709733,18.152294933517233,956.9118832449727,28.785463305474178,0.20692720744771304,Maïs,0.5260286341572387
5.93712248915962,45.61679849847972,15.747733526541381,20.135541767322813,1005.1265615810903,27.310221654569073,0.46371914930050395,Maïs,0.4473937459465779
6.325246425172939,33.298869739406406,12.484100126572251,23.898506286775714,986.0308765919334,30.3382876412496,0.1901427565091649,Maïs,0.40664244281117756
6.373060173502033,18.407775597861175,12.364669408801129,23.855742616423136,872.7092748922948,27.757945005795026,0.3191233085091546,Manioc,0.35138175344223355
5.93688357789568,26.59351296965461,6.637977370938238,9.622685629074226,825.2840556322742,26.651986404160155,0.22813660678537173,Manioc,0.30700905506071663
5.861126916973761,20.545356156864408,21.486487669627728,13.168637619834254,1031.285021277515,28.821318863479156,0.45672346978984274,Manioc,0.38486092902637425
5.643373008274922,37.89626017894903,2.2372992398962506,22.01770402690291,958.7143521368022,28.997662504588924,0.6202386422398798,Manioc,0.29584175749416297
5.717538269709948,40.52678104341249,29.481350293208315,22.5319053530822,885.672811159089,26.278402718830513,0.43220854341434506,Manioc,0.5094094756034256
6.9615620386348285,46.26379579546412,25.04961183804754,36.643263398313564,1148.4116700327704,25.960878733706565,0.37420326795115977,Maïs,0.5254093059708547
4.576424543065558,31.908372849298644,14.94049588452886,19.716740487637193,805.1418372999655,26.451020567422226,0.5795121107342416,Soja,0.2790937566560412
4.6821355519343975,27.880452199368825,10.144050654310043,25.138226053368253,985.0191004580138,26.675074416818312,0.5862667748468658,Manioc,0.23705804811599174
6.117652755171612,38.93449696169472,12.247330158996494,24.080789849658185,899.1463103330309,27.453053006311833,0.4934716793349929,Manioc,0.4103538117653973
5.223744305136622,15.160157102706876,11.7992674745315,17.055533742850553,825.5581011036066,27.133713736685827,0.45437278684875193,Manioc,0.24264341840662973
5.839283509542846,57.24521844666727,29.790317477114293,31.78453757816942,1080.7399898597507,25.461364715649065,0.21407999122333443,Soja,0.5867523240129816
7.239807059588873,53.799444266756,37.01904990624119,32.413586313850836,837.6055285943647,29.45885944917162,0.14092619422766522,Soja,0.6193162284195264
6.912303322447139,50.44624892785907,18.439222005988665,37.63034800435752,1202.8468887283302,26.203922178114496,0.438180183264015,Soja,0.4978182287733114
5.650919275016662,16.157823326036727,18.37745423632735,21.928346222896895,610.0962640321068,27.324076997063397,0.26380510908885646,Manioc,0.3283689615257648
5.906360414246188,25.833481264098545,12.027511387866388,11.43625405583943,846.0699878741024,26.68330830555109,0.27496232979428353,Soja,0.3406362305584738
6.084938947351612,57.06903822509679,25.647640186878174,31.508853521842024,1025.666108195159,27.527626628393,0.0894674718646282,Soja,0.5757073128680494
5.930834686589768,60.076959523892235,20.132244937382456,32.10572786586112,864.0694954143403,25.051070272598317,0.3307060562208519,Soja,0.5351869501676728
6.431051737131636,51.48280433843859,10.224245849964525,36.34329534089501,965.1186608967209,27.626790475676486,0.5076386177828602,Maïs,0.46983187953409933
6.640819878474725,42.410950262959226,24.29793390844557,25.28846624813032,1086.5627749528355,29.481493684311065,0.27646881471876744,Soja,0.5305599770503697
6.097489421035725,23.008660836107033,14.733937818635084,12.097135410942073,802.2778035467578,29.812922898670315,0.5807030513596526,Manioc,0.3644869153453067
5.280197550904199,46.36120497397227,12.023471511530088,27.59410539425847,912.5856800547292,30.17004313024281,0.5147994845054416,Manioc,0.3707724874116471
6.01951691709046,50.462842480037,11.092124647677071,31.560258612634094,888.346259524524,28.20971817990168,0.3199965474374206,Maïs,0.43920800297274865
5.852322023542441,34.424896996811235,20.30754578587922,26.266433896709707,1038.058723309699,27.97296567045993,0.2454893628993729,Manioc,0.42988227307905347
7.670485148165176,58.862022280273244,26.704187364473526,28.794427863966874,1106.6646507441706,26.810404523415535,0.18286264805401148,Soja,0.5299369195473898
6.62773995938269,47.1943120064894,37.34960519667509,31.141001998186805,1190.9637010155145,26.25126486454995,0.2343752227322354,Soja,0.6448515580343964
5.613410332979819,20.300655736669768,17.538059114716237,22.160675290782113,1072.0309623399337,28.363329867467094,0.29212154175039323,Manioc,0.33548535252577766
6.2984399558869395,45.78166917993421,23.06701546572409,35.0502120603317,1057.0990155409145,25.278603346052186,0.2876694848676386,Soja,0.5299629818855424
6.9649215175574914,55.70324727430863,34.02434228640526,42.69937935046711,932.8261544421638,27.502402853927876,0.3388052854045257,Soja,0.6270575028860496
6.471800077297217,18.95786143372866,22.11291429844359,29.72258530721486,904.8529531410168,30.42966079740886,0.26121988011570185,Maïs,0.4320457462375018
6.77141140725751,38.90487797840717,20.621202216548838,26.729856515267382,1152.6671134980072,28.32794638899774,0.3426405834708164,Maïs,0.4797713225061102
7.063771585050356,38.506269616785744,11.343929475709587,30.493769520942585,860.4657822902043,29.20607164644337,0.4105231007677192,Maïs,0.3876215653116025
4.577128456525931,21.939271843961148,21.48128354874001,19.880447364631404,862.8222083530543,26.931498006479046,0.5638134288984058,Manioc,0.2875532357220794
6.531065337260523,41.27166847908233,20.187727003060814,29.228753607050187,970.3886850827522,27.77875644335413,0.33546140299084065,Maïs,0.5051126027786218
6.754108092562072,19.34072894628654,25.009612296241805,21.323078152190902,658.2407406868329,28.463769391781803,0.2811073655796909,Manioc,0.4364530433631939
5.043576196582439,30.329987641414352,14.822899296542452,21.35754526377027,1219.9464011800642,30.018811682964653,0.5690458941495155,Manioc,0.30944293242912835
6.097152456340903,45.876851203558246,24.577790564802818,36.174318205070456,1010.1096853899551,25.712603072796824,0.2925983121785037,Maïs,0.5251758363825715
6.179921024677829,42.659801408930186,24.40288831903797,38.16482389427792,980.7613008851945,27.41235482150377,0.20961554620908351,Maïs,0.5179524646497491
4.539105852948061,36.890754241658584,11.407580074194417,22.53890106604289,1244.9480790377343,28.642977181753984,0.25223979262898005,Manioc,0.2699965475408419
6.872161352382868,59.617006405201636,43.248575958359794,34.01691902068415,1120.544301993116,28.636789906548938,0.20399407577798342,Soja,0.716598465004939
6.757144657739353,56.736233566300434,31.622549338381475,33.59867645371185,954.4865407315933,28.466054254489862,0.3096605613592055,Soja,0.630320335765877
6.311942012139566,35.12820472848816,25.31044479946552,15.372960452063445,773.1337678455727,27.16210603626297,0.32811111173481183,Maïs,0.5056415151722051
6.619731099651965,46.39283312986783,21.009094811314363,28.91108202561575,849.9600740549191,26.15791464377758,0.3470085986177315,Soja,0.5239916894396839
5.842824290986816,19.089577078550903,25.207774516734613,14.217538003087418,741.6051904683515,28.17272818129466,0.4036883978566736,Maïs,0.40466113216444644
6.025347711304919,60.784477566635786,40.4498232395561,37.906174817492165,1140.3538540459633,27.087916532301605,0.11986747159751532,Soja,0.6926901909072282
6.724862743526798,62.47906508150167,26.325752040544604,39.6030927904333,978.971672562235,26.47411727262956,0.22150304912118118,Soja,0.6169871942933451
6.189549203017926,43.298153774750716,23.495851573850373,39.30345153496896,1010.0353783290162,24.57898628878878,0.21991999425402237,Maïs,0.5146481555472832
6.211122456590236,18.997565295008904,12.14048575095038,13.179419290028004,706.0642070206857,26.03999485082444,0.31328588436930543,Manioc,0.33910873843592193
6.445335753612851,47.85797201109785,20.110479955461063,15.348869233351387,1031.2331726896932,25.954559529925724,0.11386421287522963,Soja,0.5284160205452423
5.279928532534459,35.12347692375661,17.34261801409418,30.150461250535656,859.9505183120685,29.310618327854403,0.42047833153535596,Manioc,0.3653448059258264
7.092475051502925,65.12787102543035,38.43758689049143,40.583746381990366,1319.113456543885,28.430626258958643,0.19361965356956234,Soja,0.6856698243315464
6.272777133224346,76.06373284759965,35.98632337374979,36.52679497361071,1179.3564067834634,26.983613787528462,0.10482790419864477,Soja,0.739890233218226
5.0970941106010805,36.933652926814865,16.683007137810833,36.14245159034424,505.4656786820973,27.558621497109154,0.35191543586520535,Manioc,0.3530173397505552
6.323032658078878,57.02467092815053,25.183938296086136,32.441833357641435,1007.4342461185357,28.342684962897938,0.28025703349357833,Soja,0.5912223918081884
5.094432345496058,31.799774887792942,22.634522747628882,31.440539530727484,1060.951320217675,29.23401000417669,0.37229681235388357,Soja,0.3758435896625082
6.6320244225088505,71.31687106044423,26.40202605170163,31.608135729965632,1075.4261300712187,27.514829739126146,0.25017349358738733,Soja,0.6595205051468456
6.291949923380358,50.932868423810284,22.982206265965495,26.323078513221915,1018.277243406188,28.72073287095082,0.2721417061724261,Soja,0.5489694125388423
7.4757045368744555,66.89975653912963,36.72042612291066,28.32961978148873,1159.625727020102,25.902442601437766,0.22801972943922666,Soja,0.6495003926106737
6.238502421404626,14.596441620038037,13.128049833965429,21.297785735190654,529.5922545787494,29.58176582127544,0.29729434921157777,Manioc,0.3312454740897863
5.668848143136948,42.86557129069792,25.33307587805349,13.870584949279534,1180.1723152691773,30.302904828744502,0.5843144760973796,Maïs,0.48460921534568413
6.389111567806184,25.166001187343724,37.088845431856555,31.553902911152466,946.1770305268321,26.680753470820598,0.16629250125886347,Maïs,0.5581853041360646
6.751576914188137,63.82531943444991,31.336159551430956,34.886422217064634,739.5294870992336,27.434118230392947,0.27290329605981384,Soja,0.6564078629007526
5.835661017830674,23.644140943595023,18.453504446743185,15.801124317404522,680.0725904550576,24.93718156006844,0.26823476887659536,Manioc,0.3729689247669522
6.3912048730920255,46.52354872033722,28.352371179303272,32.761611458923404,1153.8784241246037,26.22367386644165,0.4135115502324454,Manioc,0.578570677772592
6.043617960839472,48.04173782244006,22.960009137042352,34.87045810006266,1119.2217292891048,25.76318584371314,0.16972223251314042,Soja,0.5176384269229422
6.01680147447115,36.32249624962079,13.149816937159015,23.432316540540388,1035.1910724731085,26.50271551700909,0.6141250253422696,Manioc,0.3986108149960145
6.265370288643046,49.446026682201406,25.753785601876004,34.9728275043779,993.3775509678088,28.240966073308467,0.37456160879629224,Maïs,0.5611065395599799
6.747095759235474,45.188496229448475,22.20664607023505,28.05989256577045,683.9045575831806,28.160089893534717,0.1620351032523113,Maïs,0.5177686360680682
6.52359796985137,53.92597338299309,21.412508521342577,33.86434955082613,1073.0830254331845,26.026513591584838,0.23052189360721143,Soja,0.5640573766912806
5.718605340172546,33.12360390943057,20.914502446937618,21.084144022334364,694.0354940955307,26.49176149247175,0.336883128031341,Soja,0.4184938475031227
6.124107452482209,30.816342670669684,24.81560553885116,12.627105252300375,947.4490888274254,25.93970193356679,0.4474627860240671,Maïs,0.47017188408611915
5.405654688070446,28.019652317533325,11.143652916612595,18.915190080792936,375.4764544026563,28.566122931003203,0.655644414019394,Manioc,0.30272471268603807
6.911708579300579,50.55044279440568,25.90296628078541,32.489931348636645,1045.2980433325936,26.015125161874717,0.25418014500855124,Soja,0.5523388675027898
5.785502494538964,52.78361076166638,24.320851124135217,24.107168772674537,1104.315348713522,27.16760045842244,0.5070832551377724,Maïs,0.5253864259817153
7.315944531887256,49.06105752040181,34.496043955223115,35.672971558372126,860.35604744983,26.068496721364056,0.2532074327557187,Soja,0.5764231699320967
5.467660435839611,30.258559186408387,12.059907404815165,14.695262609396897,635.6951924117849,27.025251461628937,0.6854376099421619,Maïs,0.3230759109692917
5.55953206486689,25.120834497973775,9.424368686682563,18.71276049378721,520.3778959406122,29.292826438631835,0.3840575770474491,Soja,0.29124710151035416
6.887040641053267,33.629420319036385,31.702551012765582,31.657520580824613,960.7927395836621,28.071635457696576,0.23766210896564954,Soja,0.5301659906091888
4.412588783906172,36.37798644512654,10.909989076291268,15.304232111836294,733.2743752610872,28.251900728482436,0.6657043082809894,Manioc,0.25426594373465883
4.6780815857707765,36.695256947749435,6.643338661826139,22.824313987320007,869.4844313675408,25.434609557906484,0.551415242047487,Manioc,0.24583916401828332
6.878120014285412,30.8628550309502,27.323745023600452,19.194922908637785,697.299863416042,27.090600019661732,0.22120511150403543,Maïs,0.4883439377492278
6.0789125964507775,53.8028766962288,34.3487926594247,26.496759821989848,897.021739145408,25.322807434294695,0.10004039034406323,Maïs,0.6254844775976147
6.610241090598683,48.2674476460232,30.51118807088822,30.767946897716268,960.2557348951489,29.01625960253047,0.1739474845492839,Maïs,0.6009112177857727
6.441658256018295,52.04135670908812,24.332488782074485,28.945432096558957,1054.0745694007776,26.970228155403618,0.3205957407307455,Soja,0.5750611494958544
7.447757909624928,32.07694982462739,28.402477258958285,26.83904732443159,1267.677633659676,26.2189806774848,0.32490878583000954,Soja,0.45533382376904763
6.953529429200602,61.0399452861468,24.61468191954717,33.86837214447211,941.2212303629038,27.98812533304111,0.17638132899113806,Soja,0.5806726336888521
6.9143652741298185,54.46376318271773,43.36143391364415,47.06679528614005,1014.8762148584683,27.272864447909434,0.21545930481674658,Soja,0.6938917054183221
5.8348166841414315,48.07406697809101,23.77945327084457,26.58233041054619,764.5796305954307,27.93680413270705,0.3047656586063561,Maïs,0.5069965932637831
6.481484618345285,56.09699841956223,23.977052413438056,34.20333832009357,1033.035429660169,25.444960058953356,0.4193469882889946,Maïs,0.5915291582323494
6.624648712608579,65.71408665183156,31.737578551872392,43.597779052811205,920.7218125013503,23.793215465026407,0.14256720271382628,Soja,0.6768545416225555
6.476571053744573,36.2770962693554,26.510751422214096,37.718528329954964,1123.2019773680017,28.712165204305826,0.3125622895349608,Manioc,0.5319984843694396
6.80883755032598,47.7946364129359,34.022850955953196,33.049540804651784,916.7299613253246,25.53692267823788,0.2508781547145461,Soja,0.6086126174027526
5.373545959321802,23.31196386486613,19.49780688369154,22.19574668509252,927.2519017856977,32.186543653678704,0.37576347067645477,Manioc,0.34226567830968396
4.444413308932939,38.42624796825995,12.306368598267794,21.237188345893,630.0826972373801,30.77440525637295,0.2201667319139533,Manioc,0.2749351837634326
7.123588327501498,54.40991043967492,30.382476091515265,25.3519016361154,1051.964722743459,25.21315650532936,0.17864688637857012,Soja,0.5829266565061824
6.5491116568067955,35.43563623181991,24.615852337000277,20.355008845998867,1126.5777444776509,28.56118656629657,0.25218656700127595,Manioc,0.512927734529268
6.975250246407039,48.92415967178767,28.044663839171193,36.214095936427114,1262.7069381846525,28.892135916486623,0.11363576665922151,Maïs,0.556411127062945
6.713157976449239,61.05108693380982,15.45036175776634,31.82980097342243,840.6804478122563,26.8940627456916,0.33673995414892666,Soja,0.5335616357616397
7.276591228755779,49.66429982433527,19.053077517147372,30.489682639942608,1032.452477943539,27.242489519112826,0.2118226922958971,Maïs,0.4700645913596926
6.067977036377213,52.30533950091217,34.99614653762952,24.510351463821642,999.405170320492,25.79226102860942,0.20874849506764312,Soja,0.6234439021482981
6.3803911175890935,46.513735848478476,20.58060457170297,30.777928192565867,1306.7354620599965,24.891148977340354,0.30875252900639943,Soja,0.521370280901984
7.498508258248977,79.60475981333812,25.669590344772967,22.96271077456095,917.163537972732,29.26596356991056,0.21840276146356863,Soja,0.6172998856064715
5.917960684631636,30.3247473424756,32.77816493756178,33.363700825283566,964.8400680543325,25.548336100412982,0.34155752522698635,Maïs,0.5094371115813711
5.721199406454392,30.139585551153875,8.191624847681846,19.36482894891605,651.3615628157315,28.74583860687459,0.5396209400845142,Manioc,0.3148729004558355
6.673911045151622,54.169367104701784,23.143042797558145,28.15940208969856,825.2761380581854,22.897795504501907,0.11421759933667058,Soja,0.5655195439345386
6.442216153732739,55.16383494490068,35.810823651466585,32.53512618343127,952.9338133557366,25.191612424566653,0.31549797939138385,Soja,0.6704604112766771
5.524157697191834,57.619215007139914,19.784756797315325,28.3324542777615,1010.9933051334011,26.35051621282786,0.4173446726653365,Maïs,0.4905264646353558
6.082706433312427,48.216978061960134,24.040307767413342,26.44095509456375,1040.568578041684,26.422902824572603,0.4345799054219914,Maïs,0.5292760931115901
6.130905549680695,44.48059422009298,21.730517119312402,26.145553024846784,1000.0061387368032,29.511237157787235,0.6848181989938669,Soja,0.5017920400725453
5.396798567669745,28.67398825934402,26.184855385308147,21.87376330879648,953.5598476009532,27.526253111089154,0.43878280550230375,Manioc,0.41352961181708137
6.342932695362452,20.61182841723571,16.730061536921568,33.950555326922874,1054.0884849786887,29.142197753340987,0.4397294088642324,Maïs,0.38921080034326105
6.0461108825235,39.558859978858074,14.908755247475193,19.691046281859787,963.052472058858,24.335242639061537,0.1843924390561717,Maïs,0.4263503389638232
5.942567416762323,29.247715256774057,16.45018901526951,26.517845772973452,440.0024191441476,29.22247598598321,0.5747599707522266,Manioc,0.3889185216657237
4.77362270643674,23.12404087589558,17.55126111202509,20.493877411682373,773.9565630663782,27.854696372285268,0.45926824053444726,Manioc,0.2794367435518019
5.747841687447796,63.38183676795123,27.91269811369131,39.593457764401066,687.9656462981668,26.296354940202743,0.3199791752538149,Maïs,0.5898286534294939
5.149753923347206,27.532407061893,14.251820278741038,15.383964482182376,910.2727479206802,26.68398064290229,0.579022619380882,Manioc,0.3028625034121774
5.706057261950158,18.673037228456533,16.710497407786907,15.541749523083572,790.654695420309,26.36397400696316,0.2761810400363093,Manioc,0.3305388320221778
6.805083806589019,27.968672362841183,12.545255251340668,26.274278026110014,1134.4130272323196,26.80505490036028,0.2983444304931404,Manioc,0.3758192058048093
6.6115852919809575,33.56273792679338,19.94470479485341,38.04561179455565,941.4438249720588,28.073649973538803,0.38441905778700297,Maïs,0.4667705109829482
5.260437721464556,30.418982102337772,17.975655929568845,31.862662931087257,806.096698898344,28.213275753089373,0.6790962336291897,Manioc,0.34997766213040504
6.557000247046046,47.99292580406492,18.245936275022725,24.146136478040585,1195.3696709203723,26.37680030596992,0.3376955395740799,Manioc,0.5152504426177391
6.03413790570017,56.45240654203291,22.647311248551354,37.04218159732867,1377.0604539439473,24.849754777607643,0.28446389394715427,Soja,0.5474986369036421
5.676094811080977,17.652326901688966,12.70800818393603,20.164013834941347,867.7499411400559,28.642116739646063,0.669122807743367,Manioc,0.29515796744063094
5.618638055839359,25.59414679148972,19.3653303316605,10.513181366089041,562.5448905017961,27.770940003178143,0.2704250110964655,Manioc,0.36983621172560444
7.140578534720295,45.1961665769399,12.725621279855602,34.61648074228039,956.4561306275582,28.779747959619787,0.37020255987453576,Maïs,0.4176415907755894
5.137745120517272,40.01055520004054,9.33478826311269,20.82251394524055,788.6424404682176,28.8602734915631,0.32201728227871806,Manioc,0.31507053564603216
4.927461815739104,24.205759197037366,12.278627835377309,12.31717558286309,1246.5171651521857,29.10212153223452,0.5982789156971163,Manioc,0.25777936505875987
6.244864550844046,52.104143344745765,35.48781200094831,38.36242526647192,1024.0295059349332,24.682319716221464,0.23348458769716252,Soja,0.6403697879721466
5.217870566636625,29.113791782718494,8.283953047080496,9.485719217535038,962.7004521144802,25.865581781436894,0.6151199708134075,Manioc,0.2712647867108453
6.16337430694091,28.120784368496142,14.16757207859227,21.54936014678535,640.1666714117081,27.441296206453888,0.2238622297854094,Manioc,0.38564227533480183
6.891864680760909,45.02414309049261,25.014592826045607,33.30452385461778,890.7723719145783,25.029148108165288,0.39999400925363116,Soja,0.5258846755499917
5.243297782430595,13.589369210695843,18.048688616683524,7.974759443203185,816.6358065210625,28.23677674912613,0.15774322399017732,Manioc,0.2833356890935139
6.2423312154526664,46.21261107483757,45.49294542607913,35.55452604432384,1030.7655960816514,26.1312147976358,0.007978252854029422,Maïs,0.6896075595289717
5.003086188519475,25.654525008994376,9.931970788227655,27.952022306950774,686.942389685639,28.663811517356244,0.35513414428857376,Maïs,0.252494990740448
5.577672648344292,50.08725023229934,12.716176066369806,8.017613359669262,1122.5401093847445,27.781700507063782,0.50676896611755,Maïs,0.41415624795449246
5.2751161960956985,28.786216827342372,15.855935718728315,29.280660099188907,679.870870215177,27.156324148242078,0.30623259281177884,Manioc,0.32941343687792163
5.040128546788314,25.58891139257351,15.50711482119829,18.4757984830397,790.5594140631586,28.99169496597814,0.32853591876001015,Manioc,0.29558693589473417
6.373224104748488,26.9801956241998,10.72045368916573,30.303747450970906,1137.9699237152365,26.174421288963405,0.3151751062872828,Maïs,0.3730006758490655
5.062048675611685,24.160603273425664,13.3713055340869,21.093972021187703,929.3282535170833,29.56328386303069,0.4984005946113017,Manioc,0.2762848765003426
6.10173579169072,71.250531102941,24.306480444857762,31.811581898452978,1053.5343880714286,28.35592652458496,0.27711842050438773,Soja,0.6227822873690272
6.569557011546649,22.102126846271474,35.74840804826276,33.78063504250541,1379.0474768216025,25.729562981222422,0.3694046983662575,Soja,0.5398029658653681
6.70882411506251,33.293415379922784,13.786667692864388,22.86667256957537,739.7408015531311,26.79381907938429,0.3171521403370102,Manioc,0.4133309810031941
5.710813611192484,49.966992232365214,21.774576130123112,19.92415403062099,837.6242410095138,26.174196657288906,0.4615122009405978,Maïs,0.4899543585897467
6.197249114269685,26.795985647308843,20.88005492598853,10.547467367180701,1120.5149479059874,26.436988657434572,0.5125620747012967,Manioc,0.43179632687447933
5.725609314400813,23.403844556239143,13.200444532166642,16.388998151349252,550.9053765807478,26.743317819092727,0.3835924395701737,Manioc,0.32517330111628817
6.003144072877861,68.1504814597219,35.20680744207487,36.99878197039007,707.3506800710476,26.04552296674515,0.1327711847595328,Soja,0.6817340068343185
5.487625906893272,49.137990974514985,21.739138301116824,28.328544314422587,947.8851551139993,27.08731785761743,0.6741217355049657,Maïs,0.4686014395175473
5.649462785591007,36.132690643305054,42.1085117121937,42.02995661989167,1042.8768487698426,26.305156321599203,0.19627109891076105,Soja,0.5782519006166527
5.604348251398676,30.210884312258713,23.96692703705851,29.941509233752733,942.2715607213031,27.638565187459886,0.15697503549705003,Manioc,0.4200763125554236
5.442127942501385,43.62628211600603,22.276016483519644,40.94553498970467,811.638052273407,30.26959388089887,0.31807229914135604,Maïs,0.4473011477894944
5.196563849404098,18.92704143915615,12.141320886253332,27.856087888972723,797.1761659837512,27.33200532547188,0.6594896769334767,Manioc,0.25767436777885583
6.214372411467409,36.303369187253054,23.299749852427713,16.91488127148694,958.7555436226844,28.13365245935216,0.24233107041570306,Manioc,0.4878655402649829
6.62882981160101,36.22017413243439,19.205166585291025,43.28867713366319,1027.7152553044964,25.469367987935364,0.11693139503266994,Maïs,0.4704238485765111
5.14018843444099,46.03980973307654,22.17928232042949,23.45027053509039,511.1352240383487,25.856636269291304,0.621308188852837,Manioc,0.43188158937920906
6.427431384761705,46.382348094847245,36.717031246695946,34.15712637284283,1209.1148798084675,27.37497343928854,0.4081881124758253,Soja,0.6415084549960917
5.547765249747574,34.376064718531204,23.300653382575774,34.52704409668267,1095.8085448609584,28.676219624530248,0.4134374125483038,Maïs,0.4270082071641572
7.089517912733758,40.152940205504464,27.38929042850812,40.657640407027586,1171.1564578003135,27.050778939290538,0.34605613534832286,Soja,0.5082289402337427
5.725300555584028,39.04338705956508,15.768737074936165,30.829490056941324,940.4639691220818,24.58764829906967,0.46224472391691906,Maïs,0.40489965053574717
5.849939592530413,42.37109170791732,23.547855887327085,42.525455275439796,859.424255376022,26.424227148916295,0.2983232125828712,Maïs,0.48423150060998554
5.766789464131353,25.512982344602044,16.40464248473913,17.67975678827046,1116.1480377730386,30.137923738544156,0.5885974018680225,Manioc,0.3599244332978452
5.991164311196758,58.201914052964646,44.02318316267432,22.711469661845044,941.8475534041849,25.548976625142217,0.382712855550037,Soja,0.7057429217972931
6.338157233661552,56.73553160547453,37.83696281886765,32.84699749632795,1188.0192490602108,26.045078648494606,0.4013541435602297,Soja,0.6829575569953328
6.749388425993596,43.06340540720282,31.194206348068697,29.52973829687662,1330.907243417429,29.31819380635023,0.5885805050704767,Soja,0.5743804861700867
5.843494452004288,42.286605421739836,16.241527378679923,17.36161394363328,874.2754450597338,28.792140486742937,0.26596264855571394,Manioc,0.43046016650044644
6.385572936685654,46.89581616598743,20.87862305102809,24.396521275596807,650.1666639708126,28.08681399085609,0.3875783234721157,Maïs,0.5254374490794551
6.879279076640786,76.65338766384549,26.46776783160518,35.059587448140775,1137.089086698628,26.461258503833058,0.21416490676444477,Soja,0.6610808706200733
5.953848312535774,54.58993742158807,33.79108052399588,25.843629014645643,1555.5890087941937,28.76090536160037,0.3176901237694358,Soja,0.6145166150213146
6.036247876456752,49.38868559899327,22.969771309318944,38.961264608642566,1062.0866226302028,24.618478212004984,0.33204381441635417,Manioc,0.5223857827338118
6.838832447894212,51.963874474567156,22.869326998581347,37.27802476366555,795.5041587834596,26.28420705526756,0.32465468244435636,Maïs,0.5417201408717262
6.494158603242289,27.39191188019224,12.786567260757366,26.86513217164099,1025.753163241065,28.548223505420715,0.3553293638755722,Maïs,0.3992516113238698
6.496550628984192,44.11637040794665,16.816702236461403,36.4462570840474,1014.6293628522556,28.281034244634004,0.06774840483434325,Maïs,0.4940250468449963
6.4735486905850195,45.884068862918475,19.891514585717605,32.101329408152544,788.9467011623371,27.397330261000377,0.20395975126016352,Maïs,0.5213694246222318
6.681975740447405,38.52650500304309,38.15125284758549,32.37062522825927,1083.2916308394683,26.962725804209594,0.3950976322949985,Soja,0.6124305733944704
6.473559967110813,34.22410505348422,38.34204211681187,32.80632465127688,999.3881482050385,27.153312293856303,0.2597608141127748,Soja,0.6094340972526051
6.343255818112973,47.79571966883712,12.599435613996718,33.60434780478444,1171.611568181128,24.64209928298393,0.3006382538488058,Soja,0.46559791682730844
5.496669451575889,44.48606276411514,16.62014663610875,24.074673651140976,1149.2085333480452,27.23072813769128,0.30106292444026744,Maïs,0.4140561578338521
4.331183840555759,40.90262517838852,14.19774978367183,29.82857665649598,634.295019349434,28.899347961719013,0.26344903287167376,Manioc,0.28925961629720204
6.579464294893382,43.441018220633325,20.2151067947569,28.10628059778303,1096.3570066503876,26.774512043843647,0.25367726425551623,Maïs,0.509920664189083
6.087028330150286,39.68954800117692,28.880404961908162,41.46396378230284,1211.5275954723993,27.34345520981381,0.41228759844712093,Soja,0.5313421841426393
5.962227944326517,26.97770697741055,15.888490228951198,22.773792129935604,756.728274376086,31.340059233803945,0.554104891645191,Manioc,0.37754734805186263
5.841979762500094,23.693011599540537,12.280082933136582,18.113028283730582,825.9255623562607,25.78953715003935,0.4292148564903884,Manioc,0.3289466192349997
7.3430796185092655,76.67538755659118,27.645757397193353,34.93271884269439,1040.8752526308847,27.5336490242828,0.1442983495944642,Soja,0.6325959332861004
6.522742090570538,41.71381524251015,32.567128749204244,32.60434223305262,833.9816233949855,26.210579729182317,0.4328129422349194,Soja,0.5971807555883155
6.306593642198459,70.73922435668706,33.62958983521859,40.655469033514656,1062.1639195828936,28.23315318882765,0.19442795378506358,Soja,0.7047063356694929
6.657701058851037,26.637946268967035,19.677216101262914,45.39632941675224,834.2342063910687,27.034413512933654,0.4290265849418299,Maïs,0.43406932231324435
5.893654423753684,78.24861089415262,13.530494710802486,32.50413056559856,896.5186174439248,25.152251512916948,0.24792684719843072,Soja,0.5554377980652343
5.848805509155241,39.1528445230408,20.04547270801921,35.907138617452304,1081.338536569152,29.054678629452486,0.22102629131476387,Soja,0.44618771127352586
5.511381965551632,63.07264585432169,30.974563789245313,39.145315597199115,1007.9782159688128,26.13009246754651,0.2294682355197912,Soja,0.5918824789822236
6.264052207455395,54.87334516589102,21.535339235644038,23.82512014421784,1233.2655409421386,25.90095174255848,0.23478954842681796,Maïs,0.5516631488085854
5.243359877671101,53.949243769444415,16.49498307391442,30.77073846767146,829.4077377908778,29.141269321282213,0.25116307603519544,Maïs,0.4298835371935898
5.834534980029041,46.973157074055955,26.32681217527349,31.809542466382428,1373.649588650457,26.81720164277576,0.20461276235979714,Maïs,0.5211222546336474
5.525664582058879,13.531228205291228,23.01850927733465,15.577993703469424,1216.1679301447157,29.813547422900793,0.28783359782638307,Manioc,0.34169797925162276
6.827878062786761,51.59245668432405,27.40239153037038,31.78635962992693,1084.8003740508761,26.93654950892399,0.26245962323381733,Maïs,0.5739808364270866
6.261817748482197,66.22593275054135,23.089255375774506,31.794149860565245,1133.8918682930146,27.947085668935564,0.36854805190416323,Soja,0.6071265466528388
5.911614334715834,39.64671814046077,26.113046432741225,39.40749491778959,851.496598155888,27.718140826108637,0.4558979784657201,Maïs,0.497095486714404
6.282369307720695,30.86210409445816,29.082156757252296,33.00115633935605,941.0787522686825,24.226422371843658,0.27309267640396556,Soja,0.5139176868799995
6.457219417029375,42.47646497873713,18.70275835242679,32.43328778249867,959.3497024428684,27.772984823934195,0.2941404196879556,Maïs,0.4981290736693617
6.575752069225587,75.52970252937179,25.334640511255632,32.52985407970614,903.1099323389969,26.420125168683587,0.36405163348462194,Soja,0.6727615682047158
6.618574267825604,23.53014053084578,13.00836493559186,20.59418952152116,691.963239574587,27.03069418027456,0.49698573735010676,Maïs,0.3767410205372924
5.499911155580964,38.08617135780336,11.11652973513928,29.84516643342409,978.9945956162429,28.569126477896805,0.3895864065140374,Manioc,0.3494264670135574
6.4574522420858305,71.54693491602019,25.556431625270307,27.774232583094772,1215.021372121987,27.039097806640292,0.3262510612692665,Soja,0.6614528376773954
6.039907590453534,44.98862608563404,17.95900595572508,11.935894214634576,791.5850982975136,29.967786639164558,0.31487823884829547,Manioc,0.4691785087683052
4.874338802624564,18.307409132098485,13.764141938778003,25.09695232328982,877.4024342860439,29.77188162827831,0.608304832012606,Manioc,0.24122909904631862
7.06840283856653,47.281018825449195,35.81954978133193,28.732831298391826,1130.4645700775707,28.9974883064088,0.28033923751977813,Soja,0.5988541533635552
6.989606407753696,37.980083121932445,14.202512578434414,22.541029376448527,839.1457012965151,27.018261441941448,0.3337476590662325,Manioc,0.4122044480789312
5.138052137845097,34.841781810216034,14.780794867665133,50.06439714158459,919.9041051761852,26.727243651361974,0.2966138545275324,Maïs,0.3343360619660507
7.112175894929982,76.57053813623185,18.99074716015958,20.047609611071763,996.209193651564,27.534072199806467,0.19725509670745459,Soja,0.5879633459685066
6.438969301760833,65.04651384074418,15.94887270227288,35.54792096344306,901.3903302311337,25.249604936159006,0.25845058057567893,Soja,0.5649640945049862
6.620692881153556,49.13864690393619,39.94280646190899,17.89305072132698,1162.367466410987,26.28356653984753,0.24467374400063133,Soja,0.6718017814609456
6.230191731365813,42.61176289802626,15.9350386073736,14.960239745154482,658.7779413315459,29.73940101644024,0.3874962019806397,Manioc,0.4604471019919036
5.664656033271525,39.53245058311271,15.603042738067893,17.269563882719527,937.9620727729475,27.996063340072407,0.46930930211094724,Manioc,0.4007599590502768
5.7692217262773315,28.80278376951314,8.456579345054305,26.7054177567955,694.3539310198829,28.2606634954922,0.4335517726323811,Manioc,0.3154073777291869
6.72275922166368,64.80981976924383,34.200815186711544,26.6993353654289,974.4081319392922,27.702231621078734,0.4096106515312923,Soja,0.6833133635400033
7.035922284937045,62.6731365063106,21.1496388876635,30.260006693918246,1132.0972613957863,26.046862754966263,0.05952687813760049,Soja,0.5553666041732992
5.681513540939774,19.394778673373146,12.887157904893908,26.39909831764787,616.6083555125626,28.59948676769966,0.5434292227442243,Soja,0.3037017608998414
6.783891030829904,38.45924316872576,24.800025891796487,28.602776077812845,975.1355158701485,28.09609553518885,0.39720326862073396,Maïs,0.5073010852145109
7.611106281486043,57.862690378501654,31.220177024686038,30.47337963388602,1185.5231789346765,24.4565429003117,0.3617229997733914,Soja,0.5634928912701098
6.543130095187257,41.350472704571146,22.502959767576165,27.68574878914224,922.1113278576844,27.369372910785277,0.16389946256666513,Maïs,0.521226553791677
4.628496166090481,18.01224884900553,12.969854227936423,19.163588891451788,894.6699525124641,28.89573328269204,0.3893582633681882,Manioc,0.21465403950787246
6.239317595158045,49.18398220888684,26.893006134665576,31.571102282406283,714.3271473323175,31.5661914485608,0.5368894425294028,Soja,0.5662500495736558
7.511196416275698,64.3230622571223,17.144578130007012,25.037759293592,1121.8288680218998,29.083613521039204,0.13752723605800588,Maïs,0.49478373364681616
5.965262807032524,30.973947282003067,26.86837932694955,18.552966519139275,1164.0958046433825,29.210101769742742,0.14755655444098964,Soja,0.4729503411574152
5.693947812369917,38.87562625359562,22.353905329537586,17.058759854001224,1053.1899458077141,26.359454538175804,0.32612618413045996,Maïs,0.4494370046283116
6.540976485647482,60.13449743242131,25.753048100986213,27.387952698559733,1201.0045919228785,30.987048371485127,0.5139486720078172,Maïs,0.6183828507279057
6.206227587969957,23.837203303179592,9.77152514561044,29.383741593314127,809.9714441210001,30.64967441059528,0.33318907269462705,Manioc,0.34047877201143584
6.54302572999922,57.81016361735113,21.62797594380381,26.181399014627413,1012.3755254429091,29.751264545420568,0.3590392184203795,Maïs,0.579250219603652
7.11552136939133,54.90922408390421,29.58273108228026,35.930601629735186,808.2429392771787,29.35065344229643,0.30477697760195865,Soja,0.5797310384517651
6.40202542840727,36.015320182089624,17.04753682012627,30.153288677324376,1089.2368537016487,29.094280539549825,0.0,Maïs,0.45646195218833563
5.748362871265253,38.39497804487456,8.592545135655879,16.8927100720898,654.277975623877,32.82138635127935,0.4884866093773962,Manioc,0.352226788342558
5.396258382719386,49.369381697463496,20.697897697453776,30.2517497896355,962.424885577715,27.47514738526622,0.40219092550718366,Maïs,0.45465420775272763
5.7453062726026305,50.29692754356731,39.91155401562046,39.922208269426264,995.7864689797029,27.721633861100194,0.2858799237368576,Maïs,0.6253839317136967
5.8039957714406745,75.96387637810597,35.97939754028972,38.004818260295316,1077.3601882437126,27.801669804496246,0.2681600139129281,Soja,0.7019471398908108
5.872355512049392,70.38530069711814,36.67516465463762,34.269553893907535,755.6772452117084,28.19855496944327,0.29863532058246967,Soja,0.6906449867937225
6.822521349947093,67.73250231020296,29.047049057931183,29.253263882845886,973.7642346662932,28.122299795073825,0.07803528599096476,Soja,0.6494266680989464
5.715827772568183,55.35249334723753,19.62262193138944,26.808192272428663,890.9019978135319,24.462440129485742,0.14959179380459778,Maïs,0.49582325598009025
6.621821818439793,58.55900604580963,28.159822688752367,32.55272769243783,1110.987483131006,25.821535965165975,0.19147266101288538,Soja,0.6231895591396391
6.8615800167010805,78.85040993228041,20.900879148420834,32.72930049671093,948.60901606367,26.962979919046944,0.2987912752127886,Soja,0.6307613430888079
7.101289907135797,36.45725062001594,18.880478045142794,26.949595586035393,849.517251629077,25.2676356348334,0.22323442299944465,Soja,0.431201983185554
5.441945818928297,41.55532516697452,24.744815557238095,27.489228753025685,944.7175692602905,27.65235479675085,0.1789106535651399,Manioc,0.4570730510819554
6.350773671166807,31.881637676498404,23.967277144956146,26.892923089393758,981.7094851205989,25.95346208727904,0.48470366402098886,Maïs,0.4863251331659323
5.8684493743751505,55.473961134426276,18.817820471696145,40.05352115782166,900.987113006685,24.351172077398687,0.07035412788299947,Soja,0.5026780935987462
6.319200661811565,50.77339217323052,32.6484777854691,33.44277646881022,1202.1545242096447,26.552158761719255,0.3111521669239849,Soja,0.6205462553184972
5.730013458498603,43.17131578631474,14.90234805266449,8.398694663706385,1073.7532217714802,27.852860339321435,0.7513364128644192,Manioc,0.41513998150011994
5.944139783544655,51.54751533340628,41.79112437587585,25.445982212293938,1295.7117048066152,28.770095430069755,0.23680191012693177,Soja,0.6597953005990114
5.740545021985559,49.85893923999957,37.79464947420837,35.53413847785153,1060.0871190261319,25.98833617258637,0.10915508593979553,Soja,0.6079562202010548
7.3438442232017564,49.16636239781401,29.92228186564016,38.14060073338706,960.6711786957418,24.820443213230043,0.39493091228686755,Soja,0.5414716073012439
7.215652131784342,52.21746429926521,35.02018982229303,30.10072578074155,900.4514635963956,27.443476452102217,0.36045545249911914,Soja,0.6005841615679246
6.115958205423086,60.84263140360686,34.70716942770309,35.41870010320641,1170.598570382676,27.664759857935817,0.10739509583042878,Soja,0.6585679047821857
6.028656202959826,41.919657158142584,23.213972778536814,18.48998189319768,893.9947362495374,28.05352465673775,0.6438254427703155,Soja,0.49434525281745734
6.935496326044461,56.63010097729735,26.346816104064686,26.799618599997693,1039.911010529928,26.677327035244076,0.2789221940916619,Soja,0.577421023247706
6.684322495266445,69.9299951743279,17.861633355614956,33.87627953162883,767.1073300216709,27.640285244657914,0.22299274276174447,Maïs,0.5880496172332332
7.157015676933393,53.87655425873836,18.798398161365,27.7287997350732,814.7936480154239,28.030655946337085,0.26819220037337044,Maïs,0.4942547151590767
5.356333785785957,29.31055297144202,9.983490845122517,23.241920204393164,747.1579694136404,29.0557814456258,0.8011083917288515,Manioc,0.29542220380267603
5.961171276617442,46.150260791474174,25.612709922354902,29.844855683683495,974.254779005713,25.73335781301296,0.20478483241398343,Maïs,0.5228630321022368
5.835097224629661,36.65989520722988,1.0001784870320698,20.093213661481965,571.624818631769,31.366851637781373,0.4353307504373696,Soja,0.2973843752016089
6.291925935553686,64.81223575665464,32.403592448568325,38.23253773768702,1156.1092247615734,26.008457907231836,0.2784735557069336,Soja,0.6714789445099634
5.611727506878909,16.74805576694679,24.034294420732557,11.198860669831713,1067.338985146481,28.380099885242043,0.25622888194993265,Manioc,0.36851816826100703
6.495327415346154,40.467515909769865,18.233596563492966,34.168027045693584,759.7794792537031,26.55009094293459,0.3528424792653496,Maïs,0.48992469476036327
5.338851081796899,28.85815246899501,13.333099721961672,17.03148776879318,1056.3710145692944,28.074373287103445,0.4229174563671391,Manioc,0.3165186222031576
5.546478021384999,44.30400195874522,13.46211305218128,12.188595682147213,631.3387433757007,28.921224780120635,0.5276636723563262,Manioc,0.3944529432425011
5.39399889448853,43.06843689464017,16.31008287179238,21.38558114166998,1100.9675191476176,30.43862340103867,0.568274842102653,Manioc,0.3980538988273285
5.2557080516539285,29.29086043333592,18.953361593453643,28.715038689236863,1013.2539017672025,24.805273565745843,0.3768196367889307,Manioc,0.352270879414023
5.508287004911464,25.469167641375098,14.23249652215108,18.742108863771584,743.1264887565143,30.16196463986386,0.6800434268599385,Manioc,0.32333839430963424
6.525695625652899,66.65002344901083,21.960872108623253,28.683692637238348,914.3475024558524,25.543115834299293,0.34800000067362796,Maïs,0.6176098164016286
6.162783285449977,37.27122332176391,27.85187475086787,30.06695958434608,747.7734431858764,28.73615434528356,0.31026159955675187,Maïs,0.5204970607548457
6.065447854417018,48.46451932794043,36.65739803737026,26.43869100628292,1004.7432836857514,28.0220305298863,0.39097448071981633,Soja,0.6202586005969124
5.748143638049966,20.546374925138426,14.067133734723177,23.62299461435913,825.8461685863086,32.36936920571592,0.6149123402689406,Soja,0.32208211762400585
5.405493883375615,39.00527129920067,10.268430886261019,24.710655612335582,844.3011871477851,26.08471740404807,0.27434384405072754,Manioc,0.339323111432436
6.669141902987999,38.24821725025618,23.111053220979485,31.411136659314963,921.7696341840768,26.076570758346982,0.29603696835365273,Maïs,0.5034214155656811
6.387403523363558,50.239645840417516,38.01651680600161,35.346432973594226,1188.4492083998903,26.34961956329296,0.23773463277453255,Soja,0.6628005302557904
7.379870973641982,67.75086406880035,35.08560443114349,36.189593218952574,974.7112821873633,29.980204242466385,0.14605690370993302,Soja,0.6486524261588535
6.244717874137958,19.480919333249666,21.780533571051627,22.984979176728075,554.6414454953131,26.09706092059226,0.31805905362540154,Manioc,0.41351651151661784
5.712475629253346,27.908149596481607,19.816132669469695,24.6696913585916,645.1086812290441,31.67636245707417,0.6160909458005707,Manioc,0.38965593267245124
6.43571674187352,54.55670576239002,28.34501843140524,16.723969612271183,1074.7742949635767,28.913582546862706,0.28161044531064,Maïs,0.6134861117627624
7.266719583016482,39.60931968393655,33.41450212257629,36.53277028322578,1008.2976227399371,25.735045564159737,0.25095263772198023,Soja,0.535572658011295
5.913994269637152,26.316482351737037,20.46479555448334,29.349782353849893,1284.256701311965,28.100363820735385,0.36200763966603716,Manioc,0.4042531491564859
4.94108816973311,47.05591729933858,23.72051592232989,11.320256100156183,643.3706315996176,28.416027708302856,0.72350384430547,Maïs,0.4310906585076088
6.755419198769395,52.00097818192565,18.67462547946962,33.818097754849774,938.8813588696867,26.057246354390244,0.24932354063435092,Maïs,0.5181527925839431
5.594504576879206,29.69147598789481,13.26419258790775,32.82275397742376,768.4355286089286,28.838209047433544,0.4934504718207211,Manioc,0.3397298520990962
6.205116530509794,45.14688194729197,18.76694886284357,17.66152550727669,716.6939399238137,25.8771284469303,0.45293282734186835,Maïs,0.48886652381791895
4.087491796056359,34.024945343882216,17.010989124561757,7.771296141890664,851.82553182428,29.97972193980278,0.643657834905365,Soja,0.26325262293215795
6.969018283232985,51.09138120907177,36.18323496771616,34.10620766019915,1154.0173850270469,25.237166047680716,0.3283370891854921,Maïs,0.624336988226908
6.35390088444603,25.207001896242122,19.098631096920776,27.86088455242182,838.1086810286598,28.352410065729178,0.45727270953761556,Maïs,0.4252116836300246
6.449122716021094,26.391872011528147,14.608345755349214,13.127165807598875,786.9873212513926,28.052054187509555,0.28172567993811237,Manioc,0.4049353746542753
6.319394579513257,42.48461113955504,25.989562973810447,21.34955551773711,824.8722726901065,24.670806944073462,0.17714928627505794,Maïs,0.5399189110304055
6.789720060360644,21.370675644581617,21.811364977751342,13.544418676205757,673.0140428293374,26.1457866095558,0.47363329756643757,Maïs,0.4183733132449669
7.335346428902199,52.60055963689602,23.73234197695014,23.905646426075613,1202.6787251905178,25.18482358522138,0.6128230995779723,Maïs,0.5107397974747125
6.665178601328555,49.825843355805134,24.63141116331856,25.520406308618966,919.8102746183174,25.650198485991762,0.19499067081439236,Soja,0.5600173936684044
6.298281082755696,46.94187273638708,44.595207733824836,35.11929759060769,1117.840806991192,27.021993373656056,0.21658667611566385,Soja,0.6904317796611065
6.325472784420567,57.337288067536804,36.077228356891254,24.96696171784137,1000.5850076960915,27.84442743263022,0.31262055616322454,Soja,0.6715484057520109
6.663088773765821,48.50630099273559,21.726926528192546,17.49844696987145,918.6997443169302,29.340910733121895,0.40702356265928985,Maïs,0.5339860471393835
6.999252452307834,72.11481109695717,20.726498627205423,29.3713104361705,774.3845006683258,28.376018401122995,0.2879672855684405,Soja,0.5921497748303849
6.6601865644777805,34.27836156751893,36.485641290425114,28.3128239649588,1224.4767893398152,27.09730687533131,0.09541963236743836,Soja,0.5854991545598927
6.047614371789689,19.527566624746612,7.745435357029937,27.206201054324463,471.4078203827523,28.4854675294469,0.7142252840238005,Manioc,0.2962635144708109
6.813269645013271,41.13964191510378,41.07833330613836,24.434151446548377,1131.9236241892863,27.710751084568642,0.23150933829830123,Soja,0.6333469218943313
6.315585706221704,62.70969335887143,22.53342641756858,29.455540439798128,766.7973379879274,29.131950712719455,0.24144401657663003,Soja,0.5936540179508132
5.8820081967479965,42.0077443201459,10.874513500272379,12.764795981353043,571.4138442810415,31.579741379327785,0.4379794398180286,Manioc,0.3935735428820182
6.389867984420586,45.637394222348306,13.944365843405372,22.32585421444776,1086.2004861031999,27.30094948752786,0.22613702851281772,Soja,0.47063071983416843
5.462916473714276,27.08149248434037,15.487444695118484,19.332714122027507,755.4127042817905,28.43933651498757,0.5648464659724043,Manioc,0.33510312351212007
6.553713821662317,29.21658617208402,12.330776780925408,22.271423100837772,897.1378593821127,27.475631207251176,0.33962196361314595,Manioc,0.3992542189334191
5.122569401887633,35.43531054436464,11.719826208796725,13.373579683384879,879.4231679906488,26.02226714620577,0.331393407076715,Manioc,0.3132450312735591
6.545703516644827,27.458609505353852,14.030026037166875,23.651984282005166,970.607739754244,26.89977772601607,0.3347514759455058,Manioc,0.40533074956943593
5.731087480042439,37.43204911430539,20.892847854064904,31.595301249617673,758.8651821384807,29.873175126955353,0.49987238564238323,Maïs,0.4361805605378305
5.34870819788108,43.94051645695864,30.969629364719417,29.39596790190737,981.5744448382255,26.47925892835393,0.4632201756993615,Maïs,0.5040307278720599
5.3535215929023074,41.40231354210914,17.008270495033294,27.830370162912153,1197.9964455767795,29.280616518112634,0.1362634975659263,Maïs,0.3933590802350097
5.386228781058419,39.64036554885952,21.30262574126825,21.83472137278089,872.336382916667,26.99103321929276,0.1457281063136673,Maïs,0.4201941990546369
7.104495738465824,53.28608033685819,43.911806177690146,32.400358737409036,1189.521381338447,26.95093165963573,0.30087407198072075,Soja,0.6780635795523061
5.6196641825334686,11.62854086227707,8.872326388925488,5.0,369.44325987989475,27.922872799280682,0.11403125544508186,Manioc,0.23930712014326547
6.803254483254179,29.462412339839357,15.079896936424245,12.812258075920084,934.2548438654565,27.43806295732301,0.3522655582790837,Maïs,0.40016609672131787
6.291671002869176,56.64739354457171,20.551015324775328,38.13113989574265,672.0472275653647,27.596758959293858,0.29630561971039016,Maïs,0.5536785413094799
6.520679486978449,64.30276874605305,23.176853726613054,23.97708673495285,896.1825858904056,25.5832190605029,0.22498233707530862,Soja,0.6176421936840859
6.477030209754271,31.833198703912704,24.028344390581324,21.190085866685568,890.9708077196834,28.85775912711345,0.34968326418283163,Manioc,0.4966786287152125
7.028645752061507,58.401719248227785,28.494565747573958,36.015515384756974,1049.1050751916298,26.252752011705436,0.2543587663941783,Soja,0.5924534937083437
7.6070568616798715,50.05537276258094,22.67554975018806,33.116286272907274,917.4502310755325,25.75746913661912,0.24919234635216303,Soja,0.47139671814146733
5.840777889373782,52.660802783846904,24.31793990686936,26.040046886878642,1061.9917046903236,25.745779056195474,0.38879328616551795,Maïs,0.529307219186024
6.37087798788858,46.76441555277225,17.380023602815257,31.872044094654463,894.6590841452806,27.463402149145764,0.17529358032110806,Maïs,0.4984050398113159
6.229104359223,57.00413907944426,29.20047373856117,21.046489102926344,1071.2054284103108,27.051769866456194,0.3457623401496342,Maïs,0.612722733157413
6.642170516099105,40.82270486107228,21.64972664454251,32.36441675348782,948.8732926609714,24.849825735254733,0.2816446758582215,Soja,0.5050592435805421
6.0106916801317976,39.82125845192713,9.34506305757207,24.416996677838743,913.23537362252,27.179659399126855,0.4528888963546819,Manioc,0.3842405831544139
5.887218649245235,43.724508796224654,19.13412650437597,26.259689023633257,986.4701982707734,28.95169170350514,0.2508791309737651,Maïs,0.460533302645952
6.235783118609697,26.248275303542556,31.098364331521438,30.77059194096823,845.0878189815069,27.176319310507672,0.3136764801753327,Maïs,0.5067567657087153
6.5756935616858945,40.645136294301565,29.775230691178088,20.72135428281181,1031.0431916053544,28.00903371913433,0.15171563735407093,Maïs,0.5685424737068413
6.000819226500451,58.50981025530755,28.716782105836874,37.00901442550797,1201.3969162149476,26.432880607872637,0.26681014612615955,Soja,0.5968429876446204
5.909838000671947,12.658402376405958,13.694956379138432,18.08435924987533,879.6143881043613,30.261951329164333,0.7010615630975137,Manioc,0.30148158845267614
6.543414675854968,50.09178582622073,31.586087503191155,34.86687107761631,1220.4033988855301,24.375679466438285,0.26822584435820424,Soja,0.6211763921151428
6.735605737639986,43.91919432969903,34.85788268228926,19.98964711259428,1135.2999162982203,26.961610270361838,0.29869365573999274,Soja,0.6053678816072194
5.320630256788443,53.52773675122219,19.80095787779169,33.61489921032683,1093.6898082823527,26.800138893195836,0.34739495643879686,Maïs,0.4583649130503237
7.238373991780421,35.18834468860318,21.614895032267086,23.103533458826497,724.9285176255497,26.52216712620293,0.0,Maïs,0.43508163604149763
7.364389417855153,32.9020634879625,13.975409150711542,35.619176438352106,1195.897963206022,25.945358427981116,0.2652569248740934,Soja,0.36072286403864573
6.759127623291714,73.14681892798718,23.529870820630645,27.29502354684008,786.9600320759591,29.596982683078004,0.1453333941368311,Maïs,0.6357016659973304
6.456892975456104,60.01333651955487,8.766603657405586,14.220470505933624,1023.1662231626507,27.693781209997567,0.38393570962748425,Maïs,0.49469271162206413
6.939972069445013,40.25096343377476,9.216601121156796,37.94353001089744,1018.5032016095599,26.14002718226856,0.2283607693894881,Maïs,0.38893697875368505
5.312019112310764,40.58635593762389,7.580104702662912,13.629678488063277,925.129883171286,28.757560796139447,0.502803724318392,Manioc,0.3185531665303416
6.288854519838459,21.801750098992887,22.650928118982804,22.480550591001204,972.0688508320959,27.72379209264021,0.319403581355,Manioc,0.43242628561676133
6.306200382074202,30.25903188835132,19.886316851515613,23.97105317223076,706.0705025321333,29.87066419179105,0.22148369127965706,Manioc,0.44685370568493676
6.060419091547754,49.23347889271869,32.90876595685902,40.12572919750658,1096.012329744124,26.72191592724826,0.3004344174629321,Soja,0.5957085015943882
6.335789418597687,56.88913371474643,35.68991101923306,30.270381470104077,836.9206829463558,28.83508659871319,0.49667526331198,Maïs,0.6678159191112061
8.135668350803,61.4483850992179,33.30467683738567,47.08186080925341,869.6644977905462,25.73401344497161,0.33102278323024326,Soja,0.5506467930387154
6.7733912772970974,50.35536368519527,32.0360983345086,31.66745562810547,1085.6746905685798,26.16557894883969,0.32960099700058576,Soja,0.607068568467754
5.708756303230845,42.69599285794233,17.825830736817615,33.11671283463351,830.4329650662529,24.402045837439083,0.4956155957849292,Maïs,0.43275806017050866
6.670385593994109,37.41504665299931,14.238954248775425,25.860725700923375,864.6277701991199,28.530286866518384,0.12501442634174995,Maïs,0.43579692934911607
6.128637312428399,35.81024913588201,14.630076092318655,14.818777948975635,942.262821564612,30.360644116070624,0.48892182346297147,Manioc,0.41627758143733495
6.948315750608873,40.55719724525401,24.454221350576706,46.702734404789005,1146.7095257072885,27.984181382558564,0.06486412920100804,Soja,0.49984468204504084
6.146566642303685,36.23862673436443,22.665062711245916,20.730175185340585,728.0546316495216,27.495592021188017,0.6392248486203576,Manioc,0.47759042004698843
7.012043290272132,65.48936898181432,19.668902320290115,17.97194769925069,1007.2476769468892,28.941062915168384,0.3220163432768269,Soja,0.5575616045056343
6.40729951175152,58.4734128742079,31.084804129895307,33.12859739691649,994.062572160455,25.653840939504324,0.38488704705487375,Soja,0.6463725245778976
5.329268703833674,21.65015847449385,7.118455016143772,12.928616401373237,914.8216969267864,24.68702051026252,0.27363983299995576,Manioc,0.24255298902763556
5.324580996092659,22.931112393616417,16.033388142695582,8.912586672238028,665.618596591416,32.03287367606968,0.18042844985563433,Manioc,0.31176397132687217
5.724493278711309,45.06510948628912,12.235379918818829,18.275456452648402,736.6310619141875,27.851060229203714,0.4078059520995646,Manioc,0.4027837353627173
6.9259207859901775,55.82514101013739,13.30493841420315,30.960328110239438,997.5302609946251,25.712185677713137,0.20066240725026474,Soja,0.48056743263892143
6.553068305744066,37.27394907073112,10.98319783617153,26.02915425306771,934.133638740889,30.59953278976245,0.3695480959565217,Manioc,0.4210466865520496
5.9408648908631765,54.56702316794584,17.400060473299913,36.60450349007935,1021.3048416038015,27.70093757087035,0.295302716763799,Maïs,0.49465548698598005
6.20794423297188,44.91478284796352,31.991583877651514,39.965001472732524,1069.1762325438135,28.388353663411305,0.3006622169951747,Soja,0.5839815708739826
5.868248448347797,54.93132590914095,33.73895159586189,24.811049525149937,1061.4299828189623,26.19826330803607,0.2651608068644563,Soja,0.6086257639788022
6.932824384460777,33.12401580970487,28.28390623972869,18.389983839632553,926.2541782985504,27.874176418895107,0.4328052509144781,Maïs,0.4997633845949281
5.092668694187232,29.94899264540385,8.124253039798486,29.03165388146358,941.0092503477632,29.418028417831337,0.4524309899226078,Manioc,0.26335724400906296
5.8015083588320415,25.70331545637145,22.509395668981593,20.680366881601454,1053.1218246672595,30.99228683491559,0.37668344326298897,Manioc,0.4076675622543783
5.9640572901238444,28.27726421498155,17.66011216136393,5.0,443.72243692651483,29.75354896993427,0.3710751943409719,Manioc,0.3956078885494668
6.591241318552125,41.0650665702357,36.65169156201968,26.60376079194862,826.8522462642389,25.45397777843587,0.26890995567668513,Soja,0.6187520182282849
6.282666068401197,16.19610430566699,13.940552344008788,26.07078212671037,818.9136748174931,31.859604076793584,0.6025761321255234,Manioc,0.346918454571871
7.1956175975903705,74.02929481655606,40.86736261649551,31.672118331413177,1147.4459238771049,29.31085089482805,0.3129718724118924,Soja,0.7298216338500527
5.380194993717345,30.919111400754314,16.746817767411898,20.002548891720547,848.9493063692972,32.39757619876679,0.47154462509822964,Manioc,0.3526122038714859
4.887468099934976,34.1964637710541,5.287147142812968,24.166354445542023,460.5443687844423,25.042539835573244,0.21399795755913906,Maïs,0.24299644766112383
6.622251041159618,73.01532260214074,26.38766290728755,31.402830034113478,1111.754627811383,26.08089137837163,0.3095238364055164,Soja,0.6668388765211963
7.34226038292435,65.71667112053244,43.11503475727995,25.305291731687092,867.3495601939746,27.16015846584107,0.14832990472480484,Soja,0.7018714480628234
6.1259635279053075,25.67112029314859,12.387395352951815,13.078327569182026,600.6569464470157,27.150245419949258,0.497966706169023,Manioc,0.36017660516455796
5.873688010348805,46.51757992248741,32.84317986182731,23.908812957046933,824.5862494670561,29.246090228878906,0.20590033699682006,Soja,0.5696764008459978
5.072213794669255,21.731850191919804,14.370903242258334,13.75676315257098,687.9084954193254,27.92656882715516,0.42349873609376365,Soja,0.2748430964025337
7.52691707875111,46.29198876540375,21.917670027235914,30.145638448538183,1088.8575558223806,27.611967207740165,0.2341167639418091,Soja,0.4576040481126156
6.577407235787419,44.00838902361818,25.347901584359846,32.95421758839041,1134.8850146712844,28.702792756622827,0.13440902175754207,Soja,0.5494843264522378
6.722080438534536,22.03819046862762,27.25873387301761,31.873722881520987,957.1737979677024,27.21647855347629,0.39331152741507264,Maïs,0.46585382410186793
6.658163837351241,51.50450092536139,20.90109717368023,28.8841993963824,955.6312762230232,26.18377396676655,0.27753272141917434,Maïs,0.5401201732221658
7.132887255572379,39.53755551747517,6.185513565898734,28.724066905156743,920.6452203279648,27.262193461375315,0.3367361463723306,Maïs,0.3487579905160304
6.380073368449796,54.66462674466049,26.977641577046388,27.227380497606205,1000.3948723651262,29.877395327271277,0.5367106817187974,Soja,0.5995516168492419
6.4919640926629825,39.91859802352689,20.0192794362013,30.94489741712935,1138.2718682562356,25.28560618399733,0.0618374470264908,Maïs,0.5004445750525276
6.208345621637468,65.78849839404549,46.42480926795379,30.58072052215439,1170.9081874810465,27.736316452211373,0.20973274400577976,Soja,0.7701760187038292
5.6942874702215205,25.582405384557422,10.788521416149656,12.972009672243962,712.1045983919315,26.692823075847354,0.7745964499952371,Manioc,0.3137137828028155
4.899280815624974,21.53932107081368,15.164316869901066,13.291354724147983,487.38917280240094,31.043301332580125,0.30479253066754564,Manioc,0.26600302468235615
6.788530454814199,59.36301128615428,32.695756224884654,36.43164839656049,1015.4078904615398,23.811109352934587,0.3140337110929672,Manioc,0.6458536217461142
7.709371678765424,45.30335885091955,38.301357788009035,25.82522193153017,1193.0311169080749,26.506066102902434,0.23566789314356468,Soja,0.5578221222404343
7.558924000803333,56.20058353333294,42.35892824339082,37.50477292156232,1000.0193714768579,27.553318700836297,0.3661742300505766,Soja,0.6418556387796902
6.717932532874785,14.969181406370843,23.937758883436256,29.2976333551073,1112.3670844562537,25.61325927109895,0.24192750616870576,Soja,0.4144911048697294
6.691345491972757,49.676931717654334,15.873025254638199,31.522764453246534,896.9471360649491,27.99787767156183,0.5902533335176157,Maïs,0.4938980542220811
5.517355363767243,22.22360736450093,15.002799961698477,26.8483847582041,814.6024250153305,26.246509615410623,0.29943182768045457,Manioc,0.31695439409594706
5.998158721136457,16.67561833569441,5.625671722491445,14.552729366914441,1043.1789030309528,31.143062938987804,0.3289083344984444,Manioc,0.2658015271002546
5.812560006268632,33.0508670329454,35.29587030491738,31.947262867263333,1084.3843943881081,27.08512459181665,0.30637147224289296,Soja,0.5299012330039706
6.209220070387707,60.79198031249568,34.613476201617395,33.32065894276198,1140.5260022784507,26.656872106163785,0.1494892499161985,Soja,0.6651521275097831
5.923175347326409,34.934574347203586,29.07835125016426,34.73391032350288,705.9492618699877,26.45260722687291,0.39117446843436926,Maïs,0.5010770003470284
7.123850784438805,56.34805538478852,43.356075956853836,35.02868816549042,1051.765796809314,26.28841519045969,0.3537806941527105,Soja,0.6844611900908474
5.739316702785397,14.275135538703463,14.54878559279839,37.5331060404399,862.624894061759,28.336373839651852,0.2370262029813646,Manioc,0.3003458762267156
6.245880388267751,46.92049116490031,13.968365201660507,36.34195247974945,847.7929647395639,25.49514724952762,0.2900888909578451,Maïs,0.46430216400281255
6.936306445544921,26.89303755511242,32.412413532441576,40.24574548144026,1113.9298138231122,26.163688380976822,0.2554975871562285,Soja,0.5050291456983382
7.0577648958623715,61.872703831957864,33.24196935982528,38.83545091017973,1295.9090594345446,27.940982436714773,0.2904962197591166,Soja,0.6380838165580102
6.1872229645042776,53.868873900973,28.53261792530003,25.79292341299713,616.4638748094205,27.094449954858245,0.43460269708655025,Maïs,0.5922762780669424
5.52007192951004,35.99379265352131,25.192037192931657,32.83330880285059,1096.0589346278553,25.753924051391262,0.29540113971631526,Maïs,0.44481843476021043
5.582496380464063,28.338070162430004,6.311569008773283,12.49637272924086,819.8062683079129,27.590070869444716,0.32790423061642326,Maïs,0.28311445691755976
6.449778595586224,59.02262015460846,33.00304793611471,41.59822520628862,1298.6185652707672,25.130839627408694,0.42631521146499796,Soja,0.6658134489589422
6.416068353151758,58.44520764881511,26.850935895028826,29.451533660773954,1033.0541911105447,27.5693373442015,0.24986924657449108,Soja,0.6162945662895214
5.780139078909612,47.00569197230943,27.247102444795136,37.53793996898716,982.7988960135947,30.586716765646642,0.4427071753506942,Maïs,0.5235641621653769
5.854045965059378,36.71502975219754,31.5434924357071,27.598265078989204,980.3420611431828,28.847175986183522,0.499757018635953,Maïs,0.5203647384033608
5.640705288220348,36.56248355744654,35.49377757983946,32.77908698280116,951.0729541661183,26.890753458257617,0.12516121878729478,Soja,0.5313160423403837
5.904785497105095,71.41826828498293,37.536652560515904,33.29813920754773,1309.5633320614043,26.672011493243232,0.3396601294853057,Soja,0.7035184695710731
6.262480494290266,66.41532866651838,40.63564728066367,31.83209604397523,965.3587877284197,29.50008732125155,0.33564135060057915,Soja,0.735022178601219
6.751650941008261,39.57326200265978,23.508841653643074,35.041471582574914,722.1545328780028,28.191237298105797,0.3002677946594882,Maïs,0.5048827944481737
5.9418553518225075,28.393393572927856,14.496520635914115,26.28779279092368,847.0925474445388,30.18966657033369,0.5566569153817955,Manioc,0.3713694259190692
6.079837300920933,36.90396480078354,21.660469066600626,24.79656725463669,970.1249623993765,26.72614203030149,0.4404793955181192,Maïs,0.46757633682897604
6.694220040210378,62.63850445690801,30.478757024456637,46.53533344757567,1026.4460915057273,28.956793255877837,0.3039112065252031,Soja,0.6501454154665394
5.266836147192096,25.94896697110749,17.622923415238073,17.506339260262283,930.6062315868179,29.543328379767853,0.533378768897611,Manioc,0.33045771805119745
6.258663691654391,40.46771950672725,28.27053084450852,25.74580291855559,980.2479357693882,28.967686708499826,0.030970087858930462,Maïs,0.5436976887777847
8.12636574532736,42.49166983544953,29.649250247672335,33.67559051914197,928.7705543993229,26.510377038119053,0.44159862356277435,Maïs,0.45079563488827584
6.262788226735771,39.739651573324196,15.53574353809145,30.903410235521537,718.3349227627634,24.97869431114282,0.14037284932303942,Maïs,0.44893314116878713
5.939383131168154,49.69971874685823,23.853054488491495,30.40862748665179,1088.8979933260587,29.092857025953357,0.30397907333711,Soja,0.5222509740464022
6.506259256254358,41.60451795638633,40.97355251851253,22.700004929023955,1016.3640424231809,27.59051101010498,0.2768461899866732,Soja,0.6589663000123644
6.3606518094960265,56.84112856462467,21.71878534277505,36.66505200359539,843.4049752533779,26.71543141489741,0.3553985483377074,Soja,0.5684135275235416
7.123353662868017,32.79287574085841,31.020518970573995,16.836708292856674,725.8943310065374,26.277697776635982,0.3282162359239426,Maïs,0.5030497703922366
6.1966487169245505,37.58882251237822,10.249477154271753,23.263032407179928,791.5294626606104,26.00099428524091,0.6748437694001297,Manioc,0.39694022143230534
4.6476871581929275,20.298316780436437,12.435128780160941,7.11197785691866,560.8966775276838,26.362677047759163,0.36971314440894076,Manioc,0.22125387343556105
6.2933045615781795,35.056506253914876,16.10617851773611,30.408377450944265,910.7362564668358,31.340754439033525,0.34067710724019135,Maïs,0.4371965589595441
6.425845802477997,50.94175939621038,28.78559386500233,32.87804554249508,775.4816801944532,26.822377273411078,0.20688449335826356,Soja,0.6017542797889758
5.775301296924395,32.11502330754409,18.614984673121615,18.563761328192637,966.1460187024313,30.730279248865717,0.6496205873459793,Manioc,0.4024290222913318
6.628199397161737,38.22284630247894,19.25619006947926,25.113103272484636,1052.4834522183212,25.885428218896912,0.3093608902174629,Maïs,0.47867385942092333
5.763010150700018,37.9242284146694,14.026051893583823,23.209106090113835,909.2114004536191,28.526593570179863,0.3204602410902273,Manioc,0.3909171525085182
7.0265302280258055,36.93314390776379,32.51835992916214,38.1045300188534,1050.0800331904088,24.33144869521129,0.19348686282075936,Soja,0.5378331387720996
5.371317381995948,39.46845032860933,22.358544491809454,21.29433232482176,1002.7228739185491,26.985119849309868,0.5851186761042453,Manioc,0.4259779773212937
6.301731817933612,48.24359281721603,24.74611951632131,14.6185161454377,1039.9366311868034,27.001130930225187,0.4850731953193562,Maïs,0.5520149229478475
7.139424783254482,67.63683661113895,26.73444730854918,27.15747164157451,1116.4417347571523,26.110355980456752,0.23810843485234084,Soja,0.6069483958913762
6.33951076288517,39.867864335284146,24.498676228608716,21.610323564924407,886.1366593022615,25.57100044022526,0.2808301802410096,Maïs,0.5204976954508549
7.609048366417743,62.785621793818905,29.336605295964077,22.335834230496527,910.5181379636531,26.90889807876796,0.2783059546508912,Soja,0.5692608530037173
5.899891561420603,49.195324439070276,12.61118337182767,29.701033054380797,1105.5738347987365,27.22470774176427,0.32344838655399843,Maïs,0.4356859983935333
6.089517913085168,40.707555797013384,27.169816746987664,24.78240259408902,687.9167499552117,27.46634592202914,0.3818806538471591,Maïs,0.5231304042128475
5.746568718903474,68.93466727784997,38.23646284031721,18.14018839736936,1111.7231857532474,26.065239229985437,0.11361368503328614,Soja,0.6862201025146601
5.0892917105315085,25.36517873104791,13.9641915545298,22.011949359535933,656.3920181402997,26.988395436785776,0.45648475344673356,Manioc,0.28746865781036623
5.705362129882622,7.3783647380434125,11.94405748874857,9.34602012481459,1040.1084151798307,27.07442329287451,0.46631773587911945,Manioc,0.25179670106544394
7.038218656137642,61.95051040430753,21.58819572348719,26.87558216332154,781.1619328952047,25.51866157624076,0.2754773128025222,Maïs,0.5555344042871013
4.899345550460047,37.491585656385865,10.075269374414837,15.586097185341657,1010.1123291290803,28.417768116491963,0.6556187750708666,Manioc,0.2915138729811281
7.010782062312307,34.10210012063085,26.226225375088458,33.5143892399123,942.1561046952746,26.051742453821593,0.19743396827561463,Soja,0.4824454712710395
5.859007876001101,31.368259954071895,21.546006374045017,12.799000166676867,970.9246694221189,29.110432915861356,0.3109349840704052,Maïs,0.42743754271989154
5.992087389171044,37.249468739015796,13.346706688118342,14.630311398928889,890.3333688847804,28.01202992024267,0.6715383033322049,Manioc,0.40168415670171437
6.960228447538034,49.35192226021384,34.17433508705832,24.382086403392194,1230.8796676576478,26.186546433123713,0.23139743367937848,Soja,0.6036872823643
6.324110293150168,30.424485005350697,16.239722228323217,30.51633058282988,953.4793967836063,27.655307230923764,0.3071630256695683,Maïs,0.42251826937566883
6.56965728339904,56.67002154079145,29.952022035689563,36.95774074773365,1154.5794453697486,25.596859416500948,0.25065478917183737,Soja,0.6329595280456974
6.838838410949255,44.22162802987198,20.07254340329253,29.39076006683185,1009.8976402578696,27.997206344496345,0.2530116027172753,Maïs,0.4911900376704813
7.071115008783917,64.43344657117895,29.411092917955347,33.835161624512224,1272.27701555166,29.39161568682676,0.14296975842853551,Soja,0.619277698773793
5.412994468540859,38.37113775065733,26.165579585660883,11.271626262447404,696.4444504876772,27.726425746553893,0.3661161303067184,Manioc,0.45259921781342455
6.517585900840985,48.5561334878566,22.757067421971804,31.424781745534293,895.8486165121145,29.530180471431805,0.11286770650485295,Maïs,0.5532832193423531
5.49624415264109,58.10308746119608,17.601802026856063,13.847409520266368,924.5221463483404,28.904084251904024,0.6389064511674243,Maïs,0.47437237436091045
6.460506221912196,20.910498100610326,15.357104162905467,9.270959738754314,923.9185735774404,27.47164544978766,0.6920038393619226,Manioc,0.38983901575307617
5.914626853125262,36.807421402785025,22.888536518789657,30.021096021068853,829.1300517673693,30.040320700120507,0.3559733516208313,Maïs,0.4628778837151254
5.730060106836323,54.85729995679863,16.976425413701797,47.70258111130787,716.1819507464238,26.80809942425254,0.5453377868639933,Maïs,0.4758573007782987
7.040506673582601,44.802459963724665,44.421498508372764,36.91999481550356,1082.8892270696094,26.21676833608698,0.15980318616216463,Soja,0.6537058500812959
6.006149220032008,39.17241342388418,33.6473046187825,19.905089282793003,734.5619202607824,29.04598971236234,0.31083717590477217,Maïs,0.5573803309554866
6.747467367555068,37.383740214791786,29.452810447049448,32.65602142158407,1052.3679904047247,28.533596495197905,0.17182595277754653,Soja,0.5397137413187475
5.719681778331248,55.211701704820236,21.615023782718623,28.451754659648373,1025.8355453336449,29.572274878365427,0.30322377368515174,Soja,0.5100136255546417
5.286657622000694,49.06143210184817,19.569421270963673,27.786216720852586,1261.74380161861,29.385244300913474,0.08858317354943146,Soja,0.43650770714966647
6.930129353353275,61.022732678327465,29.163819191205654,28.10033422815386,803.246204411698,27.861312014416278,0.2318244189219807,Soja,0.6154302703979355
5.631423661236541,20.02024747715862,20.13979501128899,11.318867654701338,1021.1710499412056,28.235073643891848,0.5109813207400042,Manioc,0.35467647877417496
5.418638364750484,24.050350085696458,18.678275718206844,25.60476317821702,1154.3212320848522,27.39545900264975,0.4716174544169523,Manioc,0.34282348686409264
6.601059210508736,51.600484486987455,32.43800373366773,43.48942702987043,1229.0846088287467,25.66235193533415,0.274100313766236,Soja,0.6286345743505892
6.3165118044978605,38.11346680594972,38.687940240103615,30.45541685533492,942.0071883124547,27.87688888649657,0.34622177013994837,Soja,0.6145823380612346
6.925763345625426,27.74065058570239,21.47503574969209,22.63113229381633,769.6210509011763,27.103582286738337,0.37772035267729154,Manioc,0.4299586541589013
5.560332563628795,26.781991894692013,20.41630888147152,27.5675276851155,682.1783105127686,28.085465505470992,0.1314932192402658,Manioc,0.37742901844785665
6.378507742982523,60.421099525678756,24.003159799411208,25.248630700570192,932.7335459115142,25.71362524103941,0.17289459499525175,Maïs,0.600386337962617
5.436543859441477,22.4736565460553,16.712254395884507,19.63964417235877,986.9094866887339,24.629959252688927,0.5168095158171429,Manioc,0.32385001065528185
6.327907513034954,18.363984657250626,17.387944097765025,21.363543989770903,576.1947930776197,29.765026534220276,0.7651480784719666,Manioc,0.3839858011218065
6.615167908272123,48.1917451041918,15.218777651956458,25.08362286069176,750.3942303003611,26.179982027463854,0.29305960651468876,Maïs,0.4894463095695599
6.705089365631964,34.776019733444066,12.422653634580705,14.203741847726008,621.5850408275802,28.6803983009228,0.4420149498654852,Manioc,0.40954578245923323
5.580511378494743,15.53933782517503,11.356049018113083,20.75745111576584,814.3992539438448,26.768546982675208,0.5315286498825041,Manioc,0.2694567164412188
6.191452270679884,87.06588091153617,29.499401935089125,37.4829599368733,845.1248920092679,25.99834841415285,0.3418230880477741,Soja,0.7294102429896521
6.903081600437961,28.641585344945156,11.941534391491007,19.802418855320063,753.6830298939318,26.721038869337555,0.6184454057378603,Manioc,0.3662370948677566
5.995179171674305,29.270030470350335,21.26529105121957,8.535676763057166,686.6204772369113,29.444432497720516,0.06486223230993632,Manioc,0.42809422611364
6.585937838029082,57.04679232124151,25.584014729013063,27.411753622472226,1384.803372799293,26.590657489639423,0.26411348907452986,Soja,0.6014893052938115
6.707831393743032,47.9074513512779,37.30129768785467,22.471220444026734,975.4702061627355,27.332248342647624,0.37160517252284403,Soja,0.6408825209035075
7.1757575729665,70.40666539924322,31.951220278910448,29.12570015877704,1043.0254336731596,24.844122967594238,0.21764709384387987,Soja,0.6526602796890233
4.942477513520769,51.69147584209749,20.462689168041514,21.784162423697303,669.3347445211199,30.20857068367104,0.2299449072841922,Manioc,0.4257267799917065
6.658520517790631,70.42584339650783,29.078098222980632,14.208736820687953,1179.4015705231357,26.943400129709214,0.2642922125689959,Soja,0.6733019751694436
6.0359069734016355,28.01623155720773,11.262853733753976,19.42122019879463,609.8645365143644,30.956849237395012,0.20098977758914557,Manioc,0.3539949850740507
6.884315778766174,55.80048065714649,32.224633097532944,25.772337305801656,789.0007951665657,28.264533846836983,0.4013347046485999,Maïs,0.6208494327065297
5.92484742307729,32.47606555586881,4.423307859986391,32.924080931972256,742.7612422304628,27.714485952213824,0.3137930126110958,Maïs,0.3130029853513551
6.245078670277637,59.583060040036116,35.29280623322627,29.355249823928517,995.2563155128223,26.808566129798525,0.24791158503751004,Soja,0.6682151369058742
5.9561968879637535,43.62551485372308,27.59314938556231,31.68575678570615,705.1977672460374,27.337791514412874,0.18527297379799265,Maïs,0.526939779205077
7.104381253566567,44.35404893964574,27.110791340449158,28.99898541575658,967.1693642077948,25.72905550564791,0.25972887285392915,Soja,0.5214478307793713
6.193921434732966,61.09920785756019,22.26762518134205,39.579134738108195,802.1086766108816,27.087577776106126,0.13961358097878582,Soja,0.5756988540006844
5.68640203126437,47.76450629342298,43.87759144588514,33.34754379949995,1172.5393997289248,27.824405866206984,0.10039045086055551,Soja,0.639499507307604
6.359890967071268,38.49976065593102,13.123334661161657,29.849877901519456,1027.8189526177582,28.98678666939,0.25849112631998067,Maïs,0.43437873218280715
6.6577877915224395,32.00132795565816,19.533921333377148,23.885977179643678,970.3792450562253,30.094221481028814,0.5770280614769852,Manioc,0.4539939438655507
6.717097075749102,54.166407380649105,21.436850665494475,33.57821109090742,927.4707118909755,28.26731713040064,0.2366021525991202,Soja,0.5496938173667311
6.543514762025466,58.29443425099938,36.63744196376345,29.310276414528065,979.390880448364,27.83476611388248,0.23117824159809935,Maïs,0.689829678927807
7.373054280215705,50.062521882802216,39.7903722739159,31.98615592760915,981.7724103545169,28.143825645798845,0.13263011892462662,Soja,0.6141208034362498
6.054306092661213,36.92733678898259,20.406584788842682,32.466359654179584,813.92737089695,27.405526351393533,0.48646545874926217,Manioc,0.4565423632518868
5.371021342752073,24.734299353637535,3.5838068269248033,19.63431396283338,887.7163693495969,29.997557054824988,0.5124785317072758,Maïs,0.232347265338968
5.295383522966174,19.71862991688083,10.693559488070495,23.68158144984033,423.22795596959133,30.61675729335287,0.4126318494766922,Manioc,0.25818760744268193
6.895344022422095,53.81865622987902,25.085555063512814,43.05126801254744,1178.5539950009002,28.47075221095702,0.23698609331198744,Soja,0.5605048313200914
5.253479441588472,21.23949502338509,21.037515974759604,19.253914675665882,716.8443923651689,25.048741239642638,0.7055590732045857,Maïs,0.33571079992735287
5.345659356600442,29.723056443616173,13.599444961249969,37.6179461869833,1072.9319211000825,28.2645253634425,0.5455428809992305,Manioc,0.32237419943425183
7.115707953217004,63.68913043007312,35.045090668072476,24.023038566842487,912.2472707764423,27.553521036562582,0.22824672216266667,Soja,0.653611576287242
6.640822354509126,48.82699886012167,43.49564426169458,40.220158258257364,1372.529803290449,29.660122805589044,0.16346776739521968,Soja,0.6947089118089202
6.312603386392341,56.86902289397536,30.516185503445815,33.33822814895885,1117.3536731599543,26.72852382213592,0.19682940460046394,Soja,0.6284051032559299
5.5861960924315035,45.4977368718096,17.12558590637548,28.23805667359703,712.9094088786246,26.58323427197101,0.13765609332431533,Maïs,0.4288349843123336
5.705344450955493,24.206653025502735,3.654613635237993,20.88669102953778,1065.581743587613,31.16044366268715,0.5857678774754085,Manioc,0.25754305011658396
7.1693494733473235,46.30672287876069,35.21945082961962,39.57816841890142,1095.0866086055971,27.939376798910963,0.18346641965665583,Soja,0.5826221736942991
6.627615218240555,49.47371894606423,27.645829681845488,34.18203588703389,1111.6070924971002,24.654944617485963,0.25122554306315414,Soja,0.583481511252783
5.107802923320519,44.77779573298615,9.634543358186924,20.940140953264773,610.7607767558098,25.46826501186846,0.5695403888487893,Manioc,0.33348530258949094
5.933935522684549,44.441555143478894,30.409070864185114,36.86325199368163,1004.1683832678747,24.941802346970597,0.22902018396454693,Soja,0.5487472969671955
6.452023257758922,41.46833707189312,23.3232485620832,29.363896381890967,727.5523352026373,26.571315577625104,0.35793481488723816,Maïs,0.5272416315056415
6.988726639881738,34.978125442185274,15.911443040884887,21.45082590866302,1009.7072324763893,29.245064082745326,0.1477220907294602,Maïs,0.4129169923639706
6.652023240519543,43.47987373374606,26.049477027211765,30.74561610996495,1125.5366546705425,29.20315644222846,0.2994671519448025,Soja,0.5465307309685624
6.882070214986922,45.6934433703625,20.63514244027955,33.17426346291097,774.4578940404838,25.28120597246335,0.2954775455109314,Maïs,0.4975612845680417
5.886884345333485,33.63032172255904,22.095322066787606,11.642667754950054,824.3508515394172,27.12852420177327,0.33919271016864205,Manioc,0.44249090675890157
5.220164938060113,39.46411758292005,26.95628302864904,30.590427806882687,836.1852113096937,24.95753984222508,0.3333063016192238,Maïs,0.44717382630639324
5.976908283392611,36.64857098369977,11.904047835263885,22.754496174040558,996.2014853326011,29.523768573333058,0.24350938810502615,Maïs,0.38767016352388756
6.17614432192901,58.728484746765304,28.161917579918395,33.488019455175234,1264.7332211820121,26.492418816112885,0.31679785155856244,Maïs,0.6077046469699948
7.204543199007002,74.48633694786571,32.42946390540194,30.20800765652181,1287.3853804180935,26.238969881937113,0.28299699249901866,Soja,0.669772270841746
6.016223667521711,18.195916260591044,8.34043444804457,20.416165203516957,829.496852312562,30.577666127630533,0.5738928313388919,Manioc,0.2928558594933238
6.182847414603415,18.364002344288394,21.625023274728193,32.320862589952256,809.1644651963851,27.38880254360312,0.23745147904785138,Manioc,0.40307351157504256
6.298430617934562,61.283966231285376,12.360537395567924,31.204639269480495,851.9481289043872,28.72595930560749,0.18036820483174476,Maïs,0.5130172331762659
4.927319592345246,26.737519730046145,16.104208851451762,21.966553774531114,901.8329308017112,27.754226880729313,0.7463557651845112,Manioc,0.2953782217158136
5.639534965161344,32.69094212069852,6.449124493041028,20.79300633980928,1103.48125095868,30.264933245269386,0.6102241552313976,Manioc,0.3056926656607035
5.8231319178212555,36.15197285973099,20.59227658025552,24.129554138428887,1167.9133317689275,28.157619049244968,0.23934122934665866,Maïs,0.4363620490853063
5.70875236900703,37.420414423981875,14.243012540292954,12.398779759585022,775.9653676185521,26.35444474242995,0.3209996287316548,Manioc,0.38617835045713006
6.998626149270017,36.432657385036975,34.98668341406519,22.395901345904086,898.3035330572073,27.766864531003865,0.28374010703246616,Soja,0.5559886615238058
6.631596801925113,58.716754037044105,24.273447088858163,33.194126676576396,1073.8805814067832,26.164541706422394,0.34561734355606444,Soja,0.5948722865452567
5.91009515949467,42.21050583446178,22.720463317620226,6.341256370803201,738.99646177835,30.84460708399763,0.3652692758689633,Manioc,0.4824226473423421
4.950789328974838,31.50951039445093,16.783338036249233,15.285307483318558,848.1853257845592,28.672165497956723,0.45842758775884807,Manioc,0.32083261588991724
5.175998537556115,29.111762816569836,13.920846222819227,22.35661440432256,747.1823475836037,28.451051097230792,0.4784471932312347,Manioc,0.3087394787480496
6.359996751919047,32.362611831720315,15.414324209344981,24.705103610741276,1107.3588000779168,29.22812092115259,0.5675597095129317,Manioc,0.42698780634922495
5.704368325047686,23.880907063104104,3.2876083116732637,20.00431490103103,948.8502909697039,28.396963935000468,0.3830318282617428,Manioc,0.25353286622000926
5.764346652108307,26.647044636126612,7.147624773160147,36.322772791251914,746.8134534978592,28.553157181627135,0.5016000159457554,Manioc,0.29710716839293716
6.771877021603465,38.07579020126144,23.198862602312282,25.599847969097052,866.4304141141653,24.810385403131416,0.1871980881451495,Maïs,0.4951645284732299
5.56834693519954,24.197536941108094,22.46964071821099,27.51362281329638,1001.1738394887124,28.546158231669096,0.5216721229380983,Manioc,0.382839434193055
6.7333373447945775,51.22207144043402,29.661792316529127,23.874674380008464,999.7471500688644,25.633270325166702,0.28758446521836917,Maïs,0.596462566511094
6.288850500466627,35.28343265458714,27.87053267216821,29.099895432936584,1235.0402636466447,29.302897504309314,0.18852882210471233,Maïs,0.5229457998660928
6.528276804316915,46.83359919779156,27.545620837226977,27.844047145714008,1025.463555293562,25.153066808996293,0.5332234657346636,Maïs,0.5803804495529106
6.523844269050347,46.222975030322836,18.719919492476407,42.348684670501484,740.6827242867392,26.086909724638634,0.39759364872775116,Maïs,0.5144162593846903
5.934501522499091,46.551906838589794,10.852591291610278,38.47697285212187,1090.7960034018417,26.009610494102827,0.31006470021131205,Maïs,0.4153808112446654
6.26654668684066,48.69972211947826,14.649767781360175,8.345138974015695,612.3004897838446,26.184166252705694,0.23315846988351563,Manioc,0.4778477676905975
5.291546717379261,10.014895295698366,5.435743233260853,34.27647111082869,830.0605259052329,30.10299266166574,0.6285542129628099,Manioc,0.18185491407402252
5.784223542351093,27.298695378893356,14.958196063642717,32.47345832385881,725.8109938913215,26.964043969369534,0.23140895127008207,Manioc,0.35782314287950695
5.405891031929325,35.29822395354127,8.027357810672617,26.93725511280149,448.8379159779114,27.635543155366907,0.46467397377784014,Manioc,0.3086273743868361
6.180745765249647,29.357583882889486,31.531761568261576,37.72317054073933,631.4078625949003,25.216498522577382,0.46063105659547277,Maïs,0.5176498715544611
6.830748165961678,26.263167690153793,20.925815157196702,12.636089698083374,870.2346699089725,29.256872436540803,0.53233177732805,Manioc,0.427804828954933
6.019989809028355,69.9273030995935,33.890119233721016,30.757856235883814,1211.9466775450037,26.251372862042416,0.14311299122617424,Soja,0.6804908251258427
6.5058381444204345,48.74056569847572,17.705440065335488,22.220424220385006,972.3315205876537,28.78160300168108,0.4160168525100653,Maïs,0.5183512731255386
5.848599144347465,43.77523288021248,17.491227041143194,22.138195146680296,798.5369477163986,27.356407563398054,0.3705636608869409,Soja,0.445741267006865
5.924010681033884,23.298267444602416,15.47034920595762,26.952250204246717,1055.0301347849845,28.807507599133913,0.1841958257363937,Manioc,0.3570753081267805
5.595133316565641,48.8878588440315,33.85475525837526,34.87446233298471,1180.6679225890155,27.929483649997344,0.3832645518695934,Soja,0.5639868807278248
5.977248739299614,14.804878441791747,23.702506141969007,21.69586753224757,1207.3861446699043,28.623923835319175,0.0,Maïs,0.387759102889335
7.069514578749573,60.73868728195148,19.381991084441772,33.73165790779096,1102.7319228950191,29.31446189157266,0.12220868934435294,Soja,0.5323115378627206
5.474374632012852,22.592015417315686,19.024712868186736,12.735464233920277,686.5198656572277,28.76404041990194,0.2770109740987112,Manioc,0.34409015707886537
7.0244027288657245,45.97253413886238,18.123922219701846,29.48461172660651,1085.080148470482,25.93416385346882,0.17981416097577474,Soja,0.4690751476026913
6.066678578526629,20.344911494469095,12.1807583407007,12.816464114878157,1135.8309240743222,29.859712584510252,0.7169492830631534,Manioc,0.33311275909800864
5.582186725828413,20.96495134887801,12.052105020319361,13.337093798763718,1008.5758702117766,27.496741585360247,0.5707181165291099,Manioc,0.2958456844888062
4.904838041804308,38.74793034712593,13.269478641099923,14.433523114990676,807.0048490431194,29.567768455127485,0.40630019908125803,Manioc,0.32000341716347547
5.918766612052867,15.596113653357197,25.64947715010981,24.177707408282952,870.036439697625,27.55028705358288,0.377362776394108,Maïs,0.40027749580741157
6.495004315281085,26.665994000411914,13.786357053444856,24.017877762815793,919.9776557568736,27.910667663937318,0.4054996894988293,Manioc,0.4037233534127549
6.415020823595535,49.62060893251896,18.908689637150545,32.65758254522981,1200.839885614629,24.343125801852,0.41332622674024677,Maïs,0.5241768211349418
6.453741903225329,69.483643895587,33.49480939907165,25.189283483532567,1047.7496559373096,27.098312554360177,0.2772026896628827,Soja,0.7105928544046544
4.966805504844524,25.30405529920727,9.566445943076364,15.137520159762738,1072.5645679965596,30.63591476541383,0.32260785571348627,Manioc,0.24557450246423884
6.598391767884859,18.341287533396557,20.035589117061864,15.587874159176156,600.7070114212831,27.09225711023842,0.1486176983961658,Manioc,0.4089720636561761
6.311066885816857,45.012054753622245,17.364043328375054,27.193430372134618,759.3572418361575,26.134513487107576,0.31220678501661236,Maïs,0.4866530774132001
5.935217169753091,40.448220821003375,13.579060589226106,9.98462191621238,1009.3381272219209,27.805843962635883,0.39331958190579736,Manioc,0.4113240234923079
6.52552832682447,30.794856741227836,7.780355387538864,36.559581912557434,899.2585768715982,26.587079474842486,0.5532427662732349,Manioc,0.37471749380709507
5.732113588523079,32.428036486926636,20.63196724861033,25.188373981063982,1005.0039100664086,23.549137201453775,0.49652307391522604,Manioc,0.4148083816118925
6.418107735195064,40.825708712851394,28.86987006781093,44.12716159748453,936.8806763239179,26.819711717850417,0.14923269352122392,Soja,0.5621943440974875
6.164244702833421,33.40192557533875,26.184806989542977,21.43050543647211,1012.1775850742956,25.65860753885243,0.3776694199339649,Soja,0.49341006995695835
6.554501878794256,56.40149038521267,13.867314981326265,29.53511636040305,739.277458410874,26.98677702330914,0.29735639129796715,Maïs,0.5166080645492683
6.142730077373691,45.20793707675408,19.842221965285226,39.50364709063174,823.0348547811532,28.820098944436012,0.4193158592025148,Maïs,0.49190335535989005
6.6162133020935014,72.22812524559757,42.36369686770298,32.582243763466934,1182.3300037150534,26.969393608108902,0.16993222571208122,Manioc,0.7799709389869456
5.421685413238048,43.92697855995771,17.622385181155543,18.848411524383252,877.4574290666845,27.125945562241277,0.4335161166243962,Maïs,0.41313153836025907
5.18038391111995,36.536433450091266,16.45320407122267,18.086410609451484,1025.9236483191069,23.57280020196158,0.19759206311530664,Maïs,0.3564628477233919
5.905317621527894,39.357524013426115,21.764156274234214,22.40041645308646,741.2062428572403,28.25833677982251,0.2276850834462531,Maïs,0.46395868615314895
7.548302034286964,55.26377863172323,38.71184293534141,19.726262654326383,979.0271833636524,27.610662857112974,0.34677788616649624,Soja,0.6126240440588197
6.590911435888655,30.151020315500965,24.597758952164178,26.72947786505033,1106.0092729853864,27.169829403117756,0.17785062114274092,Manioc,0.48879108808728267
5.520437553055702,27.569269651125182,16.841760019204855,30.9782313075726,491.03043611410413,27.854250660820945,0.5443702947386675,Manioc,0.3514222591342893
6.386509814246619,68.80154414072359,41.78390391319868,27.058141220866137,1159.2553832419258,25.15862374903276,0.39886019419519947,Soja,0.7625917758891788
7.419876203169636,60.33727709916499,22.30996586110648,29.74683732718654,968.8852082592439,27.3260043915177,0.34219948259688704,Maïs,0.523922780082176
5.1160881005260626,32.10082219079735,22.4558320214009,29.51303825162773,851.5292006199396,29.07195229735796,0.5643095810793897,Manioc,0.37745867843907877
5.828903552906388,45.348784942607,45.94962121169199,24.011903351748717,1309.898172495687,26.4244780905243,0.334799753396285,Soja,0.6564640471761141
5.918137723598013,16.277377867183507,27.12385585931334,22.592018758706317,851.1441087667033,27.432315664513922,0.2626874980378687,Maïs,0.4135708348217867
6.333082810986021,23.685814516095242,14.649851115959777,10.806563182265759,462.1329521665444,30.339163297325648,0.8180908009388085,Manioc,0.3853727922737063
5.576108409017575,50.8857840442061,13.797173161238526,22.9007686482376,919.2685004202924,27.709480534348025,0.19673215154233356,Maïs,0.42498368732923464
5.932586591205753,63.101972811859525,29.08863127036667,25.461181734998398,1181.4724521083583,26.82368771883345,0.40566565676545774,Manioc,0.6120322392503454
6.4876890571165235,36.18966286774503,6.020086327079884,22.137090371693844,443.7206549006477,28.079493082724706,0.5261899004943024,Manioc,0.38411630850111267
5.482068924410281,38.90217095680618,25.49215940250836,29.104330075056385,917.049582147356,28.61273344158519,0.26328546821620896,Maïs,0.4553232842185607
6.363066511121059,42.41203937332897,28.25034798435311,20.614374422763134,930.7180560122065,28.995589034680464,0.459651881325458,Maïs,0.5595055455509572
6.100406548519171,72.73231447638584,28.89094349110937,30.846330123131327,874.1199542030304,27.60079389234976,0.344515473566683,Soja,0.6616781906651423
5.599851796472112,48.996879517526416,15.462201775945669,39.261465990140614,1074.2088222339964,26.592639854107738,0.0863249192511013,Maïs,0.4315590809251154
6.862432495862564,57.74619049715089,29.16588511034136,25.18903922188505,930.7471602544263,26.180884263588588,0.15637657942425517,Soja,0.6080504782303543
6.488278481527884,57.17158520825497,16.380961751262426,25.458183371911034,729.4265673153125,29.055772108473576,0.27425548025784435,Soja,0.5412496743931662
5.641343679872583,30.83970646828228,27.130890019208877,18.70971653071084,995.6354281499305,28.174988725882514,0.36525727100171695,Manioc,0.44841352956770236
5.889165475970484,41.963068559732584,27.97775309966167,36.10450387265669,963.9363137434962,27.123482769516137,0.23867827023752308,Soja,0.5178634768578262
7.271373801658383,67.19545531307963,25.901349066729825,39.72061853825152,1078.5169189867042,28.16566213793959,0.15362389590884679,Soja,0.5886320014178079
6.298277388255787,35.600968988911355,31.13943173027355,10.513572877549425,963.9737506549613,24.33966632806088,0.2932977380816627,Manioc,0.5486206129517504
5.608572327130393,22.116321731737294,14.799813962394504,21.275145582209777,816.6286626198146,27.007282447723167,0.4761551381652455,Soja,0.3223619047348064
8.148347756886027,60.313039855709256,29.36355437813343,40.33865177192472,1064.0452138058604,27.15055817619103,0.2585807099923388,Soja,0.5166449036481056
6.163473720161386,43.826105798120786,32.08100966331981,28.919735074912104,1067.9674638084114,28.25899584968925,0.3624176785112353,Soja,0.5768152400832418
5.506746540483344,27.994523659099396,16.90033720286916,26.866985855777017,934.347183528567,27.30445230642121,0.4617859831441689,Manioc,0.3524139407821025
6.856523933705125,55.83736842658262,29.000575327805148,29.31673558073269,1164.5034753390457,26.79617022147244,0.30935389863983154,Soja,0.5998626529731168
5.569558022832478,48.088330125989636,16.553462919118477,24.327363150532378,1059.3595467503546,26.6454515556114,0.2450369780382532,Maïs,0.43348821599942267
5.801552372264762,47.38368982734785,15.113851661105997,9.584889042196558,1201.2289509371096,26.94602184476272,0.20281318810927101,Maïs,0.43886456649602223
7.0327372222312885,55.857863249393475,24.84083139421137,13.556177932643818,765.1353141254,31.903109309582703,0.4794549894291548,Maïs,0.5557134697506076
6.09115939838639,33.58310885866495,17.089428004347994,18.093129656530685,877.9028087767638,27.222353525868172,0.5093833687948193,Maïs,0.4223867484627551
6.410960377117642,44.28400748141933,33.146214061226395,27.650838921103176,830.590379341905,27.223172836721083,0.4372077728579463,Maïs,0.6061205612676462
4.924881303357366,34.170907532623396,25.855964305312476,17.870296396748067,653.6376631076505,28.450143416317637,0.7322431934036656,Maïs,0.3948854732845843
6.627869886663183,56.68511040933801,34.324867532154556,29.72474282044065,1147.2880735275946,26.821429204783716,0.22025552453557673,Soja,0.6600374235731711
5.918856235379514,57.477420726737336,23.62897186495389,33.14246281821531,912.8371372640436,26.208035630454336,0.3676545450008297,Maïs,0.5493945954269981
6.893521212033916,35.151573996871576,23.2693411886955,36.14319477290711,965.3417402864085,26.02901876524584,0.3589368288958371,Soja,0.47451052978573216
6.965836163310455,65.47803150857905,26.652371744991,22.11383879138245,852.1915360819179,27.508789860082622,0.306902814598146,Soja,0.6118005306357941
6.145673859042271,46.47661555418706,37.829285880103406,31.84753178407043,1020.2763972827418,25.287919534577565,0.4035327733376613,Maïs,0.6273933389924109
6.400855861049471,53.8404539636105,18.21053362500801,33.381877731782275,952.403792344274,28.524818606001602,0.4047344897363532,Maïs,0.534484936007608
5.664553750969444,66.57308213265503,21.68127608189473,20.701956137305967,993.0161168573879,24.90622566574487,0.2624787396416069,Maïs,0.5505036133905311
5.403503133234166,44.16562030209639,29.555399438720794,26.949181341223355,1079.5292363782282,28.621167457140583,0.19951430523810398,Maïs,0.49905006184952494
6.816090269625435,44.29470230578894,15.615093367633778,22.655711428532427,910.2340975247675,30.401559946405637,0.4603311959270654,Soja,0.46100682598835147
6.7935151527801905,52.78936503512114,7.040375078019535,31.625963434740164,974.1949313994043,26.237825728806488,0.14112586989365247,Maïs,0.43391162775759606
6.659158303001156,48.437878815498856,33.52220501286557,16.16529860675484,1248.7055627625357,28.594659405551294,0.3111153105538708,Maïs,0.6194753163320271
6.459269960055852,54.13205198437232,35.20960383693118,31.572092656911085,901.9773577456161,28.255485261021562,0.40106929323381746,Soja,0.6634355869750083
7.422875989808413,42.314693520941674,18.49840404192397,28.318440334315262,843.5853264007286,28.651219016831195,0.31411063558646424,Maïs,0.4256086562501926
5.010788301673457,30.894260863354805,13.510253175933885,15.162249066916175,903.2582533898087,28.66117729299415,0.4809758437718746,Manioc,0.2995175623705306
5.900312488523114,58.74876419148185,38.158201983882975,27.781575577426413,873.4758779524674,26.278983996062667,0.23890874336261164,Maïs,0.6581282254596041
6.420007225026667,41.45959289058976,30.39756787087476,33.19721239514834,863.8876134369095,28.818445959605977,0.1163665036884255,Maïs,0.5758909401587796
6.4798654347131475,16.780942304565162,8.35320470532968,21.96221545774086,781.0055110212282,28.42540037565653,0.6066789644727211,Manioc,0.32450749187216565
6.677837693844193,71.25871517826207,49.4826459957313,28.63092787133305,1146.3537331155476,24.703320987502693,0.34839061553329237,Soja,0.8228188906477153
6.209216966532697,19.697124772536704,10.543863474956243,23.831255453712984,1117.7948501231317,26.288612989852556,0.19125416015433466,Maïs,0.33012583862303857
6.989786072865356,63.005111815108535,16.918894203247813,30.452591514704366,999.1716610361185,25.256687695252694,0.1629669817006426,Maïs,0.5297088826293423
5.715202542181205,30.04238749420223,15.273058914550353,26.58685463581738,642.5402796342138,30.08447927535924,0.3674322190966182,Manioc,0.3653094465381087
5.808373353831882,38.8659733645906,27.854900316068253,24.795061296722576,950.472159035949,29.134857438636246,0.2956103952147785,Maïs,0.49840127863541683
6.227862456144347,44.014118677157384,18.941159840854706,29.93607053913734,834.3199550676064,26.61347231639985,0.32293490806036707,Maïs,0.48751930627302487
6.687559866708876,40.33963498131758,33.922366670196645,28.420601962306144,712.6665249880284,27.32816085879122,0.23652019029562477,Maïs,0.5884396522147552
5.750792664325822,34.27860988014393,25.57017679501339,16.175718734229168,854.6885179656895,24.58721201093089,0.19842026365573112,Maïs,0.45930929240817464
6.5084546076943575,47.40822098271977,37.926838784964886,31.126594101542693,1166.7638596216864,27.911762308402963,0.3345775063584365,Soja,0.6594120700957894
5.159154071916374,3.3361622016856174,12.443702710652364,24.486090144044585,657.9356129204846,28.182236551434425,0.29292234671276574,Manioc,0.19591531719226515
6.175966536557291,49.02012432469105,33.265287836554144,32.42978766065702,833.5663310907743,26.666154194808293,0.36081978964258854,Soja,0.606700695600692
6.305508733601309,62.32514999485092,15.029296936525817,28.310511582609248,970.3345124622064,29.108812699359138,0.3402065222294606,Maïs,0.5369861592064503
6.723549151306077,51.86318456956701,23.75629289285112,8.173718525111013,861.3082985945441,26.326112956177802,0.18421280397763387,Maïs,0.5569741124308054
5.255238885089965,31.6728645271295,10.83429238335517,7.643202184755014,683.166259958005,23.20736007600418,0.5276581146040609,Manioc,0.30273370692136325
6.402660145669748,34.76163928371596,31.76630981360173,24.657984367635375,853.1400581223938,29.213438826991872,0.21093596847805424,Soja,0.558230616625671
4.822844827599727,20.9411112672977,10.138324980919059,27.74799042099901,830.672178931162,29.19582874028374,0.5372059589008387,Soja,0.22114213110518438
6.9601787491967535,47.69036693370924,26.368140700248183,24.547079895250338,1230.1518393816261,25.820304158113565,0.08694871223589426,Soja,0.5406486519459779
6.356753692227257,54.02846290315872,36.333248622811766,37.247525874858844,1234.6291559205506,24.80757561199201,0.11975439160079501,Soja,0.6629687069784381
6.6350338653443774,47.30070759191402,32.27224170410736,30.867452830787954,1138.642858453904,29.471112472286904,0.3290484804345561,Maïs,0.6079047472753406
5.078739473256254,36.026898711132475,16.86040739333693,29.26015684647966,770.5459392456515,27.94837347220215,0.4544343430308152,Manioc,0.3492888215833357
6.624424196604742,63.296276572966306,27.340761539186914,44.07992567658465,1025.9444937452595,24.535270673513722,0.39254059323729323,Soja,0.6355698825675045
6.448904397695332,37.55634981390759,14.035969563462938,24.413441858047754,597.8777919061702,29.898784270773188,0.6281387727027019,Maïs,0.4444222152246248
5.7425855937799755,28.30784216084268,8.29370136381631,24.06470171536629,763.473687823839,31.488852679934574,0.442116875711971,Manioc,0.31016153088770493
6.898396888665407,66.26314963810134,26.80636196774054,26.136291007742187,1197.862966133405,27.132287367285343,0.04233839878014145,Soja,0.6213807695644794
6.406465727137812,33.30083164289712,31.324962524288644,25.553924709481308,846.1473838649308,27.708543030429688,0.21167236158377828,Maïs,0.5496266298336006
6.579484610246634,54.278401280812375,26.010042932308487,15.448254832257962,873.2354663086545,25.037929826596855,0.08841159613158178,Maïs,0.5942678611464153
4.782773977487145,17.513182000312405,9.761125269304504,11.129880836760039,669.5145182795117,30.67765977749249,0.4651013254648401,Manioc,0.20180171960979937
5.909225470560281,42.40103745556567,39.127119021519654,39.081907035065754,1095.2751397091963,25.60506036865511,0.21722123103757848,Soja,0.6019441319923589
6.2392796250848965,64.19804520406694,25.01571541207384,30.820585794699845,997.7567266097001,27.049068763308682,0.21305828287136352,Maïs,0.6113497790641662
6.085555176873979,13.86706767172285,12.541166936718986,19.81105616465235,859.1413607337528,30.67337146628897,0.3977838982198054,Manioc,0.3119067669174539
6.0961031784254684,23.856469006090105,24.376126942416942,25.61505801647435,978.9203671111301,28.661286192735638,0.3176416045382069,Manioc,0.4375365962860045
5.895507850024132,71.11609700483358,40.519093765594995,29.6554893805723,1032.120990999191,26.679684738504438,0.20889441927215258,Soja,0.7231989732058658
5.98967733861732,54.92042349536523,27.809107963197167,38.16831721840326,797.335353638457,27.84591627314932,0.2382073552280073,Maïs,0.5753429949338216
5.335877449843142,48.97727062002796,29.216583203605566,27.89573932975943,916.8816531757302,25.588705159504773,0.34572630761791634,Soja,0.5099981144824893
5.792094857517281,62.11708480142343,13.308451512198735,24.51700413130355,937.8431052917384,27.69874571524347,0.3069855272502068,Maïs,0.4826341459166842
6.287288906415919,44.90881003355796,29.46807748442072,37.46541875207001,776.9761361022825,26.20886479744727,0.4723641641092504,Maïs,0.5720260793606172
6.404410918182139,43.678362107102124,25.50227481835634,42.35311134052682,1155.7038910927506,27.318859560727,0.07392806867513535,Soja,0.5478576965056513
6.740287482979309,71.86066702723473,13.706805369487558,35.05890745068176,1209.4094529561987,25.354059826688523,0.15734762336590652,Soja,0.5610242489882614
6.375357326032096,46.58723762824975,26.760186335987406,39.033509077909045,1070.6191798074472,28.215273391479844,0.18995633235327952,Soja,0.5660184534664261
6.020999096738883,51.71066229543134,27.53386588655581,25.194833461308384,1127.0425143612727,27.133728366777632,0.18310055675602957,Soja,0.5633055358858854
6.317106446906849,25.66362950371657,13.250573254384983,16.19741265854249,847.1342973042306,33.09853231681586,0.5275500453770903,Manioc,0.3816914181663873
6.458460463200875,46.613605834696074,23.811745380565835,23.748075907645877,1378.7225912115427,25.946595784317623,0.05690917994798453,Soja,0.5514119543471985
6.896552699678869,74.8436225923583,19.798866617101247,25.15881681346329,1009.4249327584245,25.754870964906498,0.27521921506980923,Soja,0.6043152055112238
6.530242985833464,64.02923440980975,32.72905610646002,30.2577689359044,1085.6356904959355,27.4130210029291,0.1909219422625773,Soja,0.6850016661050032
6.736967868465669,50.60656372749583,36.00921189847321,30.616062986791707,1129.1357078761182,25.959780906987643,0.3156120456368646,Soja,0.6397449155992487
6.67692383010832,50.5871730006884,39.47596887983558,41.14806045708541,913.5230192859964,28.473569098492117,0.2893952008993935,Soja,0.6695850338457803
7.041963845728935,46.05894453115234,22.873127186609445,33.697866021384186,1003.7516766614004,28.6495827148586,0.32553892784039623,Maïs,0.5024102757581537
5.330654967612196,24.298656125648648,13.931148759688256,10.915221875795806,317.6027925263956,29.51797732548852,0.46210705900896704,Soja,0.3023685123849945
5.516998830790173,28.419736299093692,20.304000359029736,27.59760307422296,669.5154523222106,27.954080427690727,0.6272742440913059,Manioc,0.3795519758199474
5.995017485666412,67.56161084189615,22.622484065013445,31.120890325930755,861.6674567060238,26.361283916200897,0.14775440992506483,Soja,0.5876235249433676
5.722229779699787,44.758043936090836,9.275799084189604,23.11260227772265,1048.858151587013,24.458484092493727,0.20333679809873753,Maïs,0.3799635633557825
6.826002684291224,48.171263309841116,28.37983449508642,27.743846542145484,1075.1045901623725,26.627959541232322,0.19227441790082536,Soja,0.5678351860284542
6.883135354029344,53.06647015976799,32.04376103720535,34.408988903277255,1194.244337366314,25.841446750482284,0.35959361476075746,Soja,0.6089443350214448
5.754069954394834,30.548177400875726,10.692782852678569,16.66187707742085,735.2170033070154,28.959628686593266,0.21527183625668095,Manioc,0.3372178682852277
6.50620058936158,37.6176286955956,28.86817624382457,32.33323244535,789.3453036669591,26.462411077856938,0.34308201250373194,Soja,0.5556945735182612
6.545624488583191,53.0083791064609,36.65932824277381,28.678260115246147,825.440333934306,28.109489746984625,0.23407043974381256,Soja,0.6691522133439849
6.777409059089196,66.12399554481003,12.318271027614351,36.83885333001359,1187.4961437031086,28.27686100463631,0.028312232266444415,Soja,0.5255672620678542
7.056301157014872,56.67221449478714,22.026603337022028,33.21559114685644,911.8322322195357,27.404597690846263,0.5087441228777458,Soja,0.5366266404578793
6.51142496617375,35.466713917412875,11.342521999201288,32.147970916931314,1074.0854161486134,29.50545361033394,0.21224945174244517,Maïs,0.41991515471159013
6.292418061847437,76.37748533659993,22.65645083099782,25.731522773537208,1107.3296212813043,28.238021420850348,0.559094538552395,Maïs,0.6461296051135272
5.464083516570297,17.87413305679274,1.0,30.452432541876007,910.319132917373,28.03681587130621,0.3571524823670816,Manioc,0.1942540939061538
6.330527636089945,42.097254558113484,20.321438989024994,30.328252572269385,781.9928866295191,27.63121063052111,0.1729439822102616,Maïs,0.4982364667361965
6.429916709197606,16.79364481635923,15.513452583742936,22.952416388719744,1229.2276040596644,29.964275441149795,0.4545425454829446,Manioc,0.3724284838496002
6.831456389746556,67.65019797564769,28.732233063168433,31.951999710342314,1116.0536435308602,25.83389556847905,0.15176061888983045,Soja,0.6461096181080668
7.403702274911714,56.08132515077303,28.299600382389055,33.01070461959497,1088.486295831511,27.022106431697193,0.06730896960340182,Soja,0.5519644938874281
5.008135700540452,2.0,15.389428634903375,25.196838920903087,689.6143133629871,27.141562508668745,0.29537623099208277,Manioc,0.19994794542667438
7.261024163375565,24.13089905312902,17.61222605463347,20.083903861391004,1187.055942799618,26.66514704219752,0.45128064227687537,Manioc,0.3610431879029547
6.9483789313571505,51.51540410019044,25.446206027709014,29.678954252080967,1290.2506324957924,26.88829104128337,0.34616880519293747,Soja,0.5498693414587517
6.460970782808449,31.33121301584579,28.12829977257639,38.00200395469497,892.1491053533227,25.28358138962083,0.19194618463463678,Maïs,0.5231303843437354
5.899680655040598,54.638791167949094,28.746120159223018,17.20038939353248,1088.5262924071053,24.551666162785242,0.31927799284237396,Maïs,0.5738296501179206
6.65892216307065,47.597736002757074,27.9042430966743,34.63502254659396,1234.6741438424383,28.381332801235082,0.34800916201979565,Soja,0.575514194265691
5.3715832257229446,46.057677739416434,1.4621715316394592,44.32549563327552,598.0128989324453,26.533326346370693,0.5767920456910273,Manioc,0.300392938464624
5.659468336200051,40.63614109473431,21.433247713347985,17.61160334552965,893.186024509536,27.14328944386109,0.15669760183057868,Maïs,0.44689280679629684
6.718429118247054,29.736906775956367,23.32626116972348,23.273700628852374,767.1106768734211,30.376316123496107,0.23450223117311314,Manioc,0.467760143259188
4.709336559083944,23.321492688472965,17.965270251415106,32.89849222322839,733.6010414713357,28.48975879583498,0.5778022552362742,Manioc,0.2780648308488193
6.897578661942364,64.4058808689599,38.29287058516702,26.124917382334402,874.7868087973657,25.823476801109432,0.1849684605126925,Soja,0.6973904321727831
6.312628030483072,33.79949608184364,14.788340521698936,15.990582904375719,856.3657441640357,27.92648609710932,0.5347800325626899,Manioc,0.4242817014487459
6.7245046129184445,41.6618051024399,27.13333395412427,18.440678170668953,1029.981097684897,27.27971971811705,0.16497766779226058,Maïs,0.5414752183170641
5.93886575858849,27.30821133696704,12.5459676675179,7.795080559638047,588.1943265612368,30.56468051938698,0.36143388446950875,Manioc,0.3527580850293773
5.93487119081378,48.38483843461691,29.30775491383335,20.862132762038,827.3476405092299,25.24021211294133,0.43002997237319945,Maïs,0.5562617712576611
6.069165521271151,25.135290873060995,16.83599899387694,13.255181562697047,644.7847514905375,29.161802204342937,0.009934402915578455,Manioc,0.38576248304251626
7.048353889184352,39.48440785115766,25.156484115676527,23.915940685043374,1058.3920045156035,27.373732319509433,0.2338687277226462,Soja,0.49273431150309854
6.948022155744591,53.950383140761154,19.173252089092728,20.117622273622647,1117.7824916382988,27.80503918999815,0.06926738735251964,Maïs,0.5139782079355644
7.148396491326974,35.667320409268044,25.906817450941944,37.124555523543314,1117.8867376346143,27.26900350220325,0.24367842402879464,Maïs,0.47524223927524323
6.297922627548841,32.70450405547583,21.464595074671305,32.76953628602714,1143.8090501489785,30.022238686127025,0.3729920599613027,Maïs,0.46718539642891593
5.970901354986537,55.58420661881853,37.70299909579805,28.709577912418613,1007.2089866875287,26.1185244738633,0.13046474413003656,Soja,0.6481052749142376
6.910498782936367,50.94701160757678,23.289073895994914,26.138409073456618,1211.6098800613395,24.937734678225095,0.10002851890914408,Soja,0.5350516926768788
5.948599723977015,27.272659841527982,19.446317123794877,29.435395745123422,694.9982720818722,29.435560555257506,0.6326322032926073,Manioc,0.40338238475950017
5.759098353647952,40.24906034292796,14.618609241302087,10.229620923158198,907.7471164599906,29.8203590706906,0.5736228545183458,Manioc,0.40398610456063055
5.775077815267604,37.478435944094166,22.560234245659906,22.987695946069117,723.1206552051686,27.109945624729335,0.22346295685680767,Maïs,0.45195932113784076
5.142719930891541,32.529091460792465,17.16425201259987,33.43027045909484,624.0042078124313,31.520574380733823,0.5167312375015685,Manioc,0.3429326403543516
5.530057192128003,40.65082837757167,16.09654456566027,24.085884396858187,676.6001771329691,27.622565139502107,0.40158831709149867,Manioc,0.39793946102301436
6.474606196394683,45.98767831817173,34.25664836776948,20.29539603577099,994.541139148821,25.07733351855185,0.14206274873593455,Soja,0.6259169137970828
6.041052830639896,76.1275364154939,36.41639382105989,30.792882979094497,1106.1795382648088,25.788977173869625,0.34617159605132203,Soja,0.7247170795398216
5.858605815278046,31.316478281551348,16.910168528580055,23.07328142373982,900.6839737487785,26.64730608042991,0.5636632170312275,Manioc,0.39362195641635866
6.135020348641745,21.03597478998408,21.53567711575357,14.88747733734387,698.9010997534233,29.401446976716883,0.722596622958841,Soja,0.4090469237942338
4.9845659630152355,31.89757552067187,11.674840548480374,26.325489680206722,643.6103321798521,29.073986220973286,0.48001410886925905,Manioc,0.2880471820258508
6.6910674355055875,55.14868091432809,28.95719834664948,29.513679703345787,1033.760178337518,27.280697487740824,0.18533131469366088,Soja,0.6100923542622594
6.187555846572177,15.119305000878231,14.325048860114693,26.97672156427027,733.3075958131035,27.972894232440265,0.4951452564963617,Manioc,0.3378848122838686
6.640079880243777,55.8722735564252,26.181123537119312,25.668884332212965,1085.342797693513,26.323127728280554,0.0953997455780323,Soja,0.5968911730268863
6.183652625952954,59.12220555415429,12.900144703475252,33.361147956364306,823.635105481051,27.307604779274254,0.3107274334717936,Maïs,0.4992918143515172
6.606320305979658,20.86100922513669,13.49732007410616,34.04881271754827,647.9472664175883,29.034601995741177,0.7381856125634418,Manioc,0.37082754580130345
5.329015346493832,32.0203324972823,12.332281870884591,12.65106833181574,812.3625277370969,28.527310120319562,0.512047184742356,Manioc,0.32084544064466286
6.918666520636096,74.09129630264925,30.42876897238271,25.90847435992231,1057.1948756564775,26.83930665356264,0.23441655099929995,Soja,0.6766053051279688
4.776554157463216,32.88181572578892,14.587432405443028,23.709784460456916,464.6845544387775,29.362466394804414,0.3135551740882947,Manioc,0.296352544988486
5.187428706671197,42.51308873816453,23.143813547590145,36.66357630258399,1277.7642342554168,26.552896166650164,0.2072949465789317,Maïs,0.4288590126905283
5.365297359439314,50.131057981760826,17.687005674347617,23.746475582385692,983.4921369883056,26.97776390477403,0.2793550368881433,Maïs,0.43334507516295756
6.436298741206522,29.970296716048466,24.658012782684253,23.480995495752236,1325.1350746901421,28.264524615863493,0.40195014372559407,Maïs,0.49069778088318033
7.301104794751635,52.146233414218955,36.738143879920614,39.25567723333396,1074.6396152978352,29.677269839627,0.26856695590444873,Soja,0.6059139256420806
6.098096823407782,24.474964514463707,11.206673992286138,19.48551639904603,1127.433894235245,28.61580082498383,0.5232020229564015,Manioc,0.34471770216887077
6.439489912873196,43.398672044333594,22.43222116770247,36.98867055763682,965.4287866898501,29.704676388181245,0.18898984554256376,Maïs,0.5273317154351663
5.442103236764104,28.058937920240854,17.7435023819745,28.89833959913382,948.6534805689878,29.648899270139523,0.4609656381571115,Manioc,0.35360202006368613
4.315141471808177,43.08809465723196,14.106465577182522,16.592603205459472,1101.9831363619658,27.738371603841692,0.53265901863239,Manioc,0.2958596538525342
4.826299958165611,24.288219371350838,11.794441729236151,24.87927298123715,631.7703957337584,28.411055162881166,0.6865274738383825,Manioc,0.24650148093183644
7.05361733002881,33.02018525543649,18.44262623456659,28.769000678033954,930.8986413234766,25.16022450577794,0.4966588009341556,Soja,0.4184059757127078
6.081279151795837,63.36864974454322,40.06282725652852,24.093134378059084,983.9417530382293,26.81736697640522,0.279433304513651,Soja,0.7044648969173432
6.295549534009952,33.10588107132672,28.604928390535633,26.50152611590497,898.5191109735443,26.949194098682376,0.16111010517414795,Soja,0.5202878078332309
7.211172628233987,64.33059718628954,25.87906616510261,36.067779737596005,852.1551021387879,26.982121710766435,0.16471118741696422,Soja,0.5820857645294802
4.791374461814358,27.936433859042534,10.571659079967919,25.808287993834668,803.8997741066414,29.7106279441711,0.44834905175573886,Manioc,0.24911353529013058
6.536001512393302,64.52734964358606,3.0053726953158204,42.46586751453964,1115.5632845869698,25.005502126839545,0.11269524553349555,Maïs,0.4711768153211203
6.175430176743504,53.23148529762618,38.17173475090806,39.223248450761574,949.3962236713455,26.561333391425627,0.28168523387332894,Soja,0.6586644118633742
5.357777939601256,26.356736094288024,11.55172247549528,15.625292358441738,644.4490257486864,29.120572069464952,0.516384364353421,Manioc,0.2953489274134665
6.588807671751595,46.52531975118308,23.25550657638764,25.558739338856665,871.780933487622,25.46506538382871,0.21381860119154747,Soja,0.5432560569528846
6.94928774043101,73.8308941754165,36.4316325269165,30.83734207870581,951.8140659806571,25.87862118422064,0.26986029501804487,Soja,0.7166208910544012
5.695828972987883,47.564514943728526,34.50264792986792,23.95274112879772,1225.318566854286,25.562787382538424,0.37162938850972826,Soja,0.5715617601246722
5.559785323751859,29.291238479315005,14.241150737448113,23.58982514326274,792.3169955326246,26.879864344045338,0.310271364473343,Maïs,0.34246434299063544
6.80021599692814,47.93027745418732,36.595220125157084,24.898294020821623,892.2014382845418,26.647929482954687,0.17740480997007518,Soja,0.6284663301614443
5.837128093423267,41.30389663956366,24.820265124209214,28.19119365896007,699.3245341258903,26.11671664185256,0.18703161971975701,Maïs,0.48825114660534513
6.077804011849299,17.85443028663763,21.849341116809555,27.52295750898638,844.06123152863,30.573596273023664,0.3138928570855019,Manioc,0.3943026410268998
6.781920217146306,64.63979251285394,33.5664640315887,29.343254372432913,963.9818327634302,26.185182532474467,0.274344071424013,Soja,0.6733206203166229
5.746218168979201,53.47421677150422,26.547531099541718,17.286770131796363,978.2713641527155,27.040979068463887,0.3399876641988026,Maïs,0.5410733555181636
6.378556285755874,43.47530163619456,32.31626743724378,25.245291008211897,1156.0871577817175,27.980324866923244,0.46417130841778775,Maïs,0.5943544383724253
5.239796804596107,15.895649916413449,12.284890268071052,20.889786678726864,1069.0515813084749,28.520502887306392,0.2663662487466629,Soja,0.2503209638606373
7.284557183837375,47.46041809578696,31.0547896019634,32.00811981479385,991.9380966115142,27.934071955415025,0.4425927320502261,Soja,0.5477483627560426
6.152352233806524,52.408243454201255,19.831223399836084,26.754574869369215,1009.1869978226329,29.10318848209144,0.19333683623571904,Maïs,0.5207449535479284
7.328718974685218,65.45254351774261,18.71750455558959,23.309864492250178,1039.2303941909183,26.90980831007664,0.32883648007773564,Manioc,0.5251918593296914
6.953553080053281,48.504466130338855,34.19657868814975,33.33718397726176,538.2878878854251,28.39486083869108,0.3534657369868209,Soja,0.6010690861596852
6.510904981108599,44.81291243554102,15.986697886439652,34.96113162856235,803.0111637826633,25.85468738092402,0.3095898316488045,Maïs,0.4901395478534455
6.51417275463214,33.80382566710989,19.08816498779279,29.205780704877263,964.6740762061884,27.666694062944767,0.05406306171963829,Maïs,0.4693015282416395
5.731442937522601,19.100148871279746,4.379864620605744,10.648152718300002,785.9765516603627,27.52907945314176,0.4217374729636911,Manioc,0.24491925936985326
5.3143624653332795,27.29270446377079,17.431436523704473,11.875940489493432,762.0497506421756,29.712374582735848,0.539558414960781,Manioc,0.3381264316296001
6.150412068110309,47.439531979085004,29.3800034363149,23.816326217216,730.1489213986857,28.94045775213,0.24419088645587927,Maïs,0.5703324685933228
7.349449061809626,58.60658595838651,30.22321686398028,36.78782526621927,809.00482562749,26.19811630587327,0.08256127949255349,Maïs,0.5801121694965337
7.28162736165273,51.03187431082343,21.998117964329353,27.513273996304115,1234.8102472032858,26.164146784113477,0.3497741354495089,Maïs,0.4963418049032623
5.771421221791859,40.120885918542974,24.334955174007572,25.713126507695453,1083.061966466943,27.041832946337475,0.3474448417422799,Maïs,0.4748538282562743
6.681688064622161,56.965715016644914,16.627922065821856,29.58033066178228,851.6468420807835,29.86915683754229,0.4245615032779154,Maïs,0.5286363718989285
5.792112712953124,37.42259080985389,16.571337109005917,16.692489580987917,732.9003569963445,25.618766876923782,0.628209281437659,Manioc,0.40972154695793195
6.677571160250619,48.257963165821664,27.000003470681843,29.268758138214352,869.2139490055064,28.955262623851787,0.25386130547501784,Maïs,0.5700534981134906
5.950773771492044,34.101729738068755,16.71798767589108,26.10714463665576,963.436356404924,28.04830073292011,0.5314162010868844,Manioc,0.41049295317212653
6.308716436589862,62.95211355912322,16.73935731272893,32.147712151224326,936.9948295777687,27.7450405323737,0.6237994603124505,Maïs,0.5520813478462753
6.544240551747103,52.96128157998885,30.613376086189746,23.15370278409111,997.0236491715573,26.839318463854035,0.3222980513097824,Soja,0.6252832696358794
5.009219787789227,14.2876197039865,10.776485006485085,24.164099973026236,846.2094511032333,30.943411814648208,0.49406210275109985,Manioc,0.21466123562902728
6.595831346981468,60.43243528272189,30.048855493185286,31.23738536846798,947.8594470575918,28.4285494198828,0.25159443048375807,Maïs,0.6462771915920604
6.560644583698635,20.47424634366246,8.096739149449302,10.695977137732447,652.2489874069475,30.661742314139204,0.5230629838673391,Manioc,0.3338488577810804
6.665271146214179,67.10924094073663,24.728218938618816,32.71437246945846,1313.9936299077426,27.351548513228447,0.25129439801452325,Soja,0.6282852450665792
4.494237856251394,21.249795865908546,16.128940170427605,17.431364564326024,560.2173622502035,29.224420140556905,0.47334874465076116,Manioc,0.23945512715123995
4.7106611457936145,24.078602508537365,11.290784194957624,23.785736526495864,820.2746027286153,31.559484876260726,0.6040506617681485,Manioc,0.2327824415624909
6.612708174494015,37.831776793971954,24.999184742442228,35.06630252017178,944.0158424372432,25.640617981212458,0.3260649525034081,Maïs,0.5199851303882239
5.697929616623966,49.76357769356219,15.574885487893367,29.58678973946218,972.7104571927599,25.772003678631286,0.469362823409475,Soja,0.44321917074841777
6.298994529538353,39.41842505118913,17.56271814199701,5.0,1062.9224597832447,26.424939818764827,0.3337973913504233,Manioc,0.46525667400453063
6.183433433159826,39.94718728326998,30.259100642472994,40.267277850910844,853.9656679748352,28.568709718931288,0.2705077579983797,Soja,0.5500488627231939
7.355365825769606,65.8797806297114,24.918786913176042,37.808177643178084,962.4767896395344,23.694470257562617,0.15632313993271052,Soja,0.5696512029283703
5.905708138357811,13.393225341967923,11.13583134555518,29.06950798478807,828.9011812935355,25.191490597636317,0.27362835294912036,Manioc,0.2854864571351675
6.413483203658901,21.952744205815087,19.347862593267106,17.258257784974845,907.0116204736645,30.128473550457535,0.23771491037002915,Manioc,0.41906026737925806
6.842796960022,43.279867656311744,33.92253365466715,34.018140424823684,1023.4780111463349,26.125679568523598,0.3804602703347325,Soja,0.5875175094548438
5.661524863890513,25.816752673391857,23.652589759139794,16.233201359021727,687.5339831835399,29.42249779281439,0.3666899400836492,Manioc,0.40519343640680017
6.076240682224248,54.475264621228575,18.99158711868618,42.294487570495164,979.0069177886238,27.9860546640598,0.38676455274958366,Maïs,0.5166554573423172
6.214878069747873,37.55097355193551,24.623879122233763,34.59951959898053,1018.8491002511437,29.346054357476707,0.5493333102238134,Manioc,0.5023755260389835
6.715499761247976,57.27668992473292,26.09231239427572,29.045544375898324,1127.235157462872,28.01182376373805,0.38630023996265245,Maïs,0.5957051907863307
4.284812806232071,30.268033850817357,21.581724187597597,9.119811389515244,962.4820656858647,26.851847877616816,0.5893276869075336,Maïs,0.2974590448242905
6.327713534088104,51.17058292362516,38.30989076685618,39.54606186711923,1033.3279820601754,28.418984880096414,0.10514189531730456,Soja,0.663790210198011
6.918090244342018,58.20652786174067,30.195765807850385,40.22083342882734,967.0158778823272,26.578217271464496,0.26179975761440644,Soja,0.6128578929724477
5.728501364679049,29.806646866825506,15.176476953726079,11.856404430918797,531.9939939072963,28.92594441624465,0.5560344436377769,Manioc,0.3647520441652232
6.448261788974754,33.50441405394715,19.089960496286682,28.35984396106555,743.7360634289556,28.611164985953724,0.37875649432179337,Manioc,0.46513866932091524
6.631553560746012,55.34646976209361,24.281691237207014,30.37992807529279,1433.9915246118028,25.050984303970797,0.3163803578706365,Soja,0.5817584493370836
6.638681145287836,42.333476707655855,22.468858377817885,34.43240398260831,1241.3368392134448,30.636641409098715,0.375865957683822,Maïs,0.5171787603912841
6.675433814255781,47.535221980660545,9.619150564755458,40.195139751988044,873.5988943286842,25.804518300759312,0.1610423515044976,Maïs,0.441495746813398
5.5423996029596845,22.682634867177136,8.437556548318437,25.661425952217943,864.8029637428806,25.492852857686135,0.40442048557783045,Manioc,0.2731954747230622
5.886516471106116,43.05091719647319,21.420257979910662,23.292600827955646,990.9677651440467,29.97585944484927,0.2514245544695648,Maïs,0.4744037669283103
6.510708865242887,42.29859412694755,32.29579273330563,29.263749954284172,1144.4166721479728,27.362415892816625,0.28176520811831796,Soja,0.5984642637841971
5.223956100238749,54.325908318730896,23.89693574309667,31.75403636662033,1298.7009958779227,26.575784812926585,0.2247095118688352,Maïs,0.48342198577105444
7.56242274756176,59.074359379163916,25.329437341793465,30.911456833291403,950.8545111941384,24.534643455065304,0.3251920999627915,Soja,0.5294537193289061
6.729212243424794,45.678555105274036,27.708695662348518,39.18976678467439,1040.0319448616417,29.529200802345088,0.10724918539176503,Maïs,0.5609709422886942
4.684602554427895,23.336793489998286,13.00371677027019,23.503618103838043,568.0967445432725,29.46983951961355,0.24733883123227537,Manioc,0.24020555480274292
5.415770995444939,31.539656243498328,10.21036080252366,26.74840232977696,920.4136067092728,28.88478023914842,0.5945606815759661,Manioc,0.3105358427038427
5.525907288947144,34.27256974260193,24.947245992471977,36.541980274924015,1063.0129195253646,28.000054776891318,0.14921215968654775,Manioc,0.43678247615172594
6.376027698257149,61.61470165728018,19.95455273592352,33.875443799621216,765.0348042477717,29.25675144905922,0.23468446244228497,Maïs,0.5755274371725735
5.542272642775652,36.546773487548805,18.116179483194088,23.715739757788477,882.5480816979735,29.440536194985263,0.48666816744083247,Maïs,0.3975005934512327
6.213442919497266,50.8855326977072,22.834362391920507,20.44110286552959,964.1931567004037,27.413074187355924,0.4135892404288064,Maïs,0.5414328329303275
6.659297211528437,48.407399392600595,26.885208579090108,32.35797136218187,1012.5903166827496,28.010029882392157,0.19266950777686004,Soja,0.5712681259606764
7.012442018864392,68.04298741346801,11.385031711668208,33.02121694768123,996.2455717151224,24.86479973420956,0.16169448783916407,Manioc,0.507507254278619
6.779055436750034,63.84586305934609,28.068778212450137,34.7221335739703,908.9406121749859,26.724729675239256,0.42191246682762673,Maïs,0.6306217258160928
5.977843708645242,30.90922468780206,17.68589907270868,8.845617998364657,967.1099622445108,28.018697391400252,0.327489310220265,Manioc,0.40718794024904337
4.928885909473021,25.483485520857908,17.29818659037408,13.82280829030446,673.3454400603387,28.442787769002376,0.573531917976296,Manioc,0.29924945596954067
6.715141727015921,52.83390509282596,31.181171193180106,22.427042377694534,839.3930144753062,27.70711761262632,0.3181988726574021,Maïs,0.615226143773073
6.321843605745956,62.72251596669744,24.779731180708637,36.61155522955551,1030.4620849837015,27.329499966377846,0.29520882439519636,Maïs,0.6104765100747508
5.539771693457862,54.34319911239274,18.611355974974344,29.24933664719773,749.8084089634651,26.942331482714767,0.14548736596163267,Maïs,0.4704672843636901
6.997716353403716,46.55400090316644,35.82477152054789,28.01532371222172,1025.3030124920342,26.657373102948128,0.18117717383610704,Soja,0.6017044289690737
5.673292218413172,43.168033812796125,21.633976168867697,24.611170537906276,515.0729180197277,27.27595775652554,0.5293927280475985,Maïs,0.45935185153567754
5.881130007874342,41.72105283487082,23.37397835475604,31.36521205837589,1167.16946276868,31.29489162387793,0.14482532995140354,Maïs,0.48292570565753895
5.861803848970365,36.89142488789662,18.844721944628777,33.967280504030654,1043.9652008680916,26.6323104066855,0.5095030764327763,Manioc,0.4296879933294211
6.5531893404646935,34.1011641969865,20.866443584654107,28.691403125621587,882.7925169533015,27.012342460121967,0.26710440689241505,Soja,0.4802241752244927
5.475610342395053,17.326705607318296,12.782392000814426,12.640814636430772,829.81072251741,31.456256004707917,0.41800551365518834,Manioc,0.2783849272652155
5.926570529379804,53.10808273159782,20.002837573704934,25.992440349832115,1048.9474997123555,26.554626057493344,0.3177384886843832,Maïs,0.5066617579273447
6.229815184960088,52.19757942148182,23.172890389319743,39.445464761692634,888.4222275905405,28.572118474833417,0.23515483932155345,Maïs,0.5503246275975185
6.734891964699968,36.63842885508002,28.14863755861964,24.457681552139345,859.931457707153,25.752578887781972,0.1646213619971959,Soja,0.528358646955559
5.989524714500565,39.152300085642324,46.746088685688306,30.96485376003952,1022.9918480472064,26.05851784221762,0.0,Soja,0.6508563796360185
6.6123236891052715,54.59830227607713,26.145234073402662,28.967302871866913,1059.6112039903996,23.176297171027972,0.3196223682562848,Soja,0.5938707663889221
6.814127198758431,50.06971361036231,33.58819657890959,33.94845992210657,1052.8001851011295,25.575222211873495,0.24606393751898503,Maïs,0.6139359212574114
4.58976045943157,38.706783809367124,8.870538682800271,21.612236846260014,707.7511896414377,27.955033475609973,0.63926417405925,Manioc,0.2627714050385597
7.027158669586891,51.11113379437862,21.85830570464262,28.718976525437213,1322.7047371722465,27.702936977638355,0.26051210965304405,Soja,0.5159964175404752
5.498435337000425,24.583379529908495,15.219502665616941,19.66671981294932,819.200537966068,29.689617072535356,0.6659396891145203,Manioc,0.3262366892856441
5.036260899647624,5.57954732663686,17.822491020237486,23.59154174554398,567.5379983923465,26.80582718582721,0.33306832869609354,Manioc,0.23381770273932986
5.927808637737408,43.147123411222914,12.813354984665667,41.28436911722184,940.6027666817267,27.023358658973905,0.2985547736448082,Maïs,0.4157368131335436
5.802908660137299,56.47066188340926,29.07288696210299,34.02135418817269,1022.2761892563636,27.177753085328053,0.42041296295328423,Soja,0.5756170975014941
7.311297598894988,46.87165325533877,30.21163661902135,44.185721704094895,922.5962974838587,27.888912652409974,0.42631749293726695,Soja,0.5371995874352505
7.205632748246506,51.0136274062968,24.719727530175152,40.30460018534062,1155.1164953085542,25.720278987768577,0.1370024129215584,Soja,0.5220647608398323
6.555137211836111,77.06505401094537,19.14736190348132,35.396725681699444,876.9065020230962,25.172056196274603,0.4800030685144452,Soja,0.6355943628508645
7.097278931758894,41.8392714397295,30.132656806632973,31.59843786697343,953.0159700303648,26.151800284634245,0.3184838210020305,Maïs,0.53407354483673
6.9518979418754085,29.16388673627054,29.420131351027788,24.93298186954218,1199.023869139689,25.7711257891139,0.34946931513214713,Soja,0.49098489024804937
6.3219003568856,32.60892924346099,25.016706561371166,26.46793623785062,855.7784391246232,26.855547532208735,0.10593937319453464,Maïs,0.494460637030952
5.661870755430322,35.677136694191475,17.256737739323164,11.972276593605676,853.3040461794088,28.787237282459937,0.586960620889329,Manioc,0.3974427652467676
6.08600296339128,53.2189282340896,34.69117083491324,33.2507433023142,914.4852024753485,28.908633983238246,0.3178377199644627,Soja,0.6262487169738661
6.947634613544373,46.848516164468734,27.708707916349947,29.89109818303298,1326.4122417125013,26.497310315103345,0.24232409872372707,Soja,0.5480715127737209
6.275196893238104,51.93105607263144,19.888472093100944,13.425309077677088,656.7426844522575,29.401940730654633,0.20125729181778812,Maïs,0.5291215330456533
7.05523055122592,45.11980553964837,32.07376352322976,38.45707240162949,911.8516934557063,28.728608270183585,0.09617170578693637,Soja,0.5643244693052732
6.572303237258832,43.31360615568092,29.267473630192576,25.71280216406617,1008.3300449604906,26.350815747930866,0.38852373796081385,Soja,0.5755687083534018
6.002265141667244,50.66242805003846,26.25599466145662,26.46884792043453,1145.4773637051705,25.543789546006092,0.055217626689905264,Soja,0.5484518593106071
5.572973529193446,35.84551981765723,25.155793565366157,21.228227658002808,692.5809542538293,28.91712985915404,0.4857837105959321,Manioc,0.44820831028574126
6.647369237916453,44.3204493213143,37.30005786691726,42.457198820310566,1099.6776217798417,26.198750414661347,0.3290529563425356,Soja,0.6316861819044627
5.689383591434644,46.01856295261987,13.805055067507366,29.516781832750002,1036.9020139635163,29.669844936877052,0.19097969861853706,Maïs,0.41507311212941744
6.0859806704535675,50.50719462401312,28.478296604084463,40.274668419011405,1087.0021979706337,25.77849503711379,0.0,Soja,0.5706400313510552
5.40973830045562,36.40727298010325,15.089161272648788,19.346925119910047,885.9132815856962,23.898762515794758,0.35552627936303854,Soja,0.36442539251526607
6.665807686636371,57.906930789875794,38.48743660857386,35.667746883429466,1213.9395090485973,26.759814299619503,0.19020506549821886,Soja,0.6919321433541367
5.888038170742462,39.42651936339858,9.170129071597694,11.656573905530099,887.9922601663378,29.93935798076705,0.5437934268813103,Manioc,0.371617783353288
4.686096521495691,29.80030408581095,19.85672142270741,16.763879322866437,837.4109090055327,29.073977830394586,0.5547125197376502,Manioc,0.3152374968745886
5.948972887823695,39.26398227103099,13.94723350908931,23.536887205468254,907.8311772667871,28.220912890021022,0.2853076812303123,Maïs,0.4104613498688628
5.639493430588372,54.82302738379789,35.49056995039383,23.067963897308857,1116.2211136954368,29.821226615200075,0.2706708916010856,Soja,0.6025902705534752
5.180937732411073,66.70942717497815,24.115029810141277,25.918367445298255,1154.4843462698375,29.712668546464784,0.6118587480089499,Maïs,0.529976973773347
4.553280266836367,28.441852581751043,27.2062792263267,21.285483985005225,772.7661728414527,28.17825930303941,0.30788656574723117,Manioc,0.3525395168103437
7.15158696939682,66.87941025280129,38.630067539707,31.061928959004884,1003.3795839219166,26.664416074667503,0.34537502593951386,Soja,0.6891832620231588
5.155101050052365,29.081787028714494,14.603119299898438,35.69654689518823,714.7010834385705,26.967072992573822,0.5494017536529248,Manioc,0.3118927143128259
6.642398864513071,41.9666837640925,23.58594867096808,26.44362701390592,889.5471255365667,26.832766315041784,0.25586706033696377,Soja,0.5235392200930212
5.5072101760634995,37.69564305714123,17.62584656631084,13.417059160016176,963.1417823714874,28.839679388256762,0.2463265189401837,Manioc,0.39563554326614897
4.803320795912341,18.83075322168358,11.983515756109226,22.47644517413721,681.5782720565467,27.37981185309534,0.4452099164923784,Manioc,0.22469535442562943
6.014416166099381,44.46667232277028,25.939106501107425,31.34378560153725,1042.8715177525096,28.961530846665603,0.2933972080346354,Soja,0.5229045335598289
5.855406090955216,40.4790966716692,17.007632170900862,24.413380315263144,823.7267552197771,28.598121427149533,0.1826081220880512,Maïs,0.42989565635620686
5.942291651647814,32.645467206338225,17.980407470662435,20.396734621292687,1037.9385785887644,28.08566586437198,0.40786961313035125,Manioc,0.41326542637353647
6.610420741068886,65.82790913356463,40.9877997668443,34.175066068065036,1027.9413262224712,26.13232610136375,0.20541705190244647,Soja,0.745444321636329
5.704731837434656,35.606646061812455,24.52056694271105,31.47811513355318,882.7185745208208,29.257715214910768,0.44139034170576025,Maïs,0.4532135961228799
6.483700380782256,71.76332147479386,29.56076032101594,33.686433350105716,1020.3137962686212,23.404323942026238,0.24821392990250823,Soja,0.69340516610074
6.307306066415386,17.587031899020722,18.966312479775155,26.517475498352553,695.3402444583037,28.481456345089885,0.590698440043701,Manioc,0.390733329452688
5.698735317681096,48.67365506816178,19.290043143042265,23.7203032682796,948.3699294447542,27.14708913504134,0.33171482521839013,Maïs,0.46593405385570563
5.938569986423366,57.38946352939438,29.49771343178,22.089731739718502,1092.8717235429208,27.481552326037914,0.30718863081557257,Maïs,0.5931396484230791
5.95526834017095,45.871087699133554,15.644248106779571,25.38376164825534,819.3114558973841,29.78943644320171,0.43586342347128726,Manioc,0.4490899996043122
6.198198730454716,22.88138088670493,28.635402546143855,26.682170654395854,929.2876498007778,25.618758519506596,0.30646768164398475,Maïs,0.47274511137537467
6.21629062153589,31.5884152161131,23.01933033633933,16.298965787256876,448.08449949473305,28.652485438645787,0.6716890104239304,Maïs,0.46755334504288093
7.216519566725473,46.89146163809569,6.6557510256191925,35.66317036525596,769.7000185234594,26.644034210436818,0.1673830045610822,Soja,0.37422573560122446
6.6535932323912075,70.50890716562475,34.10072108227216,23.78520402570982,1249.6274465249905,27.93916595385702,0.23014186766081762,Soja,0.7104036687553601
6.145619925771571,20.757597397270583,27.372132584575596,28.34515832064156,936.2064826093601,26.73111680453224,0.41669327975016124,Soja,0.4510844716646072
4.367908070806466,26.5596519377859,8.995905000824798,16.337464243278514,674.7506096493904,28.147664752585477,0.45625218108253635,Manioc,0.19843892361060195
6.316024968678819,49.68774256075024,20.22035524558121,34.39431612412184,968.5219713746891,27.61351031092008,0.3564611816854268,Maïs,0.5260210402072192
6.3478173998096965,59.99107190869109,32.29347465704994,30.782546128500435,1231.9203701098636,26.151193920426884,0.26824993111127,Soja,0.6563029815108681
5.6249524199906205,57.6417422842153,16.623151350183193,29.801762916401216,934.8629671819008,26.742290959284635,0.189336543377739,Soja,0.47577615957587344
6.151643444064804,67.31300146192632,20.301166619537398,15.780047969982435,1059.2777965271805,29.643140243055157,0.36777469270891777,Maïs,0.5823664958705623
6.468085884799684,52.16614518571328,15.344117849089297,32.1777268517415,1019.041409173701,28.532915105336254,0.2917399277536529,Soja,0.5125535145670743
5.9682911535937695,32.56136764608715,26.912665862529163,28.238191877505624,1063.4732531474147,27.411919359343056,0.5840897236832545,Maïs,0.47971984917520394
7.461133695493513,37.20504350586504,33.20180519954221,26.320340538730715,1010.37697522455,29.347491200256197,0.4200774787540927,Soja,0.5090786484833153
5.429126354290762,17.844925867607955,16.855268691076816,20.7793387445145,897.8577430905092,30.916458642037032,0.41767849257534906,Manioc,0.3061953302714707
5.582388978730583,14.58777229030858,6.6024860354329835,20.19157105959409,582.6005319636087,26.906328095728174,0.26877113124629415,Manioc,0.23145278626080462
5.561625712089845,52.083038472010635,18.29414993839782,24.270921512481674,1007.3980327216237,26.589107878870873,0.40896271950434293,Maïs,0.4610811425007762
6.814675356830635,49.98611777428742,28.508203721350476,34.54937662503442,895.7340037815802,27.003008844305914,0.17875714100634027,Soja,0.5767669022293654
6.003945923433921,45.81829358547565,14.460958634324463,34.105379000510844,790.3669989773977,27.608229855232644,0.3146691605456479,Maïs,0.44420631078737716
5.9482621729419005,50.99928729996205,15.214669388044506,11.786992959217862,928.5111626953711,25.31741809236417,0.24316254508185706,Maïs,0.46546778340885675
5.2633465214114015,42.20508409747557,7.749918219162336,29.18242233407802,661.6219708590752,31.381672314462936,0.18663482133629195,Maïs,0.3222182948706996
6.914738248557238,51.027373974995704,33.13086590775748,22.959190130988254,1126.385492873316,26.169065986045528,0.14195822641716294,Soja,0.6063184624586692
6.821837863444058,53.73998196515054,27.714621633543107,34.78228327565268,1060.4317339134868,25.388425138987117,0.2950414161315705,Soja,0.5851220935399428
5.755358256935414,12.56415987535715,23.18560895000853,29.201094429436928,963.4800543365112,29.436112323933393,0.6058259567973141,Manioc,0.3575028970181652
5.395344240715035,45.16741605297941,17.76813704679116,18.528090719176287,790.8303897685875,30.856773724207727,0.4243243207137698,Manioc,0.41692985584699127
6.835540202048443,63.68559299733305,17.76480783736701,26.311256321404745,1085.3400260102092,26.945607592408,0.12706467617858852,Soja,0.5508366811751555
7.160064703165522,55.93738830980158,41.02454019652341,34.050981931076635,1001.8135327438318,27.470862543101745,0.21945827799689785,Soja,0.6630693443718638
5.746459066101432,45.0595661139222,11.848839631767804,8.341605699329348,664.4259956980761,27.432544719893876,0.205618644137992,Manioc,0.401719314122177
6.560467490256314,61.27320090840062,29.88782506710467,36.61674386481742,979.8612222377416,26.616899994096585,0.5538281613621829,Soja,0.6512270268780944
5.37975521238909,31.606635283224517,14.29425163828597,14.917557043026683,1072.9425438438554,29.540783423981498,0.5950325125133615,Manioc,0.33749923954501404
4.638069892031542,32.30234033673055,12.701973506212598,5.654771980366796,830.5433163543952,27.115376791927638,0.4196714496918571,Manioc,0.269350351422956
6.450458593812191,48.319803305690144,20.94661632700471,26.301108765223027,723.4938182022122,30.03851985869481,0.21431218584213854,Maïs,0.5366882829462567
5.531029441104894,25.639897875554297,19.145492200091677,25.21064761596163,725.5141786480585,25.180064510567515,0.06447786771294711,Manioc,0.36141394046516184
5.647747727933936,26.126152678090307,12.368045674446611,12.19920915370448,767.1964716478631,29.19922819531747,0.2864411701788842,Manioc,0.3235582455653503
4.669077547419124,42.304971552055285,19.918680219517817,23.518743091782625,756.5633173259488,26.80996734760303,0.30616288649910184,Manioc,0.3632150900172537
5.975709155450117,57.15599246645905,25.10129539439418,33.68685951614936,1127.7240476570128,25.488525594383788,0.17585152745399663,Soja,0.5633513011830356
6.079381971071835,43.241455955679285,18.88362176904324,37.75226880554434,943.2118547053495,25.501327478158153,0.3560702658219348,Maïs,0.4722031459144379
6.752762966478992,49.39501230620226,25.01646884494489,35.05010040417668,1137.842549293496,26.846315405564546,0.058774001452072455,Maïs,0.554115468134507
5.974115479295515,29.646231072582303,15.361245671181013,18.814571732014166,1047.3444483470198,28.993880470488985,0.7554064249260168,Manioc,0.38511240853665396
6.233759240705055,56.48445709196755,10.43396452392634,27.383361291796486,770.1572903009186,27.156378453617435,0.34727702710372826,Maïs,0.47512291534325024
6.266484837073438,44.80739620265605,12.70623684967915,31.47480082413759,834.939881689955,28.14852907130051,0.3502445493950842,Maïs,0.44854624375046426
6.685622023842497,46.63505304639164,28.857051303401878,34.54941519071831,776.4189663539623,27.336993984389892,0.3027696503300123,Soja,0.5765162709693177
6.355625077271768,60.213160519224516,17.99332266118668,13.94780197478493,760.5845336452154,26.13426994470272,0.0,Maïs,0.5542088229393461
4.81251961793087,29.61472753943957,15.898476905531036,11.364208643403638,635.989389195528,28.81043360720928,0.4770481873765949,Manioc,0.29595315056223076
6.820541330930202,37.241621133894235,30.22417740357752,24.150684812621776,1207.8469002224701,26.20512402588402,0.266643839737082,Soja,0.5388997810695151
5.03850126212566,5.876475125058832,20.886043937084573,11.283892733812356,1123.9528925108775,29.414052885062873,0.3492929334532572,Manioc,0.2573495380026977
7.569731774785062,81.7378532001958,27.728673897525024,22.32980934837683,1231.6883339307637,26.656035891152992,0.20905319414219445,Soja,0.6348574338959749
6.541777152163696,16.94954290548707,6.905887140067797,21.35955768841186,435.69231002307004,27.420099428938403,0.5117040416354561,Manioc,0.31295123031406336
5.975191000412901,29.712008996604045,16.45043949817716,17.377639552980295,690.0627219682873,29.89330808298154,0.7714066551696279,Manioc,0.39334550162950216
6.664049442179493,66.1452104209093,49.87736040365539,33.73846416148421,1152.5978529796687,30.525846112460968,0.25074638391250337,Soja,0.8067885777332975
4.780331551439788,24.827083815370422,21.182447560920885,26.14007265453838,1076.4135761859857,29.355149656109617,0.5376733182971193,Manioc,0.3129354451307157
6.523811251364411,44.45919427192838,37.088446780813584,26.365620500361807,970.4669027772563,27.027359869127427,0.29274554046969403,Soja,0.640580417662779
4.940792375939369,21.03157069836351,19.968701314339786,30.38352154828106,754.2126049352188,28.27346492912906,0.5743910529849701,Manioc,0.30214064652919936
5.887963844688967,15.305793252285024,22.372486837852573,7.783033637313954,755.4692708094616,27.077720305504368,0.30749371796012753,Manioc,0.3729404089984433
5.941355774949814,45.599326302663286,15.699155562387126,37.587907753579294,901.9422410844809,30.488054953938963,0.013786356156835655,Maïs,0.44731220879878486
6.448466234364068,41.48691724602868,27.61686665699779,14.930881072715382,730.5993836067527,28.366668479001046,0.5951144128731087,Manioc,0.5581317181140381
6.510335986063484,68.54687915052668,33.71316297162406,28.62317401221265,1235.3266887969405,25.385538297364853,0.19429298063776815,Soja,0.7113857986255874
5.128056745065289,30.83474684399799,13.589375284311325,28.140251391445013,1032.875568055873,28.763931000654438,0.08553670534761826,Manioc,0.30923949485537444
6.303135403157128,76.16084855102227,31.772696956548998,42.05981204382178,1101.7152805427918,26.570159733464898,0.1285443357677309,Soja,0.7121760316134604
6.657512783171403,70.10854004876686,44.256076496704566,29.847762555403,1146.287682931539,26.191769720492175,0.2764948601196872,Soja,0.7820878758250916
5.52820465851611,25.485847776487706,7.2448690900834,18.061695214572893,1055.6487953481433,27.484765882505695,0.23956063913803338,Manioc,0.2743802194997206
7.004527144543889,44.147258524544554,24.376809991150182,31.38777079508921,997.2114855945138,25.921053755665355,0.23101648719365375,Soja,0.508823311465638
6.52616143920671,36.01215951676872,21.330947037142337,18.250851694831027,1389.0905138709995,27.518254523424357,0.3023994583447703,Maïs,0.4932227061403256
5.52133319679171,22.719748701143146,11.864745772763246,29.378199676864547,695.1919287484201,27.61179975071422,0.4915491496678651,Manioc,0.2964810569532298
6.3219737212602976,52.895443788148235,30.38034961625775,31.153179070901803,964.217215497934,26.720673840621465,0.36716821972228114,Soja,0.6126350098949906
6.264610590987614,36.08807774584713,28.2302731061159,31.908354962481937,1046.6893148622764,27.497428769496405,0.31816888752864225,Maïs,0.5267584581546201
5.2194351699096115,33.3536893605752,9.881701269346427,13.926531630659966,774.5764722076643,30.636167387629797,0.35332384471864925,Manioc,0.2995406817853889
6.693080977790867,55.50005706567227,38.366297816821685,32.00182978557374,1071.6495942076886,28.540468826802798,0.30051510704546525,Soja,0.6794624702634553
6.9961975197078665,71.32353991539892,37.79519825830556,39.66571407939033,870.1043755177263,26.924605754774877,0.27670103334301743,Soja,0.7129423096018683
7.039106999077497,40.066767427015655,37.07091500043775,28.109320079768473,965.0785173233311,26.277794784634498,0.3098168133952756,Soja,0.5820564103495992
6.434874780173565,37.87736474217847,13.300081388242404,27.722115075043583,879.6106948994558,26.035307652601126,0.3691030614583532,Manioc,0.4392243298169555
6.3197213274528155,54.54709844549679,28.820178588675095,34.377625525670666,924.4514657689988,27.35100081561643,0.3409459172497563,Soja,0.6076108696457969
5.204585704004197,33.76023956545896,16.18937578174434,22.550699227043403,775.3018934520439,30.57038274126667,0.3509328947988625,Manioc,0.3456336161344582
6.782580316237584,83.7024806734874,31.815690334099614,27.94472981388613,872.3089857505491,24.555744721790333,0.245116060887393,Soja,0.7351162082566864
6.234281487403014,57.18761851697317,16.44171322011077,22.20262608924336,621.3119223252079,26.67888871584969,0.3869389272458073,Maïs,0.521432671297304
6.0504963247670664,48.93317839394372,30.719563979926207,26.94829907841218,1014.8325036138881,26.156858058612436,0.29193236313646426,Maïs,0.57788248920324
5.338916751222779,36.240884238325094,16.334878915637802,13.742564368378929,654.0816399742389,29.2698334252243,0.47307813433102486,Manioc,0.367132826508614
6.285432719063971,65.74082669749973,21.163616796020595,22.662365325973813,821.5477222578194,26.75129157279445,0.2618209798058485,Maïs,0.593170201202353
5.340619288514275,32.09233956775097,10.998533591963117,17.368884026633527,922.8480576669145,28.237718437191173,0.5861417716570152,Manioc,0.3123939138981244
4.922819291372475,36.94940857892841,10.722361560296882,9.070307272782191,763.0473461068675,29.984915210657103,0.10750793137091547,Manioc,0.29595937832015023
6.084086724635782,60.67858250809106,21.848172553229183,33.73860286613921,1242.3679171623974,27.99034372711644,0.23999589622693998,Soja,0.5622291108960893
7.4346917297738235,51.5322729008061,27.97699146979148,22.108594402322737,1203.5231304854972,25.692281952694223,0.4036317573818047,Soja,0.529362711499875
7.065436644532846,75.28543203503007,25.93357975964117,30.366666969363827,871.1353246321517,26.307917128714823,0.4091308811184674,Soja,0.6369703435477473
5.846229966072135,15.177109116506594,24.15371912415631,5.0,839.1390345306517,28.82691181438131,0.32942952298543715,Manioc,0.3820014204493087
5.185834260057677,15.834632211778182,18.0475494810622,32.91826603397862,846.2033415604661,26.520874786491447,0.411876820368842,Soja,0.28750880353526626
6.277308492529634,22.48109296771603,13.571567259538682,13.429708927417126,645.8296477185039,30.00177772580079,0.5637423579176881,Manioc,0.3683898242810639
6.289729562277169,60.21048613434263,21.0690275672307,40.69648261398121,811.9898969030371,25.56901575308705,0.4334000418280407,Soja,0.5712064405297517
6.723644062813869,58.69553862496355,20.589616694985757,30.32921171768969,1130.3829891709393,26.24756074656524,0.27601485767784417,Soja,0.5607407190787521
5.816326218555975,44.643585177025166,20.290747039781976,29.341041773358626,1220.214514889973,29.147727314077727,0.13209260889304425,Maïs,0.46683357888209903
6.519428229552573,26.607787019789008,20.925034917915077,46.27294561030307,678.3312203353112,29.47670399890696,0.859274961794491,Manioc,0.4540521521496502
5.8614191442439445,43.52397413701331,16.721113878987673,33.325926580180344,1018.0378285263828,27.06713732426885,0.24716704357790356,Maïs,0.44020597802866845
7.200400409714225,48.70925862274495,21.994300889226594,33.75962825266058,1018.8469087638714,25.52171636671557,0.30091626800766724,Soja,0.493731432419294
6.346485868604487,44.496117188907455,34.68331319729373,31.321144780214144,874.2722639117837,27.72565338682981,0.1867999395395687,Soja,0.6129263000731753
5.662029197727256,36.39605819674428,15.232306365770947,13.473698198651423,1015.3040690763993,28.9576252922154,0.47895331990769147,Manioc,0.38560172802302106
5.840101763120298,38.77460678315721,21.82780185216089,5.0,963.5774260623846,29.32188034526929,0.5014280198672472,Manioc,0.4569233830894387
6.300549523357484,39.41698246053969,29.677112018560955,33.059788264898586,1046.883563041384,26.239260521739965,0.20096496470029626,Maïs,0.553129379570893
6.4225393231503825,42.54341702290407,16.863167680634874,28.404353130409135,1357.1495212526222,25.573906214926144,0.15183092838429224,Soja,0.4822908514982309
5.365306176648295,19.28684261932906,19.568558261712955,17.75030030169369,705.8412247607906,28.998018719468007,0.5948360338189775,Soja,0.32638172967025414
6.639847033691356,62.115409713101556,34.781438070557854,31.050619180934685,947.0257067729385,26.87174091631423,0.3020234895825461,Soja,0.6836177334949483
4.63384212872492,13.849925103296833,16.017410017261437,18.397969385497795,695.5360994865084,28.624924342233584,0.5251873630210804,Manioc,0.2208838231818384
6.932137602128562,67.12445020228398,31.4719919472666,30.4471948183465,1409.121568203957,26.939199841520647,0.24411301447576791,Soja,0.6558457690672563
5.189690659700254,14.857278083116997,18.439510414461992,22.938882793179893,699.1364319092282,28.56223122597799,0.5424038563121507,Manioc,0.28683536867005555
6.248497982496359,57.21033695525353,33.72494460250172,40.98852320355984,742.9101941150523,29.350109114529005,0.41824796537400594,Maïs,0.6478546579560028
5.760485233338836,44.15072363552991,13.08452539420103,18.63861974879373,652.570524238615,29.018008107570388,0.5991615421826445,Manioc,0.4082390780454095
7.307371909679906,62.33327314535229,28.244017371406134,35.831099475490184,1049.8137890763148,25.179577066687663,0.11516684947194619,Soja,0.5837119318571102
4.444659583800274,16.600312044040514,10.590907505072902,33.11965345462929,995.0387341990165,27.33697698687246,0.41396866934962195,Manioc,0.1771942182612207
5.450063758512772,10.992668647406092,18.31153448323984,17.97032211946881,1057.937889807724,27.93367777972197,0.2646999031044781,Manioc,0.2916284778442412
5.41959538373379,32.13283763439576,18.91732824162367,21.241968416466236,794.35859251945,30.07531175353152,0.5401370673623002,Manioc,0.37623230789676987
5.749336381479954,22.138412815151362,16.376981170716043,29.545938201131452,268.31177262788765,25.74312635313403,0.38304022517767267,Manioc,0.34513404475172715
5.736534764210958,43.615440160162265,14.94643236625089,24.836354396616855,904.2216731778873,29.62461768755044,0.22731840000770423,Maïs,0.417717444189775
6.926503969154951,38.60504044723467,32.95482680433123,31.54817347555499,1180.8060245416395,29.13322508072576,0.031317062872853074,Soja,0.5555336278906025
4.872405720426011,22.06608278700549,18.042458243390392,22.866398519462145,896.4542496479548,32.773080599780904,0.5573875710728348,Manioc,0.2867611401055366
6.42213165574302,44.855477291217206,22.861527619030962,32.23924362841919,892.3314681534363,26.45727596288469,0.2678233032909884,Maïs,0.5347486186356754
6.00333059383632,35.9794844564249,16.372446540781606,18.532439173914945,917.4261789294715,27.582504404050063,0.21852235842442413,Maïs,0.4195360539604722
5.527387381394261,28.290383296941275,17.716284824871366,5.187305325675307,591.283600918912,28.944039495162073,0.6076682621636997,Manioc,0.3611324905104135
5.305073351715857,27.63815738917259,11.306306373475362,21.306045010337325,738.2610393915983,29.36858195257315,0.3852373237453308,Manioc,0.2943648758201818
6.606758608684835,41.118231814587716,14.525695741321693,25.40592066319452,1097.4024714154912,27.565743199190642,0.3021656702961869,Maïs,0.4574427581705238
6.037542169586452,12.98157523888483,18.925632927300274,8.420949332295281,539.9645744476854,27.71977748240227,0.4275283921881314,Manioc,0.350851296704528
5.777134855007145,23.204473580980682,14.590629114045806,21.758064671521147,841.3357500022034,28.15679589308125,0.37183665568036256,Manioc,0.338586035589171
5.994157439805252,33.43403322597663,13.37629032459013,12.377111675309596,628.8005515863564,27.1143892656278,0.8623173623865097,Manioc,0.38714660653476274
6.134928472816158,63.54092566334188,22.741286175733492,27.58409373109254,1072.5255517146472,27.34086404698787,0.38040596061786286,Maïs,0.5839570505707933
5.646737045629165,54.191541736100014,17.297478873253432,20.35862379488628,783.7831312611696,28.006649148581904,0.3649585552809934,Maïs,0.46891413762592
5.472653414096041,17.452594636991247,24.764722769997533,25.767913227447355,644.2461304757268,29.11796170256733,0.5904759909085512,Soja,0.36543788014892975
7.205032966587797,58.44236611383221,36.52662669153031,28.467190600282997,1005.3169723494564,26.413675913469373,0.09306025788633909,Soja,0.6366838802727413
6.397226071189149,61.122782579886454,28.813720883097666,23.451211801517946,678.9437907602276,28.527935127066453,0.1311247867809117,Maïs,0.6394738423877044
6.647894378956773,30.894873936324274,20.55815737070526,8.32170662465601,767.9624825687579,29.772034334830675,0.23167897865740264,Manioc,0.45787877869676624
6.230115104970514,58.90207549017313,25.293303011904186,29.967064751972643,1074.0673142848652,28.22088013764157,0.32687122487359277,Maïs,0.591921409265212
5.369239968865521,41.506832038818025,19.266762843856775,28.01601555300453,911.7579544394616,28.1900634857907,0.3292170092564124,Maïs,0.4113852038670003
5.964034067105284,34.55190805978967,24.458576775756985,23.30919359682037,1291.5629747079956,28.281134180538068,0.08470277865616796,Maïs,0.46938495526271795
6.571632047011358,47.39246864111149,19.851823721518084,20.463246107702908,857.8191824463357,23.76078425090697,0.4547043661688248,Maïs,0.5233649406776617
5.819783266097484,77.25594560631501,31.377963485323743,24.693180168064487,943.3052729257258,26.368359883106216,0.17437182489375563,Maïs,0.6749300708699691
5.611891967804844,42.83447510836332,25.39244429374868,32.491168046490536,948.113697791198,27.024155246895436,0.18825136889199903,Soja,0.48036119405175504
6.287892295239823,24.815269334619067,19.952834137213948,19.42017824324772,873.0953197773972,27.64915887846138,0.2732344930603987,Manioc,0.4245870695491838
4.0,40.13823878780961,10.93915264136835,24.072361158377152,1158.8090301048346,29.555042863757592,0.22944297979864242,Manioc,0.23617179360441673
6.250215360710789,53.44196408980716,24.629091993480124,28.60394162887986,1156.6477616769284,28.16415909742185,0.36248063066978764,Soja,0.5673702888207866
6.996967560455254,63.46658277755184,24.750213304191405,36.77786049712122,1131.5033795432287,24.328270195517877,0.3260744761635359,Soja,0.5876669213550604
5.64099327796389,33.001679602386034,12.140357269007836,9.822098982144293,935.0845751483171,29.22419844796819,0.7357019823122457,Manioc,0.3482502518161291
6.871903326944058,32.49029088582842,36.25147478890741,36.72116041241094,1109.1146498261696,27.103382787553358,0.26421480125300406,Soja,0.5598746301396976
6.344584321953909,45.002070649181974,24.647842910195475,21.852157230235733,858.8646812330667,27.63808270596799,0.2244935192583165,Maïs,0.5420576437816059
5.577130610644006,46.36535331082737,22.348136408850372,26.315343778288508,1035.0157589276268,28.93630574491965,0.2585875083816972,Maïs,0.469332903014969
5.405085244100872,29.040370648119172,21.3551504971557,7.9446216068958915,846.9181078469364,29.824440342995068,0.4173047422558906,Manioc,0.3806397178900564
5.4372374145376305,28.990960215234843,20.293692102360943,27.296669955998063,892.4187888003826,24.742222065091894,0.3753216501449369,Maïs,0.3753297423816263
5.486843102511506,31.577749809158384,21.62750109860628,14.21775795644405,635.3623276413687,30.557214458416905,0.6177812114003924,Manioc,0.39907374614744295
6.525558601989558,61.169592399917434,28.2722366866641,33.4476042515932,995.0136109082129,25.391977229512825,0.3879023240971291,Soja,0.6419116940627866
4.8529692658976025,27.251798268506555,15.047131802818866,17.81494285024598,477.97187223566203,27.153588065741552,0.6699467704376789,Soja,0.2837836746456217
5.615660981190234,41.94775295645332,8.684197763514788,44.155413754312775,893.6549501351697,26.24452946834062,0.44921139337235094,Maïs,0.35616505870621035
6.063638215126165,34.72324859074042,9.700352328535132,17.198172404399905,916.7167593061597,30.197720130707175,0.4758252604177657,Maïs,0.37111792745916583
6.153786539084258,24.696796467505223,21.434736430582095,19.093161647141603,633.0114273888137,25.949317879571833,0.44027861196583046,Soja,0.4241299752575073
6.9615149282040125,50.43298029036388,20.37006933804368,28.004779732702378,843.8133588988887,26.678006271888293,0.19873753470901206,Maïs,0.5078160471454358
4.890127447955128,57.130976999791834,23.822911573629256,27.54717976477237,858.7990785594014,30.060994714338833,0.472371542347064,Maïs,0.4671466349677982
6.230464574283268,37.501248239948346,22.11211477642911,8.038419301574756,648.611282528307,28.94014956311001,0.3338961524456091,Manioc,0.48523337583649473
6.578753855023653,39.95225078771782,16.679914466299255,30.08070991366087,867.8142043689597,26.77552411089074,0.2419179451653498,Maïs,0.4707291043530041
6.08293152152541,45.405916912038826,30.04276631074209,22.46370432832713,710.615904713883,28.755731729497075,0.31881876193178316,Maïs,0.5617839757021654
5.999200720705325,32.517102103306044,21.350440126274485,25.240624141044208,1272.5550044484041,28.417259021907128,0.3146377918883812,Manioc,0.44172803373636865
6.297044996449154,43.08972237399831,35.92024433210356,21.715189535020595,664.2583318984041,27.452722230007844,0.30126548540892306,Maïs,0.612432409957255
6.669431994600274,50.64100981296603,16.996999883831577,25.739003029431455,792.6649408917624,25.03758122108165,0.10327276018078863,Soja,0.5075622711682372
5.842348145370016,42.78746376414228,19.341735873229105,36.27323765071973,1143.2113587278566,28.743985658874294,0.3242860044718434,Maïs,0.45478391324734874
5.33014311061095,34.28946320350951,28.14118386511207,24.700789951942173,680.9118330212056,27.675686324224777,0.2896394570103928,Maïs,0.444323559363197
7.32350230879253,51.697810751363846,45.72331609490786,25.312956391435584,1176.520570546989,27.410471504686317,0.3506335569105129,Soja,0.6674554657487582
6.452493639490228,46.81021558703707,16.914196428285493,34.85222690989745,924.4421351917706,29.49882720149769,0.31094017759997267,Maïs,0.5017390119060423
6.50713161829075,48.77877241746995,23.832010837855663,35.057978646260736,867.0648937097292,25.786695695240567,0.2513144788559768,Soja,0.562776676047116
4.950297142563214,34.706284918179286,23.39672045764098,19.11000981824287,828.1181344817021,27.908355087991083,0.37862803542165124,Maïs,0.3811977298514875
5.339780764690467,70.42600595781296,37.276089745614144,30.12503073115243,984.7945249691553,26.492529422975753,0.1483325623978885,Soja,0.6525511212445152
5.997956524914401,58.29916937284105,22.89865756288588,26.307790792021,924.8756605035286,25.625420212178483,0.2525755350923263,Soja,0.5536452290027438
6.36657229480004,28.814784469588453,22.95584396084839,32.19926107931224,847.449308463819,26.423863937027342,0.34712184131925083,Soja,0.4682717569421898
7.494662769826578,20.490637489343907,9.908730492911356,10.427879614792536,551.5364716256266,29.098746775683967,0.30562517476210166,Manioc,0.2723171464026797
4.3915620354573415,21.060620585729158,14.76751709436721,20.83063388026158,943.2236636220296,27.44161938354957,0.722769656757239,Manioc,0.22063958808488182
6.86327388957684,49.798820348318266,28.401771017823815,40.18921624313043,980.315680080636,25.416280512620258,0.306863458356295,Soja,0.5713757563434374
6.1170641828724515,56.78237218769806,38.449185593993796,37.37786111467196,1086.8180573746602,25.81468459201954,0.32732612214201445,Soja,0.669888052713935
6.1736160687150345,40.606644904535685,36.87275361107022,28.80117639356144,1213.3208087802761,25.077731036624936,0.2866686773855075,Soja,0.5997496125968074
6.40802818896827,53.675201150811475,24.112150427077253,31.68621717457396,1298.9013996390331,25.903280085901628,0.16838635099489094,Soja,0.5771626083735473
6.566175788289722,33.21168670787953,10.1612383022645,27.802685879110076,560.7070814014853,28.495287341867847,0.34905191712521155,Manioc,0.3981615117405908
6.643347285742767,48.79923474973775,31.59396382933171,26.99291086656715,930.0742299029985,27.448642008539025,0.2701436543917286,Soja,0.6081852683261474
5.942734526141743,25.121509622847285,8.98664246114004,21.48317325174209,657.9165741375361,28.488526062429877,0.4129894079169788,Manioc,0.318735147602436
5.373481310864104,33.178210520681134,16.643411747482414,22.550616348636243,740.454106485991,29.511442607505238,0.4170044869990455,Manioc,0.3601586031075449
5.516274774243257,26.480937363256455,12.052882942565546,18.135382463593423,861.3556278646798,28.29653952592939,0.43942206709088716,Manioc,0.31214456557897147
5.416620534555922,20.719324963667795,6.473961961119915,10.659993408954286,703.7409939095953,27.984780847012154,0.6586563712583918,Manioc,0.24123323354873863
6.512055044594661,44.213755670489675,22.353309953261444,17.378932501520314,872.2573386861432,30.51401798361611,0.6103057470201927,Manioc,0.5338232881461018
5.558764011648664,59.43975056656896,36.07305634254391,26.101802079681477,1023.8741489579953,27.48181255493142,0.09881952553215995,Maïs,0.6184016144447386
7.141012248237517,42.751440181919214,19.531440357303985,27.961077944463508,1088.8962651071924,28.04809136288771,0.24069719723197047,Maïs,0.45734841470523
6.751306762973127,60.29950081377061,31.709687370024003,28.591630313782396,1006.5797006985049,26.95997132208865,0.25580403020642406,Soja,0.6453501087510405
5.528264746024162,26.05223159525466,15.817139101930655,32.81594123690731,785.5850603151633,30.04574856857011,0.2568932110296982,Manioc,0.33869505056764876
5.240614392350479,44.74973041254856,24.89119637031095,17.94863333292031,872.2621041708196,29.061431260696683,0.2459695934666074,Soja,0.45451625647108596
5.618973184346149,23.40737956393243,7.37407281668901,14.91041247038297,892.0547459039383,28.203122344651433,0.4014969495841927,Manioc,0.2744513046627453
6.909828345881573,82.81722712556562,23.319171645974002,26.96541066457371,1003.6847068186114,26.766674808665975,0.1838259591766993,Soja,0.6599283620744212
6.626707779390154,57.35811620006939,27.424105328567887,33.5769134894952,861.1638732780779,27.557832753176477,0.3283251676589244,Maïs,0.6127741154984623
7.447087879095528,59.631480835103595,32.74320640259479,35.73598529550895,947.9877202552705,26.666776907920138,0.1836253553401056,Soja,0.5945623987338505
6.222785919951907,53.60473488359745,23.183753593787237,35.25261355732379,1059.6500940178223,27.223951401201496,0.3553526501181397,Maïs,0.5553426224140905
6.163994939209833,43.887739386513,17.42028337492851,33.11966176802495,978.6374786215566,26.246466492469946,0.40487877012082585,Maïs,0.4708989044831654
7.311129254288163,58.23308142465881,22.398330864950257,29.73706530313236,1026.237731780027,27.245399240574923,0.38142818430295244,Soja,0.5250357242631616
4.999394273310311,23.526723784006823,8.37421422401119,21.853381473560486,628.9684168274368,28.666613420834143,0.5437842706309653,Manioc,0.23259639903395024
5.469196621327325,27.269261342780773,22.878602251868827,30.401412214505115,741.9460185607297,29.850126039177,0.5927077475251156,Manioc,0.3898795512020311
5.769793317358024,34.46317580853646,18.376116244184622,27.608556860344507,873.1198834030175,26.073569925358292,0.6252397973201871,Maïs,0.40943879622825974
7.295227812904989,25.245334336461287,24.896127323255275,32.07916308221705,874.8148838314681,26.33285782125093,0.3849110186369543,Maïs,0.41542701816803773
6.123021551359288,35.340348201365465,14.03696780619597,19.929032541683412,616.405630621816,26.217626949406135,0.7618735047700207,Manioc,0.4096947758057109
4.9392281060961025,31.782416761509054,10.931677124312237,18.653298926102472,760.768836876163,27.431548169138736,0.4334425229030947,Manioc,0.2785866011297425
5.528640076800727,60.77794384680549,31.07483583496741,37.57586952324563,901.4762042020582,28.528573390871966,0.25723995994244553,Soja,0.5850177333340836
6.35456786754599,36.645519092531366,12.313187053433001,11.318610573314043,958.4875628403437,28.701478112776726,0.6951908267641802,Manioc,0.42083471061556343
6.254831468775827,47.91931991766331,23.07435210482196,30.024772620026503,784.6990348963117,28.11208877881436,0.1883678010891139,Soja,0.5348851572296716
6.563263472717891,61.82022578251171,19.900023721528655,26.055718871671434,1188.2132133786959,26.358778371158618,0.23284908411087585,Soja,0.5807926983439975
4.479979647917634,17.43732646707882,10.99912350667948,9.45760198312821,709.1512168696728,23.802078489955015,0.4252376006443522,Manioc,0.1862493769933206
5.821824627357849,33.20960208840198,5.514970943648592,37.17817248461837,1192.8181459491302,28.554710295854075,0.4193221823778508,Maïs,0.3155368782338146
5.50971911510301,18.059933549305036,13.47666083122172,16.60419265926576,885.1316416483887,29.198828401776797,0.5068685449603856,Maïs,0.28900950445877926
6.631591834403878,74.52541662591709,16.006385309715345,29.469728888938985,978.6785478091676,25.776301814649084,0.25106972071252304,Soja,0.596796082440852
6.82733637047129,45.502388289845754,21.634506055394606,35.335982309428665,1175.0206115479598,25.49552660761527,0.3470248514668156,Soja,0.5084321773002981
5.9433638563738755,61.655586407688176,34.12459799420646,29.6010960135524,1140.2345762238265,27.267697107025942,0.10132815300947681,Soja,0.6437188023397379
6.090480276019023,22.049765990281248,9.451953160484846,26.072103764657513,770.6758051922776,30.188087278308082,0.526425207423661,Manioc,0.32191562182842504
6.702706635228875,65.8137235663507,31.227895492784878,37.83035785856302,836.5897301723952,28.18712399857199,0.22592678382559245,Soja,0.6673074350918491
5.976783192724736,19.376663412046895,28.731147137382827,30.43839217472289,1033.3912177468762,30.126388912890715,0.27212717966406325,Maïs,0.44202280334500416
5.393746088293933,32.0573110269862,16.072316337337757,13.663971407238044,803.9721861686354,29.573641618222158,0.3137303493715835,Manioc,0.353260446318427
6.2190017390841,59.19603004513637,23.51541307597974,23.32967640655746,933.6464870054805,27.965709131271126,0.2480834980399766,Maïs,0.5793029977815979
6.071311731288327,38.15370174239996,24.79927186870076,17.18543857326269,914.5326744896211,25.453841009272463,0.3007657849155978,Maïs,0.4945172494196718
5.955280278740889,30.56145183866458,9.085698732344918,22.083922291016886,798.9608958582284,26.406561124950258,0.23653003450744137,Maïs,0.3417252380103972
6.0259596488883425,26.70776570159079,9.648397256740813,23.472547897465414,1027.7941258553374,26.086224872992464,0.6817839668827228,Manioc,0.33638864691965276
7.0932570019021,47.249812140471775,42.74406187785476,40.64839466193055,1378.2187142869316,27.145419495800784,0.19867258632053228,Soja,0.6469034187129858
6.545071995855556,52.36843897092433,23.51899142822789,23.742414447886684,1069.1900574417816,29.585382991267984,0.3435605141767292,Maïs,0.5715087517353103
5.817148562438316,27.22454106310455,11.521596279167426,19.693909740286752,753.8129295578858,27.601829219961683,0.23356671389134598,Manioc,0.33527326224842613
6.387849009172836,43.529979983715116,21.626853898004136,33.34820847101002,1069.6991824418355,25.2401989547144,0.29390390536565597,Maïs,0.5178799266830025
6.883437133722262,35.77589815501497,18.492293616056802,26.98566794642998,1054.8379527621182,23.928891341714753,0.2652022374676032,Maïs,0.44315435714432094
5.29755894966774,55.85982116175032,23.513442378560065,20.331364278081065,948.6226469922292,27.92457974338798,0.12823741835346875,Maïs,0.49252951080951507
6.108008331823661,35.80615408413577,26.437918910348028,35.254120244507355,858.2549394958162,29.29575204087178,0.372087961817471,Maïs,0.5001446115900341
6.6656400595581,32.90358981308795,30.923476932015564,30.54898207238263,1301.5481079218937,29.75041191350148,0.5183726144775117,Maïs,0.5393967738075589
5.555019550129473,44.66770009355539,16.223604608292327,38.172928332297815,1001.273782093245,26.90432700264822,0.2668858257964634,Maïs,0.4165618634456275
6.5736468025616315,36.81801116577693,34.07362267420459,39.68348668078432,987.2487713773824,28.93822445970151,0.3904100968105311,Soja,0.5848796447325764
7.3277047410860146,70.5901750315502,35.226793992662756,39.953135416124354,1333.5397892070023,27.636080518883997,0.23536513298318026,Soja,0.664949505267137
5.691515529738569,18.762817398490935,18.336094696522643,19.91248758431931,744.3360966261087,29.737439705708177,0.39677239029722766,Manioc,0.3415019740675679
6.777203283737169,57.175253914168664,19.294145937378584,29.325939560591543,1194.8913428429505,26.710028820198545,0.17656794967260248,Maïs,0.5411279283835057
6.996593313319699,46.68654671966728,10.781549801827477,18.38617977721176,923.3606007861891,26.518199643502534,0.4155003110343958,Maïs,0.42090502592073575
5.314764654671274,23.58214394595791,11.549937000927073,5.506881223052902,969.8662941919714,28.082394417037314,0.512349505880791,Manioc,0.28104693126089253
5.406948377605874,24.422061731087997,10.746086256859233,30.07108964594257,722.7471877590223,27.125849154721664,0.3344659525334787,Manioc,0.28588259509279534
6.890045677073726,54.2165011192446,19.518306006222144,26.39432367701173,865.1910544571898,25.770373502390328,0.381180897172797,Maïs,0.5221562776695075
5.787251401603744,50.136001065697165,19.98917331297129,36.74653430494311,1021.9261322002413,28.53636643608829,0.2482253226528138,Maïs,0.4837971097348176
6.728561113109458,37.30026768941358,20.593553198102068,29.489178431003623,870.5799554739488,29.799310033454468,0.30180333003445164,Maïs,0.47672541563435844
7.143092950605265,45.281811573691286,39.69456655185235,24.328030903630644,875.5202396777047,31.00674161808245,0.422596225659313,Maïs,0.6131322668591296
5.577461894380285,23.654100526379786,19.190070272681552,24.947699139105747,598.9144829831697,24.6399186913283,0.3750056254187047,Manioc,0.3576874517893439
6.625110871056747,49.62591292853951,30.31809638357706,29.759216537666717,998.1937206136082,27.265283935815262,0.43627447025897714,Maïs,0.6036342008751125
5.502762738777905,13.255789068149198,14.396784829350826,29.666197925217112,906.8005879336454,26.028606130228138,0.37220624981034256,Manioc,0.2763350958698113
5.575636260992882,30.207122631048126,9.92353812875092,37.36361743155645,785.3696813575546,29.741739796580102,0.4168748261944376,Manioc,0.31603749336534637
6.113464087858065,23.466570801287556,30.258978700117225,39.23037375816017,1023.9325957777804,27.964590168704003,0.061206447621465015,Maïs,0.48001511500094773
6.156980305807046,80.19099423106108,25.552854259422574,33.92276972906949,979.969779096874,27.962707264086887,0.19241597878019898,Soja,0.6711853988388424
6.345696135996096,40.401769005328724,13.343803455608025,32.467072095046255,737.5447784410788,31.610428240000708,0.4466699664847013,Manioc,0.4422765753706456
5.61981398431582,38.45352743633778,14.064172260680696,28.28732967545627,962.3176438292511,28.56947745410626,0.4573075019090711,Manioc,0.38180702869244393
5.2721554283217955,15.325959085232949,21.848905509811893,24.84435186068466,816.2074850960526,27.292632988170762,0.5862135447393209,Manioc,0.3199618738783466
4.751872310903155,35.01939372685587,18.236119324292183,17.883563149114423,571.6583123768074,27.30888969141506,0.2424042428745349,Soja,0.32916569014170693
5.763580108591648,15.674826028095477,17.849381879897614,18.052748201639044,623.0414335140531,29.647007255711124,0.2622452927219786,Manioc,0.331668185435147
7.4992074895824095,56.67298191215688,49.50138339795839,37.61161253146519,1315.521609148083,27.718460994084147,0.3264679175435235,Soja,0.7002182654373178
5.559858691378774,50.916763864549964,28.68747281389859,30.417768166540675,938.8005414010952,26.319693696962045,0.4907591421547559,Soja,0.5316668174384256
6.48529933429658,51.153674840130535,21.614870937349014,29.45322345980438,981.5454560332993,28.71056962491003,0.30150262371957437,Maïs,0.5553959965527641
5.950302248923435,20.5077104044895,15.416726754875459,28.23653539058201,514.8210359872885,27.990910851957306,0.5090067516704568,Maïs,0.34787978583842566
6.863535599339057,63.24612970118378,30.36835491012083,32.4150187582159,973.2571969483791,28.87956073299859,0.30548187148389205,Soja,0.6381761137845341
5.988142713953939,32.70268689798151,16.825845005241604,27.735339208603744,725.9887888004031,27.313991411984826,0.7387410769780585,Manioc,0.40879383584908546
6.721451270355625,69.99785316464416,30.347629489957523,25.733382819153324,903.599581645274,26.319849228974558,0.3547854513712552,Soja,0.6757903734148034
5.5764165574182645,62.17809523588681,37.07906813581044,37.90806016894727,1077.455300898457,27.378688289970356,0.23512592852008618,Soja,0.6378074221146628
6.877818929402475,29.86285607387173,33.32612594404114,21.21179396255728,963.664040938387,28.132575399504645,0.3230267454025977,Maïs,0.527938163087612
5.688246096467584,17.926747820014207,23.023675061474265,15.099592781167505,692.5423344118043,27.620712966624662,0.7007031126139692,Manioc,0.37192736340253063
6.1828118441226305,68.11030497614104,27.538748002026924,16.396784435425857,937.8822717372095,26.963627757885995,0.3433656601428898,Soja,0.6404046489664705
6.455984630280389,49.379815737286606,33.84825855151559,36.62469888788753,1269.61546863779,28.617428412021464,0.11727897255934958,Manioc,0.6347313603649148
5.960412881077355,50.58326912521722,22.455731607496524,25.479725118701122,878.6306833992649,27.573992248692264,0.5380360382923223,Maïs,0.5172659344040651
6.2412506989577885,52.2627437865818,37.42391914664273,35.09543738188417,981.9051523692787,26.17389041875061,0.298649901673203,Soja,0.6547254950564824
5.1633048837959254,42.850789697112646,32.21508794877764,24.33388088060005,1007.2601253443764,26.50145980265968,0.5283069846275472,Maïs,0.49395971060745614
5.848973453061324,44.939290884601064,19.041263065601367,36.52736298227979,864.5825338261834,27.255944447646364,0.22489007787784776,Maïs,0.461550516038135
6.072511391289573,55.32546204341657,32.52959842988345,30.03627940313004,994.0306294952961,25.61974098144236,0.4032219166074188,Maïs,0.6177474960775025
6.795256644498472,28.08304293695922,9.49336685615145,18.87857656139725,680.6307723543277,29.671548916945593,0.37248486486805654,Manioc,0.3549453471442455
6.256758672625624,52.22381357827771,26.074856652629173,30.11190006231215,800.9615726608946,27.67018406008483,0.27294078919984366,Soja,0.5736038672926749
6.095554149818391,17.893767902971863,11.012572513281057,19.291151149211125,525.0354305559633,26.882589605456637,0.3281427967964942,Manioc,0.31737733690284864
5.786384528223839,42.28876398957431,25.73626734340161,29.304913188208324,780.4731905772975,25.251228197063455,0.2743688109353949,Maïs,0.494677574228603
5.791532164506382,53.17889658025029,28.823887254188378,19.640674192353977,1041.9186112374935,25.288245969427646,0.3199782327092576,Maïs,0.5600332553043075
5.281153159316944,27.39690962447301,21.975509532511488,18.52099858244327,728.2534329955233,31.34872440206785,0.0368217557402441,Manioc,0.3687933481968648
4.994940187681312,34.45537189404894,15.06287884800157,40.02590244055591,746.3788379461645,28.326665786808658,0.5136877644070718,Manioc,0.3234196874215882
7.648563606186514,48.705559131998825,30.026416995886443,27.481274297404028,968.889950931672,27.68662173075791,0.0827329615275999,Soja,0.516046756238066
5.912181086881113,44.451059993837134,18.36097967070556,30.15182498803782,793.170577148892,28.729609575887142,0.22434498549774268,Maïs,0.45977043930597067
5.362971888698259,27.076162838944317,17.06877101473694,28.220421709401258,1024.2002266430527,27.26936755230941,0.5789542576946649,Manioc,0.3385414914758778
6.265316880440623,42.793055568557904,33.429736166169015,34.2242334026935,1013.5316054061306,26.559975959160514,0.09804866617589156,Soja,0.5906935822027903
6.14217585880588,39.18319086051356,14.246423829366288,21.070295452135902,1052.8384619447625,30.803020886989422,0.19754122949947472,Maïs,0.42776897964998073
5.798623341690328,31.70875118384314,17.335454719967874,21.852328550510446,1142.1599821286632,28.713886141180197,0.3558505955959956,Manioc,0.39343773047731123
5.511165316021454,54.960476858058165,18.253927661720656,21.75048739155681,1059.9243622732617,25.756901269615575,0.2073369134634745,Maïs,0.4680030539569588
6.316167053103553,40.51750193358979,15.366097251562325,10.492922634079433,980.8692469069827,27.167186790656896,0.4799973299795531,Manioc,0.4550157788461966
5.852748427214587,41.871890303211885,18.01866508095111,14.784382767812914,411.00992047713123,24.610206137645395,0.3143113179430389,Manioc,0.4424522324455217
6.766352647187091,60.561524267994606,42.62883364375082,35.75072273803954,883.7631383204846,27.562217867136617,0.31219522424789303,Soja,0.7242667290891829
6.380818012523817,37.64470057410233,26.099973956866418,27.00497424141618,972.0402947580031,28.80078111924161,0.32195933395743126,Maïs,0.5267096711693788
6.525684064261808,33.13846894547979,22.119494686234255,22.851816837355937,756.347039085316,27.273632363346287,0.38904647229443645,Manioc,0.48773750685872397
6.360270294524771,58.89405186844976,36.49473619281241,32.79977330308625,1303.110597453346,24.89699532801177,0.18176154145284346,Soja,0.6834431181435686
5.101957702922458,28.95193345171711,11.916349450217991,15.419311614987782,763.6497076244566,29.4384242521888,0.4917119393360291,Manioc,0.2876711928583173
6.0389692418971626,41.975303135118715,27.51072666365448,26.884464374978656,1134.4985552658025,26.64322403887372,0.09146344609842005,Maïs,0.5265125779038505
6.1802224230716725,44.7347874075094,26.27627217316799,21.69530032241264,1011.4157795963379,29.808713518715976,0.3392393415924117,Soja,0.5396596530973026
5.598657130115491,18.202286412468652,14.60075423256102,9.74868016177579,834.5588819520082,29.000997467508785,0.4593670464994694,Manioc,0.30482379165592416
5.735161833209028,38.1747395758358,12.499236593926353,8.170611229517622,851.6996621315503,28.56378273198654,0.5092230030618266,Manioc,0.3786088197208619
5.770821109909393,55.56056809066052,29.97184496948939,32.140095062262986,945.6175391219023,30.596330202278615,0.31095776743336195,Maïs,0.5760036915138526
5.635146572671191,43.311782768099896,19.201027724630812,39.46851812589659,1014.1721592729355,23.48814930776879,0.2831335817397082,Soja,0.4392384926616031
6.412082973200959,42.52974299254004,18.80698862123686,27.259268697516116,910.2143689294696,27.582798863795134,0.14007858707697554,Maïs,0.49548148324880464
7.438094753751007,70.66774674208057,32.7739009451026,34.743275817271915,1042.380597948017,28.56767619328867,0.2791727167067371,Soja,0.6386533854235696
6.40639046346825,43.4147042697303,19.551394965038675,28.123292763535602,914.6433132714997,26.582360540743124,0.3917055844006626,Maïs,0.5038783842170758
7.082727120140548,57.38283071433636,22.09371000369762,26.950414966446235,1118.279225719138,24.958616156007384,0.4484616960346811,Maïs,0.5377770105474525
4.734371128398372,38.40923486434816,24.253905712178668,22.50593354954893,664.0776082792667,28.525658660821566,0.24056563046457138,Manioc,0.3846105654695818
5.761431615809424,29.95665267454303,19.515290833684666,24.380318561352425,881.1386750935278,27.720446493330844,0.4197338435551262,Manioc,0.39940234402070296
6.383299123048424,43.12855734995451,18.466799039567825,32.904904284844086,860.0266965020226,26.3509321963994,0.07523930028832554,Maïs,0.49305574103562866
6.217259389778957,49.707714153716694,36.34396784123214,29.477868040540844,1116.8688147413839,29.777018558536938,0.03425161708126201,Manioc,0.6349937035904525
5.543657858772171,26.86002375387103,16.748076655141926,14.724036505292577,528.6501950116849,26.971868338982677,0.3837786292030636,Manioc,0.3498282784662626
5.502939631300598,32.03571924531199,18.044922232462177,26.65673614699157,452.3385879626801,29.6792365688901,0.7009484554267429,Manioc,0.3762006247089644
5.33254552412189,31.48911891129562,13.95541021314564,15.809925671786534,878.30870689528,27.50205434413377,0.37356502456952523,Manioc,0.3308085121123132
7.372166743485617,25.90882155163257,22.391604135583012,21.952582245956556,1128.8834930241735,24.87734600833485,0.3471551710968462,Soja,0.39372377895753086
5.794868956466068,21.796038387279353,18.231600815679126,25.231140882168194,767.3010331065551,27.873971656147933,0.6411089464900194,Manioc,0.3608724954652882
6.951178526048015,41.65224667893459,20.53969612374989,22.33433425242072,996.1748558770828,27.70278551148108,0.5222448053776404,Maïs,0.4755411037195941
5.65805295106328,10.97169784762897,13.204341859455626,15.842604174370917,962.2001205911909,32.73661474169134,0.5028017386636296,Manioc,0.27119026696954796
6.585432596943484,44.62963202951588,16.922104135205586,30.148867508803665,612.5851318698855,25.988198130166804,0.17773560515199177,Maïs,0.4902366281121733
7.198747258282181,51.0662162771277,35.11056064776318,32.53102084290729,1170.9378931094295,27.511470114840666,0.23175499971257307,Soja,0.5980900696192907
6.137795715885001,39.74147113447879,29.040296343268444,30.41900316244377,1094.3009956797034,27.82330960774221,0.2569533329896226,Maïs,0.5367647994126559
6.835483534892581,53.0084592223249,23.19317382272565,35.19423206778034,1195.984528597788,26.337225537686358,0.16867406792614914,Soja,0.5484180070865744
5.483995430192226,35.1916126582807,19.805467286160415,5.638966427041053,826.4619500503154,30.1640427517803,0.5193378493939573,Manioc,0.3997768789069286
7.4800422691343975,50.211224283793385,19.24545813868605,29.936205358578263,856.3234317367134,27.94584083237763,0.20638273423346737,Maïs,0.45732041553126934
6.675211919093026,36.724097793512804,19.26327503515487,41.46412056377467,812.3035843083896,28.763770844682508,0.3475640347760821,Maïs,0.4691044269858008
6.516959511159006,47.825799504882994,28.429258913409313,25.21709564155795,1309.1542850873675,28.954053953612082,0.33527392655317945,Maïs,0.5915659773971058
6.170706887185006,47.61535228284984,17.504819126512086,29.120259385489852,987.406476298808,24.867512304772486,0.38119265753312515,Soja,0.48662230405239515
5.49729237812216,24.983711750996267,17.7769943032587,17.04957387848905,876.857063095178,28.050089580484112,0.33959021721890253,Manioc,0.3462363515455636
5.484929311019684,48.94671529822981,14.604860111388945,39.575320879446,1191.1367459599264,28.95315484352203,0.25593155990408567,Maïs,0.4159587615326178
6.553875967727738,50.935567222808615,16.325523635819312,15.804448151553075,949.5820833999649,27.45192875875443,0.49168767518659473,Maïs,0.5130943801884599
4.699518790842695,15.027924288561673,18.62709413578883,15.001819337779077,836.5845916349721,27.632666311923394,0.4560643409750201,Manioc,0.24964761982176953
5.509949270892554,49.235990655934614,31.75575349217238,26.449407159335134,1130.3864757837841,27.078253936303163,0.2566046268752945,Maïs,0.5433285732149589
6.014279567002104,52.796605322693395,31.791141394534655,20.44184575106906,874.9703274356007,27.686428542276275,0.1917608820668163,Maïs,0.5978525010392404
6.402490855480478,45.21271576736061,27.413663042719882,17.967937298327016,921.9981556529832,29.00990981154894,0.269462870802559,Soja,0.5675487184667857
5.363989325106276,22.014586737971992,15.170719466701062,24.219509214879974,832.66601873823,29.705329874845138,0.4174811952468106,Manioc,0.3050842608864511
6.460299703195906,41.63786284891422,18.305764643306734,13.242581893654002,818.8176041988589,30.09672691542808,0.45998832403543827,Manioc,0.4922210271658536
6.438056106439094,28.62176673451844,14.456916725308288,13.080831100572619,937.510165468784,29.740143058793024,0.4838762751055961,Manioc,0.4116714895688135
5.663896388174055,25.78736514300415,13.566391525899686,5.0,1129.7815293639142,26.965714771656614,0.49657189155089,Manioc,0.3322061071552388
7.017984962136138,59.24778319205208,19.512027334727428,31.510695229461327,1321.6356010874676,24.308247554547194,0.13298129245576445,Soja,0.5315467778059723
6.9780439403475025,33.417994057783915,29.894204869398365,41.491256560993925,1029.0454476381435,26.059789714028458,0.1687841636448431,Soja,0.5089598469405873
6.930592737408002,41.37466966795452,25.713200982760014,31.634782580413653,908.7385676481197,29.796432291771186,0.2477214365162223,Soja,0.5135784126103877
5.943066541331653,56.87386051564751,18.35274843594509,27.269600449091758,1072.905990220911,24.12080990790299,0.18033260550734687,Maïs,0.5107518655078943
6.079140003866354,25.196795245907186,17.043053737819587,13.818904882775197,881.4493620984829,27.060227245383572,0.5285527112068746,Maïs,0.3883007672418318
6.25711382433102,37.12216248091761,20.834385208128886,20.10752730732873,1025.6872721716086,29.07259983172031,0.2670427500760443,Maïs,0.4766275942910978
7.246574037510635,70.80860701527786,18.975926712677428,36.73336778470692,1094.0373914200338,27.331055509642862,0.21067158633861888,Soja,0.554576349188321
6.43558458670638,41.76048708610448,26.32568625991701,35.448958906771175,858.6285177985047,27.31325714201163,0.15507865192433173,Soja,0.5488177591696247
6.397876619123045,24.93693565405387,16.039600336919786,7.414296483506343,659.0840281464516,28.221019461739946,0.4548173183148481,Manioc,0.40551491596542333
6.2131778930360015,19.203722942646603,17.101549087426022,24.044311015225666,759.288448217463,26.22751715188689,0.47560582241317606,Manioc,0.3760160287423678
7.1187333347825215,46.06152657668471,19.68311372233199,41.00396509676018,789.5423896924908,25.261786152505948,0.2614379760702636,Soja,0.47317107131652236
6.497377170832643,33.83475560051341,23.346037940668495,35.20589170668728,1000.6933331217538,29.12783339549245,0.4951716881530631,Soja,0.5011895256254456
6.938947022370758,52.0810867668859,33.95509211900871,29.25086301767333,822.1419850888844,29.33194241852772,0.5360300355009904,Maïs,0.6144720380325669
6.041206978688337,68.81001579621235,27.646949980975737,39.36792685751361,1276.0621024209638,25.114879323723308,0.1443361785294478,Soja,0.6325957545408565
5.511610149514075,53.69699005863532,32.982175082550846,27.582817493703956,1238.9262347366273,27.876588150882885,0.30404568047891767,Soja,0.5697868195584804
6.9835679515806435,33.44864054286472,9.093994134255599,5.0,729.6401119089701,29.493493432982387,0.7432989324224686,Manioc,0.35796569532493056
6.368743192113788,26.43159668979767,21.48958252830381,20.246795942055513,785.4072666185556,28.814620386800392,0.6047608470771089,Manioc,0.4485064593134045
5.626731299342691,29.941018938402568,20.47281227306898,32.20972767037023,805.9104456382352,29.867911441689838,0.1847604735747771,Manioc,0.3955012645702817
6.398665894381634,74.26828129385012,19.240524090517955,30.52304105408887,1137.48886497433,27.423295230479688,0.20070670175533123,Soja,0.6216387367255284
6.598515232870339,27.43027099496797,5.7203335640578175,32.75809591235091,759.6366280013265,30.03521289123733,0.4227081842486372,Manioc,0.3408014709128322
6.075481980221811,41.7767953078866,16.541899498108997,28.79198319937116,1067.5038065786048,28.423950509070256,0.21090158666764802,Maïs,0.44920175977666116
5.711222377600724,46.904996797790666,26.01192882854744,14.7699288017194,916.9192656265194,27.716489707589055,0.4414103181076464,Maïs,0.5087098116762498
5.974967264260378,40.17256477817968,21.42721451746556,18.431991457034215,1307.2570297598818,28.282174098589294,0.3366798682371115,Soja,0.4702765440519111
5.820433669223151,49.28816500330573,19.076782472830438,29.700174092051924,1106.0646338967258,28.159179035686986,0.3795043240078335,Maïs,0.4765276982831857
6.079284365067728,60.27412022582942,35.62064948563646,25.572690661935745,1117.4437445622675,26.119132571859772,0.3560828686985884,Soja,0.6600282973774196
4.995683007483812,16.320444618868905,10.368804437057246,36.94184002406852,1010.0952770046371,27.673265424912184,0.22123415384784592,Manioc,0.21857301194240045
6.166158665763767,23.128308145339844,14.280000111491695,22.620741849143663,795.5476242555678,29.262581611231703,0.6383516288611651,Manioc,0.3671600249176078
6.519667575812639,59.13531184712932,36.30963701500244,30.611551990080457,1060.4347600311141,27.050024038367113,0.1981598024745222,Soja,0.6926505411950296
6.555479984101746,40.26160652929084,10.293388815768251,38.563917093831854,843.2806708874443,24.866843154033937,0.3701428862204922,Maïs,0.42753796559673674
5.122606919704515,12.689735731594824,8.601760758253786,22.6152869139134,488.5600172938126,30.509499264025116,0.4797117925547399,Manioc,0.201731643728067
5.646832512996986,50.387559924463694,24.893493716083942,30.613439917979786,846.9478850450754,26.952078712694174,0.3463903475886231,Maïs,0.5090729289912134
5.881306436346741,38.41883510924743,25.831961011858613,36.04770413215123,930.361129231081,27.54821472044684,0.24915711397071888,Maïs,0.4878340026810497
6.5464363914146615,52.819189061756575,42.869058296698306,26.349183606050268,938.0282887191568,28.16915101819989,0.3438610769693984,Soja,0.7133294614693084
7.215242178179175,40.548292809525876,19.866052623451512,43.53222163763928,1030.87338319314,27.593543704886887,0.14030719083384896,Soja,0.44522009063802503
5.875033405974241,24.895151542386394,14.938170308788177,15.167760916201832,742.2656531338076,28.726366324695476,0.48244581168724743,Manioc,0.3555455813569945
5.393642064405174,36.607903326609936,30.462754871221023,29.277507214194493,710.0907856708533,30.319811824131513,0.423501652335356,Maïs,0.47528496734021974
5.581243151507452,35.51800091828352,15.093952556539703,5.0,1001.2703387073154,27.93786410327086,0.21453349729216858,Manioc,0.3747036439184561
6.679635413042604,31.43418195376595,12.70829020681752,28.606883895900776,800.7239060151144,29.41164264003137,0.4780492692244448,Maïs,0.4005853896079295
5.628379245877237,39.47187811634507,9.232587345556782,5.0,1169.2717035354046,29.300381361117182,0.5502372185912029,Manioc,0.35147484506935145
6.11528377835584,40.60005303887628,29.144584942714797,39.706966265210795,1051.9420901046367,26.116607186318205,0.19516243803656297,Soja,0.5390761399831878
6.401129857877233,38.36127929462802,27.44750562118007,31.207029485868055,1099.384945207572,27.980736834187024,0.18969401706020422,Soja,0.54089748878494
6.623552348879656,40.83248745645867,9.867774025675082,42.70348518909889,908.995537000929,26.39607693472621,0.2573329928250636,Soja,0.42124112809223135
6.694335223754999,73.75202206276819,20.625107791602893,40.6498771000532,1107.7155563648557,27.999368618455332,0.2474324739645513,Soja,0.6222098087643906
6.471280021792983,62.495767431869396,15.11042026748429,25.0935036246631,887.0847871012174,26.24436479957744,0.43856325200600643,Maïs,0.5515025753059788
7.232025085253582,41.426923057973895,27.505890775875567,30.161289199932867,1118.3013567174414,25.572291585375662,0.39602877611748,Soja,0.502653965104976
5.3425776511444,33.55685767834592,15.930465104379676,22.453575536238702,644.0173002034106,27.654478403359374,0.3290503171680585,Manioc,0.35400230602694094
6.064413664442631,14.448269794922503,16.856033817350294,24.371191613338173,773.2286741928691,26.68959151783654,0.619281866629678,Manioc,0.3437437347276812
5.159035296058139,33.060749936009444,24.70362047717523,26.621547344021774,915.9340988328611,29.693381906052092,0.39274174062524675,Maïs,0.40093001910606585
5.957882963566875,27.392372408441823,27.127151362399694,26.940905458372345,781.7704778862459,24.19205844086614,0.17399342522121763,Maïs,0.4602313285582653
5.648774855025488,32.124861452128975,14.364207015625578,21.384541188564427,579.9746947392343,27.276370736235947,0.3271571332539419,Manioc,0.3615536938708631
5.911548172168799,45.86143883046375,23.08855972068383,22.577695209869926,1209.6754447650949,28.63243814921295,0.3203697321564794,Maïs,0.49947958141583726
6.173561493398457,23.466498968534918,12.75174903078593,38.995730266271934,632.6273692893228,27.663550053494127,0.38748125232924874,Manioc,0.3580041900283706
6.797523314462421,45.22465892812046,28.623264059897544,36.26089721619069,882.8057992325038,24.451469353552422,0.25998164628363657,Maïs,0.5603563576906767
6.893226565166804,34.97644688199057,55.21982495067611,29.988299152895976,1116.414749121848,25.81240680039657,0.2519827153765367,Soja,0.7052915186468869
7.157041218067719,50.29607650254742,28.13142219002262,33.75559067444498,1256.4038115008416,29.396203260723297,0.28808246958379097,Soja,0.5478601780053091
6.794137127463216,51.68641496222602,39.98575308084648,30.099752406044512,852.2245106190323,29.98619823462761,0.2086597101709889,Soja,0.6681985085890707
5.921833531308545,14.350037083426708,14.752667143383743,11.88066743360733,1020.4349716187315,32.110803955470026,0.550284392450569,Manioc,0.31671694197769257
5.840065981312245,68.51821472422844,28.64517975582688,32.27443477401598,1123.9603665464535,26.703006431539215,0.13191340601991897,Soja,0.622594553613121
5.968076099403102,16.956873304403178,9.42376731811593,27.72917609927437,987.9894893377842,27.815465254851404,0.4209474509933429,Manioc,0.29200710862483226
6.6264697341174,61.12878479363072,32.77063458511146,26.529212710035935,1235.8777008104335,28.53535284332794,0.19258149319836249,Soja,0.66626463864966
5.4512274756032655,35.990235420209636,16.117618812707683,35.78063923557546,1391.4302684627314,26.471875672747075,0.4502483783432927,Manioc,0.37356392344653405
6.707185032509066,45.97983153470896,20.39415345460724,25.778546554302256,1092.8692955804254,25.958114352483893,0.2658449394895585,Maïs,0.5109261391831905
6.5692332899977055,41.20872259012513,32.49750342523252,24.521475824174154,829.0434606322925,28.93112765323494,0.3825846367743459,Soja,0.5909823164983137
6.529272136336416,59.227481360999406,23.388675535153435,28.752110620386247,690.4605904273483,26.71016730029495,0.3041200066282602,Maïs,0.5986459967038419
6.446809317918821,70.90316323752866,31.20344594235212,40.44259573496668,957.6064381594763,27.442647466869385,0.4040022185924359,Soja,0.698990110991883
5.911554065238426,62.10613372581925,19.64517336363476,28.02960901295906,1065.6203329981956,25.96512016493662,0.37381967811342964,Maïs,0.5380498551819102
6.776783073370232,60.712129600787506,30.0955896468622,24.401848070921545,799.8215386264891,24.633861763565495,0.2930579484626524,Soja,0.6332331238893572
7.1804763453712805,62.10294287493506,32.14558544528856,37.588817117323934,1100.1966799430918,28.445616902938212,0.3124910088468843,Soja,0.6212251222205695
6.850581035034225,42.36152324748805,41.9754304438607,28.165164693289757,1103.8790790555083,23.636625362282174,0.13861911149858058,Soja,0.6416376480458026
5.846814578690863,30.55409225054272,14.08979784457172,22.966815141687974,687.0569900343737,26.329527916341537,0.41735768659234995,Manioc,0.3692677769366588
6.207789523790734,55.97152711753696,23.878792840078933,26.0043402007059,1075.0404807256023,28.213627987747298,0.33988522002235316,Maïs,0.5684312172573202
5.3657079630612055,52.90625599162769,30.07735453721649,24.224864898757108,932.0570563446843,26.702183374566008,0.07820897639059018,Soja,0.5339811941528348
6.925571803897521,47.935579321666296,20.939355021305307,30.432931296624865,887.8059649142206,29.178341896896004,0.22318146517984658,Maïs,0.5050510268614106
6.951996494291344,56.26705136827583,22.11040978470063,14.03127753683783,987.4126531527562,27.177567742881575,0.39723120532504,Maïs,0.5439939964434664
6.055670680539931,36.96821049319655,17.45030758667446,26.32348654584775,1387.726033259014,25.1825961167699,0.29814340311279125,Maïs,0.43539672924863926
7.100470216455408,32.42422141085384,23.066500637608186,19.395714815397085,938.0137321006175,27.38375855016052,0.3867209789865958,Maïs,0.4458219738192875
7.259303914089022,66.32220181783251,43.627753736422804,23.581169551466,1273.9398170898826,25.59867813091619,0.1382242051683688,Soja,0.7145894685742865
6.802024583266484,44.549214154384785,36.59934607606617,35.40345024084142,1225.1608478226462,25.63463793253592,0.0,Maïs,0.6151323720147369
5.60453610823648,31.029247409131315,16.58043911054467,11.006672121904527,968.9427920707891,29.87745616726634,0.5048147764237064,Manioc,0.3697848892124462
6.986993381645017,52.307641190665244,27.334222733679354,7.600208071281411,886.9958409058756,29.335904516356834,0.39459499879632043,Maïs,0.5635540139298035
6.062474151424178,42.61067900830306,18.17615351782723,32.00404394810331,1143.6137636183641,27.556362289003797,0.3899694570526017,Maïs,0.4632595905123472
7.055631141518911,63.966239081501115,31.729599589811837,25.56135551540794,1183.9095066178152,26.31223183869382,0.337599038257929,Soja,0.635484478444148
5.338242180691982,27.536417256214648,16.62625837927172,14.732211237909953,850.840957530008,28.759337108234842,0.40282494099747,Manioc,0.33515713880205744
6.403303781022132,55.523681589588854,31.770249569832167,28.4982464872721,821.8644980048696,29.128243929496588,0.35110500156528335,Soja,0.6394853263899272
5.4137619177464185,39.70562860950363,19.554535175168745,9.15566511068699,937.548493987741,26.828119944604396,0.7288203953370773,Manioc,0.40998923800118053
6.204382614483957,33.46248347547974,16.60029095746622,9.033263641367954,1133.9213431463622,29.25339017500061,0.23935253749557459,Manioc,0.42742979017829963
6.771835817323938,21.64819993995522,12.484182404768216,17.21227046910416,782.0808770267057,25.069653069404808,0.4814889078619497,Manioc,0.3533250930586019
6.361553403139172,34.27345880955754,20.56399097806453,24.53774324347098,724.8040775142531,29.503724992438094,0.5443857270442861,Manioc,0.4718863272431958
7.011421036608178,64.9448854442269,29.10310109906153,40.01031120076482,1091.6293559958574,27.036153203174713,0.2030671818682448,Soja,0.6238217982024665
4.546696646777223,38.11084558386186,10.677848431632311,28.60312443533131,704.5838745191235,28.23097656632133,0.4539511933121153,Manioc,0.2700880679449186
5.974005380404897,22.751508544696392,12.765112235969795,10.738296608469845,878.2172175057723,27.103848757750153,0.5292404908372659,Manioc,0.33934105740819653
5.068571720120186,29.735756588351716,13.97646383238856,28.66029606946328,636.5322892506193,28.349847014042613,0.525647852334684,Maïs,0.302987883039992
6.52738567708054,54.7701629151839,23.738890598689736,36.94795737709552,1054.852600488006,24.805355726915348,0.01806018601035614,Soja,0.5839067305974025
6.764383425720529,65.07097414468714,40.93924149537108,46.53173288321146,1193.5691020772754,26.290580882151364,0.21147105963887894,Soja,0.7298161246853158
5.206215542699554,41.908835357974986,26.15751173818967,27.413974281055516,1095.1739036037807,29.504986036638474,0.3923962477602267,Maïs,0.44983002390944915
6.252100551975938,46.60018225852788,23.9247143555961,32.519113985219356,1052.878672791263,27.24737043195668,0.32995313498516543,Maïs,0.5356690003005157
6.7159222697343175,53.294748419317486,26.41373198347448,29.4032174198961,873.3516244706409,25.36406283170359,0.2547136179045348,Maïs,0.5824312308424573
5.5574567824835786,32.752324040931676,5.9363601746342844,32.073920158620005,1067.198126919241,26.96423951645393,0.4870934999361379,Manioc,0.29565205038584746
5.775289305271279,24.209827886790244,12.269169478909902,18.726386307306882,943.7566772944058,29.6559932311087,0.35724047205590215,Manioc,0.32555295762874525
6.875699171389121,40.81727230753613,30.37459992019492,30.14681221656107,1037.563500281712,27.1951048569589,0.34510703517389085,Soja,0.5495567320466979
7.584828342475547,63.34321000302684,33.25473151854268,41.19519854365566,1073.0493944029633,27.327932618419283,0.21052503796646937,Soja,0.6017605187488613
6.162420448552208,34.87419795126934,18.748490107224345,5.843918109180223,1209.9840066855677,26.935081179738315,0.632381034329847,Manioc,0.44515335875896567
6.436796215317591,59.90726136849952,16.487880931083435,29.01544622171567,1118.3561328054739,27.552211310749747,0.4674520898639022,Maïs,0.5486014390648989
6.051218248320004,51.98828420202535,23.985107827693465,31.632098263080856,751.8682466934024,22.66847546602143,0.3104869714704146,Maïs,0.5411020983645842
5.100597021689959,50.91814133741378,25.444427325364007,21.85068339060558,921.4330721106174,27.485503368029978,0.5199073488427215,Maïs,0.47143937688789617
6.982762014617171,52.15381315441244,15.447018203691462,27.628252388121627,970.3789136122485,27.399083802629697,0.2781407299370491,Maïs,0.4771828543243598
6.018580719780171,31.911796008808878,26.171217400503995,34.62108750578902,1021.4976561200837,28.335706427605224,0.18591711679016937,Soja,0.4758324568334504
5.521519643763826,20.38564294635129,16.973786945539967,21.144679496223954,956.6108390433471,28.11676109294229,0.4437723046097893,Manioc,0.32437891653929507
5.253072741068148,23.946686278689988,12.701293024684805,20.151992658078967,699.8361599870043,27.788832752195674,0.33398776100774763,Maïs,0.28587701680975935
5.874678715439087,49.098186569285126,12.896957819969925,27.561522958709357,911.4049999073316,29.098064408389405,0.2085887555180825,Maïs,0.4353592704615783
6.806057150365301,79.85405563039733,17.71669107206619,38.3669763942431,884.7966520262091,27.23569063184188,0.2563689955426888,Soja,0.6160616472518438
5.329132765805039,25.496921220702994,9.09403230285251,8.14018787709086,694.1324374422976,31.458301789698975,0.454051583145286,Manioc,0.2718926853043003
6.522438038410574,23.767698553602784,6.815990678446042,12.298651724727797,874.9986308987468,29.24320346434274,0.2184554217189473,Manioc,0.34050454739628633
6.9136992428106705,66.55128728891982,31.072351983906543,33.31761009088129,1099.9806195419387,26.344130203590005,0.2585070085387394,Soja,0.6521850041692944
6.438706584218899,24.748928263770644,15.591651094491011,24.69441480588524,1079.603845830061,26.806958412046903,0.4907373300230389,Manioc,0.40480140507012136
5.440447955482669,14.0718718527732,19.72107420125907,24.10817095403788,515.7178708273532,26.926480378435247,0.5585995548602856,Manioc,0.31310855954035394
6.891079495518763,55.391117874202685,14.757870112856708,33.99691736169789,1206.654321378618,26.43867157205884,0.3050275105385132,Maïs,0.4921825186011393
5.989906591452072,47.096594152746256,26.676094023431993,28.717392495107454,828.3659095699626,27.240731487778834,0.10498544893409703,Maïs,0.5365647125610555
6.50709719495011,38.93989809613673,33.81450431725296,33.53212605267202,784.1930116037053,26.04703930416538,0.16273080640859905,Soja,0.5966226947926084
7.1429592057533595,64.61354300694344,26.865294972897637,25.27490439313027,1093.8270068346208,26.95889208471604,0.2315837460457804,Soja,0.5957931094443674
5.3678423320400315,42.10169236492408,13.266250544958787,28.456472090852618,955.7488083130182,29.06543007593433,0.6112681123472634,Manioc,0.37013279391759424
6.166633664669843,63.43787579703541,34.841935795255914,30.649324635889304,1116.7481574203646,27.772363772741457,0.229918276545835,Soja,0.6737449512289165
6.310674472939772,32.7024998351969,39.86614638171517,26.554053750551212,887.3693660108003,26.27475678523022,0.23724986813216956,Soja,0.6014944095230859
6.533787207528332,82.80824518737833,31.976644258396608,37.70376723875908,1152.7471034610473,27.516300288857405,0.4252424003916039,Soja,0.7526893215220535
6.065555654722585,33.0636316824352,20.26870782474577,29.46673961183956,1205.6888139946066,26.37587601956454,0.34322712444929143,Manioc,0.44133740434269864
6.1614491452929485,31.280988570686436,20.201940111959278,22.525975552422743,798.7326901178976,26.92776587776386,0.2527874524470539,Maïs,0.4415555198803924
5.535906975550785,50.689830791852756,19.379414576570696,27.133871239301705,1152.6278496048508,28.730348597458978,0.18802727073754688,Maïs,0.46143794380441755
6.496043844966943,85.73557332125327,20.91600182769473,31.31823839288462,850.6427532650646,27.25040992082212,0.13814490404581445,Soja,0.6864001594910406
6.399568057176036,50.00844474944457,14.743138387487168,30.68404521982551,988.8154707865882,27.927131890078353,0.36506436082908583,Maïs,0.49428262928860617
6.24853877467402,48.885786045309644,21.916973523434578,31.733514712938145,826.6885982258109,28.618041086116815,0.0,Maïs,0.5297766056299822
6.354294791655218,40.63533994208307,36.54323690678943,25.815108335299602,1175.6927394023455,27.11385127879531,0.41338702782782044,Soja,0.6119291563101636
4.181086776325092,41.72174736834481,11.695794016237096,21.44396844862465,562.1823382658968,29.63197953152858,0.4308963497818332,Manioc,0.26233082019128245
6.955212267045725,85.2364917477445,39.04605622819295,27.8030629696958,1081.3151575093777,24.962505107724976,0.3713597562302249,Soja,0.7796784184142944
6.104651245231883,42.001579801784786,24.92137186890659,41.05987766249294,1011.3806199507156,26.96331091002185,0.29935884858741924,Soja,0.5131131696139206
6.243008224334353,28.780849679163822,12.048890168471825,17.310370106665886,744.79612120631,29.684533476090365,0.4467956441337785,Manioc,0.3792464326118274
6.7049085446713175,47.61250531233856,21.80631633370318,30.06480018996175,1078.7208606401023,24.392934230992765,0.414684476533664,Maïs,0.5277210174289458
4.5531437674368185,21.2443586022092,15.176857085443196,27.189814192109154,901.7444823154514,30.457727455614837,0.473534811179777,Manioc,0.23724966576484086
5.813587392731215,45.570131248970846,17.594957207329024,25.32027967270922,634.2875741421478,27.518335322622754,0.39384328650889533,Maïs,0.45070935344926316
6.3352284128899194,56.07080669286972,18.787989477902663,36.022211008994454,909.1384975094469,29.826867899641595,0.33992631955022257,Maïs,0.5421378527903655
4.30613277379698,44.63796762069895,25.676605619879787,18.105183607022575,494.8967972644446,28.765630156599315,0.4184508340701764,Manioc,0.3850100889403151
5.508600134517832,46.79581781939598,23.723973426418056,28.50595275769002,991.8199718578192,26.96288083073102,0.4020863273352776,Maïs,0.47549973355672726
6.9907144597327635,62.85570391389405,29.690179158049965,37.51017868960322,909.5132814902126,28.413126739790464,0.2577708460025006,Soja,0.6215627796535659
5.4898758067901205,34.173014107941285,24.58643984302877,30.75748138584492,621.9521867612624,27.82820134034503,0.2766755936806854,Manioc,0.4308971199214326
5.180239514778581,13.915234959023985,18.124089115269378,8.57546259115644,966.9761957245939,26.988296815613246,0.2691626473464367,Manioc,0.280111270032821
5.119645794591136,28.85915837222467,19.85231318453333,18.03754011049758,697.5149854236437,29.345662722930243,0.35273777865617817,Manioc,0.34620984904836866
5.844613842102306,37.51684558402722,15.386818651420484,13.291010611203754,647.2940234438437,28.008809526586557,0.3408802790318581,Manioc,0.4057097657298685
5.862524660144831,67.8363001808753,26.29274260301309,28.078404288909972,958.6831542758744,26.462517492635218,0.277364598746979,Soja,0.6046845971927476
5.345241100386714,19.054711637421462,15.083504336337752,5.0,721.967872183364,26.39945556305164,0.8138118887705839,Manioc,0.2913802237577449
5.149192718237978,22.892974468944836,9.172792368894715,16.932656464248545,245.13880847421729,29.368006767463225,0.3857096644576935,Manioc,0.24788718511679347
5.655761391609786,17.453518295747273,16.010372530806563,14.180368602215054,1019.8098350007356,30.324021258241256,0.5835612007780262,Manioc,0.3166755842491036
6.547613994159232,54.69076772947292,28.137554409665977,33.02442266372418,1279.5015989290187,28.903957919349413,0.09488829414008701,Soja,0.6138409807571845
6.739905927151177,57.235029518815196,30.263515455680047,39.87505606372661,1159.2696528963004,27.903452012803204,0.1094271855581955,Soja,0.6238050725712243
4.7016605633094954,29.02877877753323,14.12778032857359,17.033835226715922,433.07962552120887,27.504596031429777,0.7441656436937201,Manioc,0.27196697697011074
5.830525532989677,25.6368190661594,17.10383281259293,28.600827630471514,734.9418446569438,27.980032889181878,0.7630908242690442,Manioc,0.3705722687060948
6.078708423233087,72.44076526977611,30.478977178455324,35.03560583492451,864.9034881978764,25.033313432427303,0.3410700971024631,Soja,0.6703058112086517
5.4344625671358955,22.08848078175013,24.446412271251262,18.233686801663566,736.3176683943835,29.93336140816449,0.5503612881744547,Soja,0.3782020622499801
6.476244977208574,34.960426279185015,28.042800018838957,14.354397712743037,767.3894309754572,27.34346232584287,0.3202381641132234,Maïs,0.5379223453284907
5.678671594805087,46.19956690078641,8.373593140237794,14.173365852626073,684.1030380004966,29.272687912284137,0.3941522469644274,Manioc,0.37557954571936303
6.437451764264537,74.20476758667152,29.94933880585325,28.785712202002703,817.316167078525,23.35084222653221,0.2371830829733506,Soja,0.702065529468868
6.92188230203663,47.30700905718683,22.4629389773063,21.23690293640708,746.6044482710054,26.497317633720233,0.11761286404572183,Maïs,0.5139251254968806
6.6317689775784086,75.2100448760876,26.826447420104095,34.49837755246338,934.9196471839128,29.207978342461164,0.31209215568891646,Soja,0.677836743562996
5.738383376944548,27.269675317931185,27.05190217271276,13.746456480008444,804.0853224859999,28.841349161751403,0.1301371119703552,Maïs,0.44164655677660913
5.957527669022586,59.035861715460236,27.073936099566062,21.61215914196348,1035.1320879516143,25.520960244155713,0.1739421126710874,Soja,0.5835359927704835
7.271972044662663,43.32878286213589,32.199744247458284,21.209130177342495,1057.360136175626,27.167327894425796,0.24588071795648286,Maïs,0.5408952503530308
6.404126377857236,40.34689543219947,11.612792179330448,33.28313308647466,1147.3262436410155,27.720947000583624,0.27904224651820464,Maïs,0.43419739541267044
6.695681127055805,78.74381545058205,30.66684845063701,24.669581781844943,1077.5034731395388,27.21917671322448,0.2613602025977884,Soja,0.7143589815167688
5.855924827411139,41.307228607537965,25.84325761044864,17.51919648374949,931.5295346971599,29.251612888291668,0.29318536849364674,Maïs,0.49717824016086554
7.024760993497061,56.698711202749536,30.00812690704611,42.04214418392804,1167.0723366975215,26.70293280859098,0.18852630530340647,Soja,0.597069812115193
6.763281507931527,32.65344008261383,28.181768316211837,32.91091455646255,1100.247397397776,26.484318661157033,0.22993368568881933,Soja,0.5107471106413158
5.575449478882958,32.491994561190474,17.540061455272998,16.739285242722435,1026.2380457014858,30.321250311823327,0.29626576509286995,Manioc,0.3801282432114351
5.640165052686928,56.92507512477975,13.979647366744416,26.895771117379603,860.0267909124408,26.09126664534398,0.27654781841726833,Maïs,0.45504222224928925
5.996205832737608,30.46634956584373,15.475139426360366,15.048089577218539,1149.2281937303112,27.181821903003062,0.6717275903458503,Manioc,0.3909111271237613
6.774382850186052,57.35782191822154,22.940162369479147,24.040965424882067,899.7795518833248,26.43304515957578,0.2772971782469904,Maïs,0.5684782843373427
6.0287590509407885,42.68279067236938,24.875238577181406,32.03530266710224,990.5499339517725,26.82800450775845,0.30991321013748924,Soja,0.5093709884377081
6.48195456002618,27.926420424070532,28.445908076293367,26.2306572143267,1133.578387781389,27.329281192379362,0.34595060520687154,Maïs,0.5137978350573993
5.9182215133992795,24.731419971404655,14.691119688647197,29.01146973396824,759.6909036236107,26.786792997858395,0.546316163849792,Manioc,0.35657089902935646
7.0132919825686235,61.12814659799247,17.554171257083546,25.635610256266798,1071.4789673705486,25.306396221672774,0.05585819331133568,Soja,0.5250917234859527
6.192964388753908,63.32916096174108,25.475497239954457,32.975806819401065,985.6930826326407,26.660532070307337,0.2925408629418585,Soja,0.6075779842651081
6.540945744813156,39.494631505084165,12.631040665348843,27.76252341850464,865.370573020927,27.770442320755166,0.12494899289631678,Maïs,0.4426354381554112
6.2923169292661525,56.906462747863415,20.149103269265083,29.176418641767743,840.7742148545277,28.524986767274136,0.19083834728250293,Maïs,0.5518317542080488
7.648080638025475,47.5034299977607,40.05018042654417,40.81528063836194,1110.3139698976381,27.8977338349215,0.18186000873003905,Soja,0.5839952420053414
5.888429736787618,53.25098264667635,25.619485003428363,24.53524163742349,923.5831349060206,25.819373121595415,0.1703511204865798,Soja,0.5448549309352446
6.860501948302451,61.95497497581765,32.239215774980885,29.399867352976173,978.6119697426418,24.67282335277597,0.18237000887652968,Soja,0.6469227915217468
6.275150880730939,38.79152401748884,17.46525099904982,35.89536295277498,1043.9807545005415,27.378399341846873,0.24513377528169647,Soja,0.4601921170927511
6.60534665589824,64.58153606773459,15.442120753977951,39.661898354378316,941.3789972215637,23.690273098914826,0.1896106348854295,Soja,0.5559300674451482
6.596698044758317,71.13951599408978,32.077789759821165,37.29090968120399,1078.8345002692718,25.564124130325524,0.12932041135779948,Soja,0.7027671555003454
6.07371592430342,39.19476550195277,24.77923775259474,25.39699482404934,1061.547766331026,26.599421460693343,0.5533555600919501,Maïs,0.49863477556765856
6.610951252187612,46.417169136399046,26.32937503075686,28.51011868610861,797.828040993888,26.343771795906967,0.21553004095013467,Maïs,0.563328139325464
6.772543093007541,49.15813752978043,29.238022834871092,18.187291693585692,1400.5091299203666,26.19280193063257,0.15296516505863994,Soja,0.5821869218102312
5.965412173947648,34.90269295290062,16.909428194855114,28.199203068282113,885.7018209625201,28.713897047362977,0.22069989170278248,Manioc,0.41618235439364715
6.532434996462149,57.66853298716668,42.193457723257566,30.14972918459812,1218.6171138582906,27.387824471908477,0.1274692326485038,Soja,0.7285154634228986
6.1212790029833295,38.78402853881158,9.408840303219844,21.070084592433833,594.9284913421518,28.77100395190833,0.5739977696148648,Manioc,0.38949423310766434
6.599464433231293,50.02580539038819,22.49628254207746,35.48253164057745,1076.9897708814017,27.881672180355245,0.12011851417355418,Soja,0.5505899396165239
5.343432735454561,51.191542610051975,25.4387668794472,13.455317261006623,1104.416083389056,27.675245261258276,0.11124128915125667,Maïs,0.4918941653740708
5.610951476513668,25.284402514372278,14.148881040144104,25.298449138946417,992.1442131927234,28.10423851656174,0.5151190472311459,Manioc,0.3302234722862488
7.165082346133058,32.06840877289354,26.36040713804455,29.518395714048395,1043.9636836840748,25.031694089263713,0.2555920660923218,Manioc,0.4631221784009617
6.4268856082985675,19.31307330924507,21.296418557180843,13.846701450862795,656.0462801401043,26.072683140950986,0.40213559486234646,Manioc,0.4239268716061457
5.944991800572627,37.48030668261181,22.464883111113174,24.528852795928955,1070.4732113921034,29.492249080936,0.44323038425715144,Maïs,0.4648690519216039
6.219433638875838,17.82038233058526,14.506958004976614,20.338104519719835,399.33162476754603,27.784441024515964,0.47046403771009204,Manioc,0.3523133188345633
5.92127524844578,29.11516134868964,7.447269748152518,30.760937388894305,902.0168686011784,27.455843345069617,0.42933212082115796,Manioc,0.32148177018159285
6.564840348303637,26.212877318071357,18.049756936659886,19.772087003916855,1101.5233891442408,28.715333255699594,0.4249295873755746,Maïs,0.4280473116057625
5.510340385992737,45.88657590961437,27.288445173541426,37.064899093718694,853.8328609663033,25.47511154320809,0.2257961975947044,Maïs,0.4979042647607631
6.731933010451472,81.4813926953812,21.364140849700156,39.292823252478726,956.374423406988,26.41080402955673,0.10979993765718879,Soja,0.6547753882382591
5.497758974559837,37.7494506226671,23.3193419368816,28.937008647418423,1087.2189507911598,27.208605838220517,0.14683016802316684,Soja,0.436332222733249
4.886635329167991,24.084526597877264,27.199372334927507,28.424971620190423,824.289115429385,28.334995100237798,0.3874941774613414,Manioc,0.3621217746821162
4.427244197310034,26.21733732865576,8.613144332246911,14.746316801788268,1179.054141985399,28.677741362087733,0.3101160917329942,Manioc,0.19907481223478993
6.304431797502378,61.77700814076441,21.211164425969994,25.62614404510973,879.7255829959527,28.793815226922757,0.26915371094243223,Maïs,0.5795369577464198
6.350495867785105,46.56727521487248,25.104767887203298,17.350828574489178,1074.8725395056586,27.83264947026775,0.2306144843702716,Soja,0.5519600093375199
6.695155062698528,59.65857989909288,33.88407068150141,36.7914087604906,1227.9137121519677,26.994618453482566,0.2881441525319038,Soja,0.6630871393840134
5.866980989225705,2.7043451504372484,14.419645949397582,30.201976103375777,791.914483132202,30.918116478725125,0.24726788186036494,Manioc,0.26438450386032863
6.848173205535246,51.21769528091867,27.831034427166514,25.104899795578007,890.6433011058662,25.946250296581784,0.4112390622157559,Soja,0.5739969892569995
4.988060336685522,46.847405788957246,16.21277323053885,40.74380735559271,896.6038873421251,29.00335425005439,0.48339978761834945,Maïs,0.3796488006014445
6.541111391283532,34.31250904428549,16.671873734366493,18.434200167328935,604.1892414115484,29.873361972808624,0.28979292924506395,Manioc,0.4516321984119723
6.519365111014593,49.57772866151886,16.206011178860752,28.18343326941825,1046.6185651775163,26.783240223944315,0.5169156966804823,Maïs,0.5096806993754325
6.623360060132486,55.99108620250496,21.80694969751749,30.593803869683374,1128.1373618316752,28.544015108644196,0.21253376909278232,Soja,0.5670077559150274
5.537594463365183,27.74827526961716,15.522570180379105,30.708156068650176,811.8527295618653,31.14746930538673,0.5324504720232075,Manioc,0.3439387669621389
7.004889636280712,40.954459488536514,45.71428889904109,32.841080186009556,1322.6159434129995,25.752278785011324,0.18937959229547405,Soja,0.6508751233317126
6.340304338954728,66.45600179235264,35.96686214458738,24.634854544169652,1304.0896274121117,25.575048976647764,0.269418090559442,Soja,0.7075874783795971
4.906066869759598,20.082543747538992,16.13271375465498,17.17503855998043,782.3544071696382,30.405119388088007,0.43371202847580853,Manioc,0.2678651032170959
5.811091656204563,58.95683810789956,32.908371535346944,27.29103496908927,1195.510994274596,28.665405054397276,0.2574952333789454,Maïs,0.6137754869808463
6.138440407881735,36.1867318289227,27.407005998712307,35.97407791851972,1101.6971748518665,26.297009351064798,0.2494256404484083,Soja,0.5110869957856461
5.93012015984532,56.00959634998571,22.43608314597605,39.89605188106097,923.1123461964632,25.932745529145393,0.3376467819476288,Maïs,0.5359158451049679
5.432942914632189,53.83109777147159,32.43310811111999,21.105048119280895,923.705820514398,24.794374273861255,0.20308193307038822,Maïs,0.5600404525157188
5.9865863000649195,39.84406677746649,17.202472480816688,34.6131766344955,881.5893275839717,28.15969642511181,0.2114713015118553,Manioc,0.43931863563936335
6.001451126160514,31.903728484136817,13.711377192068523,19.117081925665122,909.7662535774555,28.575005669285297,0.22230763275799453,Manioc,0.38417426539801236
6.926692238558851,46.83849544753695,16.072759954595504,20.070505341125784,935.3711924381565,26.603781712963396,0.2835612506767269,Maïs,0.46541953255239
6.254697397302446,23.48184598670695,12.883923547138945,40.996532055933685,892.6321403496065,29.134304874614962,0.2305257891181292,Maïs,0.3655125080430521
6.1038195176094385,45.103526198433805,21.247274439982597,35.0884618675085,759.2121498330916,27.189523116352447,0.16584868703559122,Maïs,0.4985601730207878
6.257837317146429,37.48208949904816,24.212398883905117,32.87317598011502,873.9487011094916,29.71381872575595,0.4794036371683005,Maïs,0.502562275101775
4.780280997398649,41.29948265771867,1.163372886988011,15.139832720634317,1049.8338051152061,29.22366398811347,0.3037673543041438,Manioc,0.2323209113686828
7.813042806926526,46.2204008177531,34.465523720387026,31.150044813786756,1038.2524741702396,27.5667886704284,0.18140527460952532,Maïs,0.5253279296270679
6.278423001399444,53.18300718416288,21.985642196527163,31.568775285135356,859.2969599310289,25.892175410417252,0.1967512903900206,Soja,0.5494658836031514
6.456633716556678,23.47109407047517,10.481961062814062,26.937998964959394,1045.3951626067608,27.439499134678936,0.2981324293355647,Maïs,0.36422609979174814
7.478913449750975,65.46046157273652,24.99929408207186,23.10892699351223,1145.6784123734449,26.858094520712005,0.3051367699282641,Soja,0.5587111303999852
6.597334713336937,46.51466702448149,21.322752320336342,32.342323020952186,909.4246829911434,25.667013712857866,0.3129648013429895,Soja,0.528531806582172
5.094021013229028,15.960932325210843,24.75964544758712,11.786316065717871,862.059495066613,29.578630408191984,0.47201212083078387,Manioc,0.32927846187464077
6.72682089830392,38.4623366135118,19.751067660269165,16.289742690818983,1045.8015709820452,28.048639979139374,0.1332263828168797,Maïs,0.4753052718967109
6.044417350550007,61.91431300394106,37.785878051245746,33.34937476931792,979.3030470989781,26.615596084120956,0.2053766633215553,Soja,0.6793361315142392
5.3703095114079495,35.4108086610608,16.514859367936417,30.794591422485915,665.3582924119037,29.513112285875064,0.5449599821245841,Manioc,0.3677025858695653
5.967135123214872,38.07094802204092,31.227591510475317,28.779608212880365,662.8909894118799,28.16980476041107,0.25466821349730273,Maïs,0.5324248758487266
6.76650106472452,52.315968709625004,32.145194244546985,24.350890573926186,1236.5922422666538,29.048885855342437,0.32262639375953456,Soja,0.6160755541618831
7.266516687328133,47.24684725751886,24.010348174504706,27.551455650958985,1093.444250313702,26.6086836914275,0.25946218869703164,Maïs,0.4973282406587576
5.552659262139548,27.214124159934833,19.529059786218056,23.508332259087325,851.4297556582912,26.923418935110618,0.40037809655579293,Maïs,0.3720776563752197
5.532987252540898,35.7048913980759,25.624725337531107,25.2008523293214,995.9584223110121,27.550165201959725,0.2859393594030749,Maïs,0.4478564206117126
6.570226954713009,18.038167376193492,12.469553544040558,11.306910488917746,1029.1238391045363,31.771902076849642,0.45766144566976175,Manioc,0.3552334594615492
6.9629618058242,50.83750729731887,35.22476411465542,31.19230740162062,1091.0628730423834,26.005376303021354,0.10565869369814263,Soja,0.6168859719833678
6.313032683462899,52.75634184619262,32.42302860766681,20.890058217919663,1039.0114525873123,25.00566211668582,0.24538207873407317,Soja,0.6261725786160852
6.812459801196842,81.0639185139315,28.448776268721453,33.501570425872835,1103.6466539528258,26.809151586829273,0.1875879777133061,Soja,0.6980205260990271
6.696960738441967,57.777538989985274,25.052096575797798,27.897857089254487,955.5531265900634,26.539690417406888,0.4144781646216389,Soja,0.5916114245502896
5.631474432133666,28.570450533739464,14.46008156993695,25.923369712382012,691.157446977066,24.762474209917702,0.37286858334554607,Manioc,0.34696724682628877
7.108573837189656,50.65117079574304,22.343621198421438,31.022995762693373,911.3153928093841,25.213830667432227,0.1777052482764948,Soja,0.511200373828268
6.485559918421028,76.96562169998529,25.144114226683328,24.606809202121372,1077.2450637845434,23.684470860332002,0.28151717038924906,Soja,0.6819005023466331
7.209715541477386,55.177792119166064,27.936651480421272,34.02563733483783,909.0490416942755,27.305159771762515,0.3589321356628154,Soja,0.5613217116104285
5.5229610404494345,15.564077302890665,8.171020359745278,30.82761249180895,996.2439710584517,26.71532799435167,0.486161846460872,Manioc,0.2418777832187847
5.922261440419873,36.328697842890996,23.788950795943155,24.516992511835504,962.4481128218765,26.36770070514212,0.15871001937008536,Maïs,0.4681393533161509
5.344057248301656,27.017262149495025,16.07515971471728,17.201098695388502,777.1421936231035,28.5308143477618,0.5375150353733948,Manioc,0.3296005355440892
6.524354943794822,44.2423571346454,15.548125641704573,39.74163961463842,1028.5940768115101,26.691814543134935,0.6164002970334705,Maïs,0.4836558956484953
5.681376922836772,34.99668675394425,9.49532236300847,32.168436283474804,961.9360302413248,28.995898351488307,0.42379845294902097,Maïs,0.3401209117073094
6.194426507974451,21.641720493107833,27.901459493453874,5.0,674.6989307576657,28.392865775495608,0.48773818769982674,Manioc,0.46228003581419164
5.5407674633265955,34.630870106511075,7.851378784848144,19.226768723054874,742.7343261209431,26.209232485560413,0.5960006174420132,Manioc,0.31553354051640503
6.126471309248931,29.052969327332043,18.814174613128213,30.718184037964146,957.5341548748521,27.626141582375293,0.17091160218700663,Maïs,0.4199936028007496
7.4948953851542,68.24352292533744,27.170922660048742,30.828909962512537,981.0582062510232,29.094784979101348,0.24874510553838552,Soja,0.5840444772319696
6.577695612912878,44.094667176958396,33.09165299977847,25.39127091233618,910.9536438092844,26.44443440100285,0.38010576964439946,Maïs,0.6058925781425732
5.33895365505421,21.86132681778595,11.22269599303559,17.510333686610547,446.5954442122063,29.40569193413131,0.5984398994385707,Manioc,0.2738836025702278
6.298955391731324,47.658782296520485,21.1178474594149,25.83245200208357,1052.6244812913433,28.1072351132124,0.328784730274167,Maïs,0.5232239506401051
6.702000190538845,75.61096246053182,31.99840313881637,40.35197418867602,1091.242966932072,27.748873192653125,0.15089826638944515,Soja,0.7112502242703049
7.528336168958857,73.36206466264625,31.831950984334377,45.1447130852642,1246.6707178743661,26.511041319583242,0.1978456821872432,Soja,0.6351449449329056
7.054444518184643,63.955798270709515,27.617233902988954,31.39638994906288,1237.5999839666692,25.19984592189637,0.07626719374358074,Soja,0.6057495345221067
6.563785465178858,56.211363643474975,24.106809548002595,44.770806611009604,884.0165589115757,24.38888001500153,0.2571103857317345,Soja,0.5892946240731186
6.80614029907175,51.38537027136181,28.609689939850753,41.07275685425992,791.3639914802193,26.090357710185888,0.22980863997189258,Soja,0.5836555968851452
6.42145674965771,30.015954720109438,14.863929338110715,16.86960088081298,666.1340149570669,27.989587151243434,0.5258796537174234,Manioc,0.4187427945441471
6.87257043975527,41.79883644906633,20.566206400367623,28.875865426885134,1030.728037013825,27.497997567405918,0.19485260887205144,Soja,0.4825949164763106
6.599997955536514,54.22698294191525,14.196733568169627,20.479702861565652,997.6824446342168,28.515701984634248,0.3739943735684642,Manioc,0.5068528022489032
6.497343041889455,32.715990600258955,6.933158818975301,21.57898084351728,779.956207570608,28.196029722404674,0.7176953410424658,Manioc,0.37792148129521363
6.1907434320038055,54.13584626233249,23.17014990416876,27.349390553704882,970.6028719110554,30.718737387614734,0.4576538611886169,Maïs,0.554757201320193
5.3231844921757006,57.04958684720563,28.323153801806132,12.722278336909863,1049.7063755663878,28.6712317057623,0.1553688754275131,Soja,0.5340717254044498
5.7426977244550015,16.437450102242796,7.818237714804197,16.35065322015953,916.2881618171717,26.99007130971188,0.4710440138550816,Manioc,0.26031592105998025
5.588526692087775,23.543064117957385,15.907305317403193,18.01399108911125,867.6344387095385,28.305047021902343,0.6183212600879286,Manioc,0.3343588980240978
6.24329489373645,17.96767707000763,29.235967099280895,27.57717389562164,1042.0656283684864,27.475665323606087,0.30262665853978016,Soja,0.46149173804611376
4.364503709784607,12.321257880646325,27.73027267971396,26.851678505190293,818.5337436436299,26.752608144444167,0.3892423570581671,Manioc,0.2782053663730903
6.700533495015696,56.190755480572875,31.094276007688105,25.15950439385934,1228.8323653918512,26.038484326239768,0.4013444975389151,Soja,0.6288898450760718
6.938515234900403,53.08769710292243,29.137306428042063,29.539182429374108,1053.598683483907,25.837466635333048,0.13443584853771912,Soja,0.5835432329891062
4.850261052845597,27.93093342683947,9.354677890838492,33.42444480362076,731.6165660226961,30.952765196049736,0.5452444310418826,Maïs,0.24498741899306772
6.072077681283079,56.618885396057536,20.228768358754667,34.88317797513176,1033.2815262150975,25.139288833884542,0.2736097294215076,Soja,0.5336653308678287
5.056521671977311,49.614252949273165,16.404455633005856,39.588695905392456,563.8873953958775,27.206777879892922,0.5380277308177301,Manioc,0.3973319303715775
6.193765083853832,57.33554293500893,33.136687493457174,22.263760575536786,1060.6261432038116,25.32660365566026,0.2572267909768898,Soja,0.6397043495911683
6.428376609576892,41.82284903243766,9.227595433511127,30.521149287620368,900.2852943077746,30.209133676755442,0.17568456856720327,Maïs,0.42463021472389406
6.397187846926786,31.207713251809384,13.726960069930582,6.729802999311753,901.4137911479838,28.034137967317854,0.3330815698121652,Manioc,0.41322482680435935
5.646551233691834,29.657074584953527,14.412948498275652,23.136356030948047,697.9992932669408,27.39386422213956,0.682706658151424,Manioc,0.35208041289123543
6.7247763576596675,41.86941969476845,20.665150619330408,32.80447488510173,1355.4541346607625,29.519857493915445,0.1706735105050078,Maïs,0.495411136540979
6.56381477181849,45.85318142565024,24.977195124179897,34.65914371009639,740.1382357723287,25.30924865087227,0.39659200688787904,Maïs,0.5550991117430063
6.577727567877606,67.99149905202653,34.05708955234617,28.014314153154075,805.8702894556449,27.092078192679907,0.31037890707317584,Soja,0.7063143939532786
6.204663180038702,33.67283441572424,35.236840225763125,30.902197756600994,935.1180585804477,27.429335123424295,0.2267638123143695,Soja,0.5632736318027673
7.098843263424762,49.25887206193036,25.033535451015247,26.057190205791137,1414.7449151106887,28.653547483163415,0.37724025036269887,Maïs,0.5260203948461539
5.210918479988517,18.641860979245887,10.098058742582626,5.774378179473221,803.4593933991086,27.73808134336162,0.3732843706826191,Manioc,0.24290681830542613
6.3161268485805016,52.59155160302647,24.337685064225422,24.862427685898954,1095.435353862936,26.19390834253439,0.44146391244443267,Maïs,0.5672074096483685
6.190737597174967,65.05776276276592,27.867247261843886,42.17367519966852,1167.2844715777212,27.38194076373521,0.2748771160047193,Soja,0.6314835651426411
7.324646214201913,51.71209032204348,31.3055435181838,30.489325555144294,919.4974523188494,25.60595673855855,0.24120958381953084,Soja,0.5629806792483499
6.866298243807032,48.53980650986828,32.321717731446945,25.822612446636963,1068.4415403291212,25.564249648975167,0.26519188637568086,Soja,0.5946065742422584
6.369248203747207,30.936825363281663,23.58412048800202,29.948440442512688,862.037727666684,27.06814088469812,0.253666466869663,Maïs,0.4813336021471076
6.272561907443747,28.527480256346134,11.512290287624428,5.0,935.6481996487665,29.168946284010563,0.2681217079374483,Manioc,0.37673310375426294
5.49576935181822,48.69642192198094,28.423663359875118,32.923995417511165,742.6973646961344,25.40047774290097,0.15913520084327654,Maïs,0.5159476814629791
4.965298028833859,23.506771469548102,14.499136156066218,14.827772164187884,823.4232988576475,27.126438574123775,0.6351685468147037,Soja,0.27415824839703
6.116440959841573,51.70480617241213,32.05835816324922,22.363797737799867,890.0150014836025,26.419681968489815,0.4384203419737852,Maïs,0.6036923939439214
5.659225998192802,47.01159655872839,30.330026669250685,28.558610388411132,1154.506477030751,25.389533806844018,0.36516387351475826,Maïs,0.5362462113688085
5.989507759589869,58.14914453584048,15.362238925530194,28.589177611299874,908.7732048995312,29.603013988878683,0.14422753155754106,Manioc,0.4977906434853437
6.88785340665581,49.2097294438939,30.706008628788016,31.470635147192997,1065.710269235565,28.093398252144414,0.2980735152901696,Maïs,0.5837975680406878
6.725327198003806,33.99845767028305,8.699086963875613,28.78259410742372,785.1432872667691,28.530857675592934,0.2408498070060897,Maïs,0.37791399190321434
7.1144387208394715,46.05255439393392,26.029633942894293,35.107840257740996,868.9169268178182,25.390156789206465,0.34091293525995525,Soja,0.5194523272665681
6.080525976566795,23.273304539859637,17.61426234570716,38.91152429147826,829.2357228454237,26.35761820244567,0.2703196843324298,Maïs,0.385028957599441
5.98655946502629,47.87124165201824,16.10623579447192,31.531382794681118,898.227967829296,26.35637307409563,0.2675678874763333,Maïs,0.46275995396426284
6.757686448063694,59.86035525333032,34.21774755910806,32.65905855880286,1303.884940021797,27.362638528378564,0.3188494549982094,Soja,0.6612906028186523
5.882834757658994,15.717913066895125,16.581368901298568,22.065621877609097,883.0210870697837,29.97547753041134,0.6136541863787215,Manioc,0.3321918165011044
7.237630436312633,53.82333062323409,33.949319813228406,38.09361504061323,982.8445873783962,28.809225624767503,0.20555564652800412,Maïs,0.5973473134917255
6.80813257678922,23.206539189938532,16.981598410039314,24.564677600958877,477.6828212677916,26.665519738068067,0.46085405848625766,Manioc,0.38909236124257135
5.704303825271847,55.59936384046622,18.81127269184471,35.72753482691335,970.4896093383129,28.529851620129765,0.11913290155392739,Maïs,0.48998931397828893
6.326390779867014,57.877562004903865,30.295747230987846,26.857191737392753,1128.9088055620366,28.10872232777392,0.25100515722341993,Maïs,0.6318544390856462
6.784457564414597,64.41004208469371,28.705805118309197,34.31316276105068,810.9862410712485,26.185468921301652,0.4564494389843675,Manioc,0.637009842019902
6.1826441151473785,34.348863369246274,22.51535803775998,50.70165078716313,1109.3985936181289,28.73352570634363,0.18861360391823784,Maïs,0.47200366258254717
5.279562884334178,48.08050539504102,27.08062465129896,34.588273064939784,1203.3783400477519,24.934094968345228,0.06334931680274183,Maïs,0.4865144054331546
6.08400105431738,41.774896532889294,20.89556406676087,27.850229447460123,1062.400938118343,26.700832529464645,0.27535929416908067,Soja,0.4814128294903961
6.262998321082648,29.29065364964174,12.044265850371946,18.769529776951718,847.0733474106494,32.025295704412414,0.3391295161153945,Manioc,0.38280535591034925
6.025371147840786,38.22435347664345,6.3811774730362085,23.965062965656095,1158.86839122246,29.365203692518946,0.46493819777130707,Maïs,0.35770169842655997
5.805052352428123,25.201256801625348,11.789364130841983,21.748551110989727,1149.8451357279614,27.971915623609597,0.6645045583382054,Manioc,0.32833465213179946
5.527774744482862,53.071225966373106,19.492542725404657,15.531891098740566,838.9264840501762,28.163475302246727,0.25021004662556073,Maïs,0.4709175327108221
6.575966516343387,43.13028697014554,16.89156139443812,27.255640982280795,1143.911793427731,26.9838529576065,0.08288787424940902,Maïs,0.4849105848606511
6.206964645956473,58.92465300064329,18.6667193230788,22.147564935299826,855.7018542388145,25.596063342135345,0.15527731543102574,Soja,0.5421561625132032
7.444155905726441,64.87953993226397,27.023261579893454,30.685357025998236,976.7598754981863,27.27407522069124,0.20586263863030702,Soja,0.573881633175153
5.624961036737809,63.955340679224726,23.458602561833484,26.40183217495241,900.6993134908753,23.992562644457514,0.349398715690533,Soja,0.549975999155298
6.48431202125498,55.37700968159861,31.091430102357783,30.021541046780793,1149.1356996258426,26.2459974447748,0.325871382483191,Soja,0.6404753174587658
5.372571664067116,48.61503525206102,24.681235004816187,19.743782348445535,858.0525093093966,26.909582626950485,0.2010419591651175,Maïs,0.478664353985669
5.813495108072267,39.70947322653705,20.821200499431416,37.03451122645783,780.7906167788459,26.859793707597113,0.22995334397248784,Maïs,0.4511583636679337
5.979977756651508,33.04116937964815,25.313799626077138,28.97921062987389,946.9159163974239,28.950767183658424,0.24943718306754697,Maïs,0.4709488612068762
7.698166117261261,53.113858000837986,35.23327171690435,34.305391499114535,969.4180364616592,28.97011035354553,0.28092502695524335,Soja,0.5670312476726163
6.402920951736963,52.62965674850542,24.616649246893054,27.029551356567392,1094.4817381693435,24.697442873520234,0.29839119423794724,Soja,0.5763206738526234
5.995337766110793,42.95879427090125,19.625171406961908,27.133968563216676,913.0249883821705,26.301302569821324,0.20529455640339367,Soja,0.46974608800753703
7.281772973319806,53.11327939730656,36.021288841526534,33.33226128887643,941.7934870760919,27.120498363783856,0.29363575934111186,Soja,0.6060486559103718
5.969680614520106,45.34083468259226,23.765344774080962,29.810628034987715,623.2683020402854,27.502965267133717,0.28588140820774033,Maïs,0.5069972163859994
5.827545315203442,46.555156519300446,36.97222752315268,42.82462798751781,830.91177061759,26.212322402686464,0.24440959668487588,Soja,0.5960417940090955
5.179132565787855,49.62172666081943,17.183053336294947,29.373686584667045,574.0142644194925,28.943517753899854,0.25079647061533067,Maïs,0.4128100090774915
5.941194350481915,51.15771149771142,29.02119225517962,24.771811875757667,976.9433408947885,28.32652559033945,0.2900762705977922,Maïs,0.5655331071080668
6.686277224813365,46.94736194718775,26.65616748306085,28.947368435246037,893.8198773874624,25.7477332582247,0.23872698008429044,Maïs,0.5617422012138225
5.29396162994235,22.169149393181307,23.52681178256542,21.70180896953428,550.288427582444,26.462791277109027,0.3961760443584676,Manioc,0.3606160032482301
6.351317732619517,34.08299123860686,20.812373626091908,29.47420587508349,1050.8584006417072,27.53462098842563,0.2807910616070034,Maïs,0.4721220184711219
6.082923312638332,45.48860070325704,32.04071254179122,33.474910010720215,910.5879878470244,27.17877453393322,0.09075928771241568,Maïs,0.5765792664929328
6.984058476215346,47.00056867006333,33.985111675225674,28.236455222830582,847.3552840161976,30.265090494837025,0.2740411213668656,Soja,0.5912169511946342
4.510610614472709,39.70991856721683,19.24822391353326,18.725371379925193,711.8959408384417,28.789779662223086,0.5205589113013736,Manioc,0.33553505653171567
4.9881191997832435,47.04410851147895,8.426255698447886,22.62100973862732,688.1602897660438,31.197392243554436,0.4286571461332278,Manioc,0.3240187880206593
6.662381931438692,63.772450304626425,38.24299289904625,31.49337928186681,960.1970954102987,28.393074244726417,0.17362304988119853,Soja,0.7133683040121762
7.166421105856447,66.05426845389472,26.815695323264066,41.066846960076035,948.3762873590874,25.487349108493767,0.23152191673572067,Soja,0.5991897648382206
6.895181104057473,46.89138397101362,30.895918545740848,36.79063235589532,1186.6140515043542,30.222973820932964,0.24224988112122847,Soja,0.5755228339278546
6.580915206516785,90.25825680586924,33.86405817221045,43.61548430433447,1078.2715864669674,27.427273918046897,0.2336257252708785,Soja,0.7917188690614596
5.985942419517044,33.51205964841344,9.366118348958054,35.74083146406299,1007.1167107047578,30.5897675026061,0.3937796687352758,Maïs,0.35774568537724566
5.700822979630605,39.910363742925014,14.470463991986245,26.092186950467337,798.8132456857691,24.844278293335883,0.13157296445236047,Maïs,0.39692672006590135
5.635474114391386,61.15582823548232,22.84215921908828,17.416816063057503,1017.5919574147083,27.90207564138463,0.2713496877523879,Maïs,0.5354062361035615
5.860137476115127,29.11077220150865,10.667761150238007,19.52858916381559,400.40196423985225,26.518942169063266,0.6795071162342443,Manioc,0.3399021037028348
5.933495616545076,7.763531189503102,12.988449886236387,12.750254990458444,900.2092357940154,23.929959338654147,0.35740731461171715,Manioc,0.27911863360104794
6.844260069237004,48.90769625939936,26.102858413726615,32.7740165480827,1107.7108970991626,26.75988207455063,0.10749880165776493,Soja,0.5527599711478219
5.117939435497245,31.901071975295327,15.187834293536262,17.067179441290047,839.1524292689813,28.310866487086486,0.6692989246302481,Manioc,0.3241780671978869
5.3149248329332375,35.95998193643564,11.198577806892033,15.781093298239131,720.5520494069667,28.307564897078773,0.26568309736424794,Manioc,0.3269090006819767
6.997252531612486,51.934789119139936,15.330518502918693,21.922173268811676,699.9854889816204,29.549584117781656,0.3700659626740801,Maïs,0.47432338308651806
6.614702790591744,37.57529414301952,27.46817633304833,26.772350808709163,1014.7447444456396,27.738134076406315,0.3978905383982483,Maïs,0.5367075946500792
6.362041984697398,48.30880232214457,16.502848507112546,30.85636992785729,556.2774415438832,29.56577140475684,0.3403533467097075,Maïs,0.4973822877235672
6.794508265553776,41.96273971223335,28.348709950522903,30.076038569712136,1119.2359674903257,24.911343312781142,0.24130125897789406,Maïs,0.5458554198662966
5.470399147056131,19.703587093118077,12.820713225092966,23.19823934093481,872.478256696489,27.873915033695265,0.3156079494616832,Manioc,0.2875386670265559
6.198478799467877,65.83801110393732,24.644057330232656,23.480854792490163,1278.7984280367143,26.675399248748143,0.053757048727144735,Soja,0.6118053846229918
6.12863533523446,31.87326377355848,13.289913270976125,19.643464804596142,936.210860513617,26.67373473243645,0.538693438394021,Manioc,0.39117690239252967
5.816101217447936,50.054701591666266,33.46851452283834,24.06909577568562,994.7677720972159,27.663624455524747,0.39424147236123397,Maïs,0.5834285511946729
6.382480501233113,49.21586610614456,24.85258409515974,27.734748427982183,815.972736122108,26.84991564997077,0.39229629351720396,Maïs,0.563047381943359
6.89213640925526,39.64198536947702,23.374448129234217,19.718606706859276,1077.6686147570358,30.34683093898806,0.36823735392153245,Manioc,0.49293913263351685
6.348946087585151,75.67153192845458,30.983894822447247,25.791169019327732,909.5344359564356,26.55790278379803,0.3343184219245011,Soja,0.7082138686204227
6.055389017276068,28.1322468598993,20.497318856978268,15.027247638634528,776.3875722323287,28.159234149519662,0.34956715104362845,Manioc,0.4228995306994098
5.85947417126256,44.24048976357477,14.828237418404532,25.90572759300796,925.3637022451952,27.42268668708852,0.45166271269156655,Maïs,0.4291402153954516
6.585549238251069,44.462364182975115,30.712160440879487,24.4671919418455,1088.2647502316697,25.16660141817654,0.2503962181121075,Soja,0.5894653872876117
6.8189081559867315,37.71997058770866,23.806644035150452,30.524535240050565,1088.8508314254082,25.34929126410738,0.3305677364856251,Maïs,0.4944134991850709
7.0163328789401795,54.0170524512927,30.04583576645644,33.08336562918482,1077.9686710569133,23.986099029743997,0.3715774756407974,Soja,0.5875325636251979
6.8938097790375785,35.15282670224741,16.92527583968917,15.326167254463318,1061.0612465766312,25.62701884697229,0.35729518891409134,Manioc,0.42853735879584776
5.493848149332354,66.45149127773388,14.041167230133503,34.26253031301711,908.07388050552,28.945888134583356,0.09129538173926399,Maïs,0.4810285425139537
5.588936095554027,44.73594243041073,20.884925486843517,22.546350824363095,592.3539816821382,27.52418718185071,0.31699149440878593,Soja,0.45330755919764476
5.5895781750144895,61.391168054440676,19.78283842699985,29.867728774067814,963.9468869794115,27.604005742573023,0.45436585643946403,Maïs,0.5104936518805014
5.920015893163862,64.25827037051343,35.582572148146866,43.47136498698467,767.443578533936,29.281411160614265,0.3605089086835444,Soja,0.6625880817314149
7.663648706874784,51.062688539677104,42.051848284946,25.884976272188574,1268.4513544506833,26.23652284404657,0.3026148825123346,Soja,0.6111652885394765
6.219272221618074,70.88512645614722,37.51991308194085,31.841446871797622,1080.5141445892366,26.884766948509895,0.3159774758641778,Soja,0.7264716919199166
5.8183704217287415,35.645612979554045,22.550514906690236,30.153736573807798,979.759027576623,29.179531667830073,0.49646539736434236,Maïs,0.44818642017472676
6.933691551570284,68.98188548673426,23.807877372333525,41.179300930430905,906.3888981103962,24.051811329286192,0.15808022326222165,Soja,0.6074664629486457
6.736815874929886,69.12615421612915,23.176788754143445,24.586062389358787,884.9189805531216,27.886059659626024,0.43683006632054455,Maïs,0.6192091096289476
5.7773993308891995,22.18381908268065,11.431855533977664,18.39168982506692,818.289389364202,26.39933923718682,0.4342769451089306,Maïs,0.31173522990264735
6.0183428278341875,19.012866521658044,10.930931790355352,16.75991142839442,927.0920509739775,27.1972725161834,0.3469679647817808,Manioc,0.31498445530150043
6.007722227885088,34.32197078420807,20.622708067837916,30.365702697624826,829.7708614843187,28.543898151411273,0.3623845221722294,Maïs,0.4441948369827181
7.418052555298159,70.87291398255744,23.7144837463396,33.03687367862771,936.6116400495146,28.763307714830315,0.3263512567174797,Soja,0.5754345348650893
5.140633305781887,23.083623917402818,12.253806733437123,29.361538672564492,1007.3984593523603,30.31272986368982,0.7831805091407942,Manioc,0.27026600194836825
6.172845174792818,65.56577561096937,21.76156075507891,31.77476719176655,908.4860860435756,23.637013359990252,0.24194703502135687,Soja,0.5878101609070384
6.82752254712111,61.15651508038978,25.981547005023735,33.62453914129906,1178.9050655429417,26.566310132975005,0.09469630704875501,Maïs,0.6011102080546178
6.032749382079526,38.48643106208171,17.29142855123378,33.79760783129236,1110.6620750604206,28.246682464126668,0.48032811915667056,Maïs,0.43834802508416615
6.47989522396552,54.53125045376087,17.318805225295222,23.74769398665785,1125.1264734479669,28.52667571645464,0.3285805567367554,Maïs,0.5370494560207415
5.1387401539768875,26.15560773182553,14.607046020155902,11.300174655101056,882.7055106144217,30.91867746269669,0.45521118503085367,Manioc,0.29917161718671814
7.841882996293753,55.89617967345087,36.660864546553604,28.55054702776578,1119.9301115756466,26.411572086908635,0.33705507172005117,Manioc,0.5767532793187516
6.3465362366493405,39.2348959927328,16.7902436087418,23.154247695138725,999.0283100915656,28.586887668084685,0.45733947559243393,Soja,0.4627468234277194
6.608353692368987,55.655873450952384,32.03423288083254,44.18327433934522,1133.6448001033893,27.721181561684965,0.3975133657032921,Soja,0.6409818032337333
5.80325489736822,19.28364717734294,12.381478585552374,22.345257802583745,963.3558141426854,28.26005393412662,0.4670282244716913,Manioc,0.30934354419419297
6.095734595873677,43.99566365511052,36.414651791543314,29.7456925456777,965.7883879322197,24.879534018596985,0.2666586499155859,Manioc,0.6034509707915133
5.944392161784408,49.41940649569409,19.668875348901945,31.639314976701268,1048.3838206681373,24.425728225717513,0.43987138741729537,Maïs,0.491246488624124
6.446355080662641,43.54348199568493,27.944152320060596,44.17453915969439,1148.9700579190637,28.135173185690086,0.2929591303314091,Soja,0.5683742918883528
6.730788742032703,75.67251652864874,28.999597156047724,33.79498740313087,927.4937427800841,27.464887823311326,0.29865333027793645,Soja,0.6874651255268858
5.648766300554641,26.9381701485336,11.775357698388511,28.58672141490836,797.3134329602672,29.332282274560434,0.6723666043131955,Manioc,0.3225212293610838
6.024243257979346,50.51485376040468,23.620344150348533,23.01618740918754,1188.3410492666123,29.433295137809452,0.4399834003465204,Maïs,0.5305410681300579
6.588661237256329,56.98119461791871,29.18820123066975,36.7150784789369,1163.937777696478,27.366651202594905,0.07334354924797507,Soja,0.6271228787266698
6.17180569892843,32.52291621808764,11.596122168374098,11.026830107734442,929.2996777749643,27.4791517349562,0.4727771324462356,Manioc,0.3849010770326649
4.579623650209173,36.06849703180149,14.827138872570904,33.40735030087501,815.1218343663833,27.39906859747149,0.2386644143361893,Manioc,0.29479365520553075
6.004083677694938,21.620996175506516,11.231461775691269,22.330995649908672,904.3949907860499,31.43509013302414,0.3291897494901629,Manioc,0.3262178657093371
5.916851135198614,43.55912444278385,25.641103559294027,35.48840018488695,985.7832430660609,29.747146450231675,0.34897630953340275,Maïs,0.5093923669646363
6.657810395210716,51.12788242000042,30.854644675157594,32.350762741004154,1261.3992054204703,27.662462155817945,0.2794145883889106,Soja,0.6107772200253058
6.231528386440849,29.087112092509994,10.978192491186913,18.317139169784706,784.7060125601334,29.288175178900886,0.25376201168634427,Manioc,0.3717695659497409
6.757748404161745,54.07252599820741,29.97430238063639,36.31510028569572,1000.0961898821737,27.862794878488153,0.2235650581136235,Maïs,0.6079180383017821
6.592900079325417,43.099609649985055,34.99033640683962,29.46629058553441,765.1189533169579,25.526838039425233,0.0,Maïs,0.6145394168163225
5.973500121415803,51.57082340756372,27.78165065976009,26.537493954981656,985.6422600536512,25.61017370483564,0.2095550317530889,Soja,0.5607537780481531
5.9767425239664895,49.59972142939117,29.424628808104835,32.10316060274948,635.0965603371462,29.124499907775302,0.45393539626067764,Maïs,0.5652079916141812
6.5505863711554495,38.39678860526553,21.037839513731015,32.910463473473,1284.7248366541623,29.529603740249613,0.27944924342100785,Maïs,0.49846884291706717
6.076411308739702,65.24309623286852,21.55616281843373,31.82050699472649,994.6193079676725,28.91883223483196,0.29149957825006917,Maïs,0.577345995004758
6.107548931778505,42.045196819708394,25.479143711770792,22.45233587019351,1189.9206410170684,26.26424469553827,0.24171855065099435,Maïs,0.5175558906303698
6.297018508026245,70.13142022577114,35.8648357426711,32.40900260231952,942.0549160202569,25.27968915143462,0.23657343265605793,Soja,0.717755573312097
5.8131054004482134,47.67126651011483,24.91621773650582,31.45844743282864,720.2697027134535,26.285412746349074,0.3513555151863162,Maïs,0.5119193021781169
6.512833673882503,51.77925871339269,24.232632835641176,26.947756778096895,770.3050356174108,28.946233826257966,0.4117999160241714,Soja,0.5769537198322305
5.9199094799015155,39.488142836714665,28.545882551115803,27.08957794512466,1025.2527567753182,25.33852754821262,0.31462133569589446,Maïs,0.5147620243611025
7.137797454099164,86.07267660866859,37.02195902313896,37.28816891963673,911.7278338562181,27.829851998441768,0.3051096983309839,Soja,0.7536787835108892
5.470306871047907,55.16602867866874,42.41967732628127,30.14190930777963,1242.1309523371237,25.85246497023516,0.31129560841662746,Soja,0.6405892961690954
6.585849355324172,49.367385517335094,32.174337266865194,38.37372537905575,1136.5108695780743,29.80409177256429,0.23776344030185087,Maïs,0.6192105327600886
5.906123459499281,43.07879681040261,36.28686682806882,44.03460976705782,1183.039099688359,26.789655582167548,0.42106586725909856,Soja,0.5837717015826738
6.191988464026898,44.77199585856268,29.962120657431043,24.257789704522164,1226.0833854505124,23.955447021149002,0.28039018020950834,Soja,0.5674458705662093
6.214940446384123,64.79949691914675,29.50920099145378,30.70219802921894,1191.8046803652321,27.714812318940893,0.22995460866470654,Soja,0.644303978397992
6.373251940865358,44.18477326898354,20.688080335389785,28.248962518230954,892.0187576153361,24.37888921191353,0.39512532212803975,Maïs,0.512471983587631
6.741414080059351,75.51647080728796,43.9856374315903,41.32251131437781,1210.5210685841519,26.02045933928011,0.3848927506119083,Soja,0.7945605038753976
6.683250107851868,11.31640982902789,12.189188290326364,12.906679722525002,749.4158244903102,29.24632955675106,0.38746505458209163,Manioc,0.3178802203874635
4.81307051726079,28.57332123789194,17.95785509226549,26.478895878967002,437.2984808887237,30.440774285678994,0.5668024118588685,Manioc,0.30684324260109375
5.693584439832788,38.26509375756132,25.30885765143714,21.09937333932521,1148.062101467575,30.767843260987494,0.2290326324194343,Maïs,0.46842590743416956
6.660174957688585,60.90980181693547,16.430312141421723,38.66298367454946,801.730435154954,28.022179897879596,0.09030439243008281,Soja,0.5443464261476942
7.345071797941738,64.1189541181178,30.593583437391665,33.546378447266314,1030.788475281805,27.574191820739916,0.2039444426845385,Soja,0.6046972599813946
6.48853606359027,54.7519762978243,22.511256697803407,30.71863010461118,908.7796542870968,25.130845551923603,0.47028427336407164,Maïs,0.5762166604352281
6.299042380383928,47.88693629279857,14.787102843543467,27.35805783098412,794.5536128939344,27.3330217268033,0.0,Maïs,0.478264446939699
5.77353271881352,43.57121937843432,19.344562865519023,31.510388453917642,1059.1235677516484,25.072628779244127,0.40532791876924934,Soja,0.45236345650327453
6.147331916242574,63.328241044728905,15.824745798431792,29.60602313466622,929.3670815278165,29.728331609378113,0.10376142681326092,Soja,0.5340159155949529
6.846474905233484,39.33385074900434,31.924251062376804,34.60078204516116,1206.9146108363113,28.923667494670234,0.3761460803988805,Soja,0.5573201700685303
6.646586668845867,36.73439613652042,18.39274827310526,13.290738899835322,929.212321219328,26.07052482238514,0.2429415229913899,Manioc,0.4651288109005646
6.4238542800086575,50.57691060725124,16.121672651699157,32.58782680895166,1077.9802317577332,27.645733680629373,0.20856705142378995,Maïs,0.5084338866671557
6.315730347555499,36.123897488206,36.07638257959444,27.63069485116673,1071.389531394033,24.804906514797946,0.29517753858746903,Soja,0.5878235388398914
6.339397163128798,31.0304106587855,25.88646723774533,29.729326214258034,759.3233218380688,30.201497154987933,0.4176645807960347,Manioc,0.4959890976418721
6.540750348686313,36.18125348772282,10.701098751648498,21.25059950003729,908.4992342421282,29.85859731540549,0.19978505952333178,Maïs,0.41571647918470767
6.7444752984836835,25.33643410623998,16.833472538958578,36.20202540301312,764.8232002366406,27.008290310185217,0.36477174153940106,Maïs,0.40143933891071026
5.209134470081791,31.266961330894187,4.692384439438753,9.81429780869282,1207.2623855003571,29.153895619640654,0.3053013616657415,Manioc,0.2529677675123417
6.080709058392909,30.763027540048256,13.94732529823504,23.538690079809577,330.9961839760641,28.253943735766093,0.47673596158575837,Manioc,0.3877641838306197
7.54778738661428,52.54831349679801,32.42160567586047,30.24265501878202,1109.7284500367516,26.6963208486983,0.2562997785578546,Soja,0.5564833239138703
6.825831236642097,44.150333882782235,33.19131843217353,25.6137655373948,1330.220604318165,26.93364465458236,0.17021131785041094,Soja,0.5869813259024703
6.5544774453027514,29.60046819734891,13.473454232407176,34.83989885984525,606.1729447471299,29.91437305675147,0.3760350808535559,Manioc,0.40897131568110123
4.087037119122774,28.645016984922197,17.534881729140707,18.21801429478383,707.5160445125537,26.154338877681806,0.2824620732131762,Manioc,0.24597696021292778
4.954463702765444,19.173116407037163,24.170672821811955,8.523353112765209,701.1169835837605,25.905675800716445,0.7005140850874634,Soja,0.32640637257908245
7.404038567726773,61.09455814082345,30.309443224163168,34.803986777873895,874.9400036943168,25.962876349526212,0.30321285715752344,Soja,0.5860969968261509
6.641829968743337,46.04355937523213,15.15394894148357,39.314100299053415,868.2220632910517,26.667336158107474,0.13804736931456862,Maïs,0.4784448414497463
5.912090879677661,50.4673356820138,29.37388301493437,35.37790039828013,1058.6204838971746,26.504845764170767,0.29504884168199275,Maïs,0.5630604356990168
6.158924410803715,32.3983523482742,18.43713155158777,27.44428102916008,920.6322093547128,26.002858058346447,0.4111508989301271,Maïs,0.4329382929765609
6.069263513538186,57.45334204627809,38.26450262162312,21.866589988617626,887.7882863747917,26.432706424175976,0.2029000579247022,Soja,0.667349530852521
6.777386434314004,49.09744654222639,27.098052957259146,30.866719179719265,1187.7497672888712,26.897869316242353,0.3429479062093539,Soja,0.5660607062977662
5.589003238625968,49.4618423769411,32.47783819544573,26.135148001083707,1187.3609327161098,26.84046923065611,0.1304743200616357,Soja,0.5557665367887463
5.552460613968192,42.918831427274604,20.76033232182372,27.452385386590375,940.9943687467153,27.43779233300128,0.2565931396687936,Maïs,0.44238252107245635
6.772066852414032,50.43437756659199,32.23835859437303,25.950283592214035,981.4934674352912,28.289538183064188,0.32818503575829994,Soja,0.6089485759267876
5.270045100521393,37.24354384185716,14.97899042304422,25.1054723258257,778.3098095198015,30.05301387617831,0.8290515627492908,Manioc,0.3557215051436425
6.690882743495798,27.237647671016802,21.32123168490556,23.342043913093775,883.1524545455009,26.21825980589292,0.23228521767371768,Maïs,0.44566835769680324
5.013186185886458,29.84937784804018,15.382590311218557,16.53319555932379,975.7695864991201,30.862789873261264,0.5437615195506109,Manioc,0.30918693673574443
7.123924528444875,102.30797212968022,27.468853899514574,28.514725170936213,1250.4813539916076,28.348309646740795,0.14728355403120716,Soja,0.7490642411073474
6.144072363759439,25.88878873342731,9.570184146291467,5.0,912.5198983248106,29.088511309510185,0.46230448940821733,Manioc,0.34206909946140734
6.4036626732369575,52.19450358880339,35.28853434525912,38.41333565326519,1073.765900135162,27.801312575314455,0.22439462096047483,Soja,0.6519834024240436
7.103269343214135,25.78604195479869,10.36743372610126,6.917677839427579,828.2777571158895,30.376630845810364,0.4977238991114828,Manioc,0.327655144029499
6.739461548583721,58.418630796583805,43.86108046071975,34.03144514048989,1135.9806771652827,27.39983655418446,0.17967931198718015,Soja,0.7269659287448483
6.111176581422597,64.51870861372117,35.49169082332947,25.104806391871627,1074.605511236332,27.338959373847576,0.3666339711561252,Soja,0.6782408649032831
5.981060006958755,28.993762422515076,14.39462283804723,25.467317388480247,1042.5820553922724,28.565887227118296,0.3806251270200046,Manioc,0.37611497394636106
5.71265916488634,44.846901508270044,15.916624286244774,30.254576175368896,902.18775271308,27.71513985028624,0.2088392378696936,Maïs,0.4276499713681004
5.34569987707611,20.27605571405536,10.03565647310651,18.89199182448037,893.8871288634513,26.156469309411893,0.617836840756076,Manioc,0.25962661738103443
6.371362673188853,41.24803619676063,22.471462178314898,20.96079037017374,1035.5631760041192,27.641791351382704,0.32185178949790344,Maïs,0.5137573112608299
6.498421816833109,54.5889181707519,35.09766675114106,33.4813214091936,1025.0326257507393,27.540288022472268,0.3105932094324589,Soja,0.6675431272788694
6.706798287282158,56.86630045100387,24.0691103904626,30.42501883723547,1032.4671399398574,27.891501393306125,0.251838203277102,Soja,0.5801411622650959
5.1023665546001915,74.11422477246384,28.413487635035835,33.07412548537712,1054.0220169459826,26.435780508522654,0.20046755894562956,Soja,0.5837793510205346
6.31189397581945,57.038844371688164,22.805778983486757,33.29595272439198,1151.772143067862,26.39977689998258,0.43634296495710506,Maïs,0.5731598605293485
6.426401017717005,46.54380428600229,13.581568895364136,12.467728637858052,1163.4558654880275,31.858145968563903,0.6748518102350323,Manioc,0.474469192156041
7.075510668089077,41.25918500220952,35.73235814443099,30.310960631475385,1224.6495412995582,24.42269339291261,0.21315150864232985,Soja,0.574109982837009
6.425358178582525,29.09330721396152,12.036003834106765,12.851352256175913,1048.8380013629778,24.635418780674353,0.44378130565053214,Manioc,0.3949627183826635
6.029141950334739,38.69925617073841,14.997606409657472,20.093890957775486,548.1182513985425,28.70283296182738,0.5210011775077715,Manioc,0.42227559443431106
6.20255672832123,47.673923140719026,26.74223137631027,34.53189650638748,1050.6366872415313,27.849564427294226,0.21413844174177254,Maïs,0.5563130275735897
6.236025066262843,59.92181881256313,28.306552110073973,18.443774697009815,1221.5589486042134,25.368062298298227,0.23102132540951872,Soja,0.6182084608062977
6.844905627397006,70.14733468806007,26.93934840489138,33.879343946039384,1110.8008045842023,25.794909268671987,0.24635007225538344,Soja,0.6418096402023097
6.7074323547319326,50.571997728981614,30.532716915280112,28.6759068005198,792.8223574284796,26.862928539828996,0.25617818231935213,Maïs,0.6023021131218744
6.716232630275574,71.01683114180395,28.183483513744342,20.249902282382838,909.3027532897554,27.95281007108152,0.42259497172799376,Maïs,0.6645152407612606
5.7988613653891905,37.442548405071555,18.3265795929535,22.14155507342604,894.0097631088029,28.024885572874087,0.3406792216571303,Maïs,0.42305405065704416
4.417814851189159,25.852550214568353,19.297071273797265,43.5619703194808,1041.9981034549407,31.452639490000607,0.579164698351001,Manioc,0.27428619841572877
5.710915192436218,16.73779435984642,20.375106072554548,27.36407660052543,861.115181732759,27.66766557847347,1.0,Manioc,0.34990672552183044
5.300329284268871,32.11787740604303,21.186848967817994,22.559422894758185,562.743433556809,30.553983093922252,0.5510947727565074,Manioc,0.38307242699405497
5.9703195502298785,41.907909229501364,21.263746398425656,44.443530506905304,1152.6523628730502,29.64672817664261,0.3127419503328259,Maïs,0.4755053874349195
6.137106539950176,59.1093237974627,24.695312327710205,30.93793925850086,946.9851872345522,29.68315172587299,0.27348819300724647,Maïs,0.5809593058771604
5.918205741002348,34.058203230096716,10.981381695526574,27.354088733450332,928.8638749031857,29.655074003853397,0.4546273000580261,Manioc,0.3661626480843846
6.583990597756464,73.3036395048951,26.719376433641415,32.231439451857526,808.8423240967605,25.001575636015247,0.31200865894994545,Soja,0.6734298211907448
6.108103967281499,40.00598367289233,18.140393484501242,19.199777128469314,724.2015010108703,30.240704405229682,0.5899243056138297,Soja,0.45646719475480635
5.98394177429125,31.22963265411027,7.544600381942632,10.152172025557924,766.2150923440822,27.3546785378004,0.34710982440755733,Manioc,0.3354672167275405
6.223490296882371,37.00807993349746,15.975672418947939,31.30841242090384,1065.6125314428182,28.256406122057577,0.19810741788117317,Maïs,0.43829625295176944
7.021007580068185,57.11943985386401,10.959533532965484,24.25670330408974,1029.6341471323924,26.921760138631463,0.5632139460346063,Maïs,0.46103130602855324
5.160620270157747,41.09084614798982,3.3728992293015985,19.842553965373845,741.9412321592081,31.121249893018273,0.5333981150535209,Manioc,0.27793764590948916
6.9714977054695755,52.20236880945938,24.861965039975942,27.6380420442895,1173.933125910997,27.312730054457234,0.2663776871192855,Soja,0.5464735988490664
6.188689829342211,30.462941072912518,13.45892035919585,12.637131069544598,674.6671557705689,29.92230400894886,0.5085726440811502,Soja,0.39169148271973925
7.630413281951329,55.5148879140123,37.59632241294053,34.99875038298176,1127.81990321726,25.680363792590043,0.3684755503411057,Soja,0.5989563422879318
5.098477846629017,23.21261642537117,22.329179893014818,25.74729358221304,1071.175154536208,29.972633858007175,0.6023784778489466,Manioc,0.34038163393987647
6.21990383912955,46.51775918182788,35.0320439367849,28.861496019832042,881.9551366923756,28.398152724329158,0.1467324470982013,Soja,0.6132300073709022
6.397131749183874,50.97954529577978,28.528854467107948,41.80150899445435,973.4870375007989,27.53473918421309,0.322603879311036,Soja,0.5977451269753764
6.739192847660441,41.982922790094236,32.37399180345509,33.085626962023994,992.0585185036808,26.423529253298987,0.36103071757481225,Soja,0.5795178013305204
5.707136976832229,46.94384301577336,15.37082324162488,31.221901374876126,879.986178207284,25.85238617305617,0.2923932177558227,Maïs,0.43145308211420375
6.393621931993387,33.51542789502389,8.785642069684325,8.363082011382712,663.779533936244,30.245566444191144,0.18656546482806352,Manioc,0.38616837573234075
5.72712750729733,15.624232901496237,12.485451749809904,26.287942501625054,1030.1972776460675,29.38794746399778,0.08970795840741813,Manioc,0.28969906596556627
6.446613657668184,58.341505473368926,29.15216421314147,37.583064593216605,1065.415062005886,25.98624167003425,0.21143274028781306,Soja,0.6350023203269665
4.594651730225543,25.968496315490786,19.929741916573604,11.039318939795724,627.1195482829013,27.33901206949874,0.613141047779843,Soja,0.2934693945289076
7.463466212936811,45.005279588565976,16.829781578462452,19.638339421637752,807.3223444418065,27.780485314586997,0.2163162926500595,Maïs,0.42079386818963405
7.097259058014238,44.368359010310456,44.49878817908403,33.273956844007394,967.9015810116018,26.250413651699375,0.4289936486306283,Soja,0.6480282961605044
6.872710023077489,38.4999741917654,28.923404405534484,36.24958882858896,936.3386209470459,27.44125682683586,0.3340613480763284,Maïs,0.53022364163987
6.281873344594906,31.972777839036553,10.265086171913259,5.714069744429896,824.8746946024377,30.570293636969144,0.7334720855840765,Manioc,0.3819138520212195
7.449229351187782,38.155992327393676,39.91953923340201,30.97125241615496,1378.342638886056,27.286374668773146,0.2653034597067623,Soja,0.5624107366251294
5.231513881251689,18.251303980005552,18.786521118873736,22.164107803731202,704.4093493318384,30.15821745373924,0.47410393011973573,Manioc,0.3059647333309022
4.579366329965464,42.90976742713975,25.583369309520307,27.950685101636118,899.713387719796,27.26324373523961,0.15828330196027374,Manioc,0.39943653610204677
6.023903278128351,10.208605879471683,14.52863641384517,13.785103211028861,398.89836080903956,26.286452300070422,0.36554007003073474,Manioc,0.30706767591139983
5.905577194185204,19.010612175993554,15.819620317967148,28.039442352543066,968.1761127807388,27.435828206369912,0.5606902389393232,Manioc,0.3413669514979695
5.280203768344427,30.593350373862293,23.646504330223785,32.34310484431295,818.1373081222878,27.02476107971651,0.4351691061510776,Manioc,0.3933190357856341
5.805335347654607,43.883432954125624,11.619728167255975,20.921918935776148,618.093691431453,25.47266411906412,0.4532408321387527,Manioc,0.40017138191113966
7.157117173371302,63.272590515707506,38.07964363429832,27.36701187881209,996.7033035256625,25.15362827472605,0.22261583696873719,Soja,0.6706518856212457
5.899213947281327,32.40217500984359,11.805074729666611,17.066258651391735,1239.5219453593586,28.60287180574013,0.3294703557859362,Manioc,0.3641352726897246
6.032107650354936,43.71462488561069,25.661297017535336,15.106715589294998,859.7083337097234,25.85144116320221,0.292452735972017,Maïs,0.5193671350429967
6.308535252200366,71.44835186685971,35.393363056812525,46.343888806015094,676.1764893279835,26.526356479659,0.2869248443350957,Soja,0.7204105622658044
4.655394969360822,36.24910852399931,18.603196156786336,39.52739172365228,845.959070914108,30.232546294266225,0.3754298964195096,Manioc,0.32891441921130543
6.975638852571305,47.14018613669537,20.3807858333992,30.640405015912414,1160.2574769527066,26.666790256761637,0.09222467721998023,Soja,0.4938897138861393
5.677288057597732,54.428833058577915,28.08167807779985,32.89752971342411,1172.798846712899,27.423136160979006,0.18943316182414877,Soja,0.5504042866300458
6.314703826964057,29.102418328370092,9.419679119640525,17.84767126489534,807.1639017408829,29.125391852483137,0.6013942433669714,Manioc,0.3671939244063207
6.926932252321189,52.7382781732661,37.15207688132051,25.528035373816685,858.489045947212,27.577118894403423,0.3016405948391149,Soja,0.6411609217904193
7.043570817536283,47.83287871546142,19.68986912972282,35.97688875217828,859.2265646591004,28.10340211580195,0.2719322639455687,Maïs,0.4861585757162914
4.504605202601235,32.64094567075055,17.136880227353984,28.390355517369926,803.2613259726569,27.14524907531759,0.06488461353915004,Manioc,0.29212251056579125
5.976126238117413,18.52903477357124,7.87514414092294,14.37474830195349,983.8624587227678,30.266680250469882,0.287450124985786,Manioc,0.28758002142503336
7.7298010138712385,64.8181063056577,43.78201195843413,31.20316218753983,1102.4038325365098,27.904911498684662,0.1331279088431674,Soja,0.6721864543800898
7.9715564362318725,45.42176927323641,42.74677057686361,32.76864561196098,1244.332604533099,28.56891825996641,0.2479020042585549,Soja,0.5695118694513519
5.581524644560959,19.46078865098045,13.734294995474576,12.760544674900018,839.0343254040549,27.595473592244776,0.20134012719727118,Maïs,0.3020972032769882
4.658366242775189,28.53918796671553,15.901693453319437,5.0,879.1405500091442,28.57627663139567,0.5497659077282219,Manioc,0.27943907487391495
4.574464160478442,16.934543580627206,11.97004976957544,21.5844554070812,819.8603779686877,30.415877119687853,0.4959929680472883,Manioc,0.19887554730850454
4.5666458396254885,12.036023810177333,17.373710524199456,20.642556581001696,771.8850979825048,25.441372462529532,0.41943607297583696,Manioc,0.21824093055770286
7.4667206696921316,57.14718074725793,30.799183584416898,34.703589987674796,940.6634590017998,28.157674889204888,0.3957870567951476,Soja,0.5691966847467641
7.024728127552165,54.207736168647656,40.33838607417188,27.39472099261908,1111.7475757941902,25.901618557408476,0.2584620048393549,Soja,0.6621633929591507
7.283825651967986,49.359457778141575,34.40169679832933,30.124597651872037,1117.7572226752666,27.40201873203302,0.2983290496429023,Manioc,0.579475925236282
6.568743115911395,62.193292183675105,31.695807096342005,24.585763855867256,1269.041373748038,26.512398938709513,0.31464979655959935,Soja,0.6672589317672293
6.127819794038029,47.603218387712204,19.625915729462417,21.785613419230216,919.4808288379543,27.948628601031658,0.3653498880952354,Maïs,0.4985086429632457
5.5884090174368986,24.98856530922734,10.828309067086686,31.739007906621424,655.780335233681,28.013723763815403,0.7242937893662738,Manioc,0.30320994498487036
6.177480744141862,52.53217705775936,24.538174921648412,30.344221421269996,1100.0996161546518,27.099647372935443,0.22930031295153824,Soja,0.557335884311369
6.436618812286772,58.01741289398798,14.084516832407395,30.214508250753013,916.8436304694424,28.12520236172467,0.2620700446652432,Maïs,0.5237889564592823
5.479974558702853,36.372242359568794,30.799245155671617,20.397115905730132,1124.8874780382835,23.522257905432575,0.3379281443675941,Maïs,0.48370764816610295
6.789916727518542,52.48565942179533,30.59713160533218,32.84546527032168,1030.4169847152002,27.408455001768495,0.08477564330590218,Soja,0.6036519339369294
5.310639875547861,29.188092979678665,28.496146323322442,22.002036944105406,919.2073970755623,26.319238895019506,0.4967107820090102,Maïs,0.42538941648120315
6.50856844143229,24.661620067530986,22.525979994395197,15.281926074662916,833.672408835788,29.532293594369442,0.643757341128186,Manioc,0.45890876849680984
6.6145872133840475,65.62564699528114,33.8287793118904,26.655991200525794,1099.5151433707986,25.510563700482862,0.258059582402975,Soja,0.692461871657398
6.332330362358739,21.02678039678024,8.909119665963406,5.93770060846342,832.9835438825694,27.751322044266804,0.5899258338543356,Manioc,0.33333183293321217
7.02546846388789,44.110043431168094,26.12598127817346,39.74306598576796,968.8923202593858,27.764127213204983,0.21144609025877395,Soja,0.5196731073315423
6.276862552972764,35.28385961489349,23.267702153676836,29.484653471519227,1416.9365301565763,26.785169297849713,0.31708534950125594,Maïs,0.4886465636979973
6.295923224189795,52.54257690873117,30.144848079979816,36.59682550716006,872.9493818798883,26.281700357148924,0.3305691473922249,Soja,0.607465423803943
5.865056389789688,14.69797970226234,16.506212400456953,16.04401620948018,328.91963886238204,27.66955884973096,0.3915356795825353,Maïs,0.32623743178384446
6.624801048510513,46.84551303197037,21.193019293589604,14.643985040136847,1205.6153117088677,28.15435355720158,0.30021396493255303,Maïs,0.5266882726074806
6.182505754751519,43.02661579692674,19.66045776064333,24.32058346210231,1113.1565639236799,30.70338009511605,0.423629963276348,Maïs,0.48524029965684756
5.402786170602816,43.1710355889516,23.103007097935027,21.955544765245463,900.383765596542,27.995170685706416,0.2845347145573496,Maïs,0.4483644337976476
6.90139715546805,44.29501221940909,24.20488999284583,16.533796597947884,1038.1087549709018,26.35726299251173,0.24534395325003114,Manioc,0.5164060428060149
6.782355886604242,79.57182284676219,36.13181686538805,30.312542561979978,1358.9526904876257,26.517200004117935,0.243342655066964,Soja,0.7502493168664203
6.7415256215876385,56.85704154662997,18.187825667046223,19.479021154456646,680.6535241054978,30.93786690022803,0.2868163052277677,Maïs,0.5347240708114331
6.31710736626826,72.59660038911078,23.136878927326485,32.871046873656496,1056.0548539416177,25.73503258414992,0.5382456474312352,Maïs,0.6368024957273775
5.044302041910075,34.16243368644903,13.062556683651549,29.883870156024553,812.1446045463001,26.787591295976934,0.486811461265701,Manioc,0.3117334324375035
5.230357270798206,16.998718465114848,11.286704171138108,16.857591864950866,722.1677862899669,27.566303123366282,0.3532786595409775,Manioc,0.24664790285340404
5.008004583365533,25.53735150646059,20.501964461393648,28.704739705668715,563.7210990561299,31.606793795282726,0.1369727206026094,Manioc,0.32899699993232134
6.827392728606292,42.392109167530606,8.850584423567298,15.65842500877909,853.3160798038708,29.441178871224093,0.31374881224380224,Manioc,0.40366335729144764
6.9521693005737975,78.45595052154988,26.512149014911255,38.07347544591743,1043.9744094868774,28.505561091667616,0.490462449207247,Soja,0.6626187349262026
4.677375314881998,27.032996063851755,9.351662703447316,16.454250460578436,863.35299335745,29.768648594939524,0.5677333031241278,Manioc,0.22762399567141797
6.486619601674927,61.91627221136571,37.24895547444187,32.355040793362974,1137.6174120549992,28.203814370114276,0.30757899772517827,Soja,0.710830625181882
5.538455103296251,31.340442887994655,37.069339309506546,25.151803288469377,1071.4391653957828,28.490689928527324,0.3924556314824672,Maïs,0.5141320973007272
5.681257300831974,30.146490331057485,12.131484278536742,37.47384481403921,904.3240124804925,27.904389567798873,0.662226020468889,Manioc,0.3402439842060362
6.941326253646293,66.65306006058643,24.40770771334809,25.169224453074175,897.2314990218686,25.05592737024093,0.2779097337221544,Soja,0.60209556573329
7.031802753443143,46.66596206338228,28.33228988671082,36.07515285154508,1328.6206883345585,28.281764071333246,0.28060332823635104,Soja,0.5451414058050612
5.4200735153020325,38.90881647390462,16.461327280778562,8.390246269920516,781.7844270828442,28.951764262367444,0.3470907710184482,Maïs,0.38497231589189795
6.910252123994928,31.541290765267853,24.205719041258266,36.87356057831582,818.6236390257335,27.53350885897791,0.23544257654136538,Maïs,0.46583961304103566
5.173918035897571,21.062677324473196,6.368930190210552,19.21903443380739,836.8743140391844,28.54107570433218,0.42256150523811137,Manioc,0.22239863372711594
4.484202175670121,36.233810182880646,3.878079456955657,24.248681047807597,954.8153121937077,27.52867649379888,0.4451721073583576,Manioc,0.20849374725623496
7.034510762644697,26.18150954502361,22.941837765810604,34.244473198122044,855.0152904927535,30.194997802512525,0.246254682608165,Maïs,0.42578817179391193
6.1308678494144075,40.70594458874747,23.06092523283639,22.966233839855697,941.3906952388946,26.553603749393314,0.3078029557426536,Maïs,0.4966682131161512
6.4543723073247,24.05415369506254,15.341033913014181,28.72377735245595,990.464500262136,25.91917309827685,0.5783602981291261,Manioc,0.4015228439700831
6.662013509603451,50.60919447941239,21.222896518819354,21.107416506069164,620.8426295269963,25.80522521417216,0.1391850125214257,Maïs,0.5386428048854872
5.667080122398282,73.82240726451192,22.52808109877918,28.7440346061556,1118.1778590722408,28.495060835464628,0.11369038464196812,Soja,0.5851829368660189
6.8395595638913855,41.44134294516699,29.78022844053783,18.580129080675707,915.9103300335846,24.975138599705787,0.12655778279336638,Soja,0.550582375998484
5.272422843731043,25.260896160514438,8.432361008230028,22.474227081013556,703.3104327701024,28.924411237728645,0.5211905884552142,Manioc,0.26164009118353715
6.405432452011718,51.68547542559609,30.87593093538774,39.13159508320661,904.6271300219229,27.736081661385626,0.26299116726720484,Soja,0.6181708976039669
5.0173627825353595,25.283813559433725,17.366683377774834,9.514833725565019,965.0071650660234,28.32335813775746,0.2402852977977187,Manioc,0.30604311095104186
6.944054012202134,56.08100173048128,31.42978459859918,32.50388946496853,956.3615189983713,27.203192037397802,0.23992657370699672,Maïs,0.6114094412876309
7.073274263858391,58.019846427838644,34.13938924820894,33.21512529640362,735.8145840964629,27.50187127805321,0.417818537889891,Soja,0.6282800128901452
5.414294068443662,18.733501260195396,17.06686014565198,24.9821530018204,721.6652002043973,29.90194012691466,0.46990269286996156,Manioc,0.3100155881929387
5.398899816064168,21.084080347868564,9.837333618952947,23.056937364740143,678.2588511625618,28.14012873671144,0.564214593609134,Manioc,0.26560519173859376
6.794735244462321,50.0066572138121,26.0736819265734,22.46382745813804,1134.0551895573308,26.521207560175032,0.18356744089101135,Maïs,0.5608072869089262
7.2099715996164155,45.80703452623685,26.176457091589725,26.007108390862847,1078.2089252386584,27.7362244231974,0.26530317527811503,Soja,0.5119133261748553
6.448456961443993,69.73738352537114,37.17042341390077,26.266887389484573,1059.4371319085149,27.64796069558087,0.2175698114679797,Soja,0.7377874428102122
5.236349700668204,36.51070084810867,12.05419806005529,32.30413025489307,478.7110640830212,27.43717141606627,0.2731505740564657,Manioc,0.32897409172725545
4.107525944776322,25.554429641172625,12.048926938997553,5.0,834.3662717159191,31.197190707158338,0.5862621358629243,Maïs,0.1957935765220365
5.928287614433118,27.514680267618193,18.824007325309775,25.95768957419024,837.785590306753,23.438684216928234,0.22286683405200625,Maïs,0.39819578638126285
6.444687280613959,39.075357408471056,15.296881229757986,34.8117109271055,955.5174249761352,27.423321960476933,0.29315264502826127,Maïs,0.4591575673672571
5.614031128795104,11.422728289616114,8.42280867056369,32.759361664688115,868.0807313776718,30.08053507409279,0.36244190314658614,Manioc,0.23479559199763003
5.762079917724076,38.21971510647733,22.321337419917583,36.39360571956939,1222.1694137761801,26.928887213765186,0.45767965853295467,Soja,0.45208720081845766
6.044866621703272,51.30811684554777,27.311388897933945,31.838237392881492,861.5821400091922,26.706579855912953,0.27031915355698116,Maïs,0.5620295069796902
6.084532734895661,54.69457200526737,24.55293959944138,31.450905209601213,997.9947786717745,29.159347338289955,0.2219212054396566,Maïs,0.5584614489416038
4.932603518197651,47.48969306985901,10.609391481972736,18.74796935832632,572.0230107899051,29.45407965673794,0.38741477471425284,Manioc,0.33713380874958143
4.637176994121313,43.41440270148645,22.81177254686615,10.365361382568317,836.1860306689828,26.81833287954129,0.5849744244199436,Manioc,0.3859575699656403
7.048228184145019,46.429430947637066,10.781101962807016,24.74793245319067,928.7363668958692,27.064319125658315,0.39397918653324127,Maïs,0.4157657302864029
6.747612880614077,36.8895566433214,12.591414745322371,13.54227458012448,821.8705417674082,26.614094189125993,0.5522490977096159,Manioc,0.41562979879253037
5.920217148803715,18.720045520351633,8.55161951019472,6.624220225659585,633.8641582926631,28.998614878091878,0.7033233288454015,Manioc,0.28875433669352346
6.6203217744943625,41.80152476745156,30.70556528967527,33.662434885749036,1054.63804555088,30.368008203579045,0.33150034690222,Maïs,0.5762325571238445
6.956649088310316,52.62964795036998,29.716343315311477,37.52452739154343,1312.1428125132213,27.379402879548902,0.25154229708889836,Manioc,0.5844960738067299
7.154549732738359,27.14217589506906,17.120054254104573,28.949098555888778,1047.0897942552738,27.60958992698671,0.24530656741643944,Soja,0.3777693414731914
6.228922380605165,42.02114889086521,10.825850447266635,18.877470175622722,712.7080019220293,28.775294275786013,0.27918255945356807,Maïs,0.42102658207735544
5.369491000575814,36.404293834674974,9.109101563328615,22.646908248535297,610.721439498771,30.62854961198355,0.22856542795359025,Manioc,0.3178757523935875
4.094625692902954,9.350783955131618,14.720517666932022,30.386675918203334,1169.7372049262558,28.0916701848966,0.583096344368962,Manioc,0.15076153270365006
6.11721249689508,70.80470413560838,23.222692744952344,28.56382309365012,856.2275411182608,25.028880162662475,0.2691765633102492,Soja,0.6144266311815072
5.534883294461091,17.283287793369958,16.71777288519968,14.965006310348354,751.1992732948563,31.403438667716927,0.32994133435549655,Manioc,0.3114640245936541
7.234179305748033,61.63531827037727,40.92716051313572,41.576535753165444,1139.1237728512133,26.599268693224037,0.39165838233446926,Soja,0.6787123395942455
7.007374497137864,24.009135235884678,8.464508278004338,17.24292130393475,542.7212352246684,28.94387377797975,0.7860918180261423,Manioc,0.314595082033042
5.096982871999515,42.548694890623736,13.951800032904188,23.157152666853328,952.17318022077,27.61862804747414,0.41941747965302184,Manioc,0.3551776777795841
5.460074901076164,32.929650808638044,19.880693450334604,19.42731445684897,901.989409910316,29.164607396009583,0.35867652563649527,Manioc,0.3895644215754659
4.605713848920617,44.03516307820166,8.163367693575221,18.705081877138156,405.14337327340274,28.13729076816205,0.14701107390865875,Manioc,0.2797577925764084
6.16576317193834,23.8808389448883,11.647284192916585,25.601678780150124,936.2514925030076,27.687691567711852,0.43177693418393837,Manioc,0.3509998006968598
6.817188461014184,47.1858844732987,32.768286080319086,31.72394702772433,1237.9443845169394,28.619280397454467,0.0,Soja,0.5964766823195372
6.023170324286715,36.60190485565198,21.206115985627584,25.70522762067288,1246.137318957027,27.240319241323775,0.44746523622218093,Soja,0.45857076408458164
5.427734297082594,29.119462902169428,16.13662953411595,8.482357627055716,565.1811980748603,29.25711453316036,0.41057747362108277,Manioc,0.34495908128374897
6.397901766718705,60.11154930247348,14.469187768159632,32.386295460841495,879.4694991822033,28.098488236252543,0.1732666116975496,Maïs,0.5316656412103862
6.726576426666452,55.701502383164275,10.719939796553419,18.497377221106454,688.5842039178439,29.59884192510674,0.5651826798898156,Maïs,0.47730643461634387
6.281210071061232,58.290580421562005,31.12100915440762,33.253515640866524,956.5766552340658,26.75095534118601,0.1819303580838209,Soja,0.6358327986880138
6.238849906023203,63.57780026176087,37.80591176282971,42.9573228707668,1118.1290338602737,25.565668820684703,0.21234111251824897,Soja,0.7015396978224787
6.138593462989846,21.652149484757366,23.88647384015227,18.676607582544854,932.0026412920726,28.500256811851337,0.4075810184836013,Manioc,0.4287705134979336
6.1569436743261745,49.27112522082621,29.86366474289058,28.95399290474176,939.9718212066688,27.978896404529063,0.17867508719160274,Soja,0.5815196277288187
5.316940307033793,57.88276750924537,34.15219693698621,39.60082165066001,1191.666781724968,27.526782905729203,0.2384929195116887,Soja,0.5790540083944204
6.749591730406899,41.91095541013304,30.401628876648868,34.479352698116216,1247.5547012756988,24.948819929972355,0.30604542529498074,Soja,0.5641171615507442
5.9995266942238334,32.691069915800874,19.208161278825376,21.938329486418546,830.6018394164378,28.163219151140748,0.5255454954266792,Manioc,0.42691609821968235
6.5879142868208955,41.329814508835,11.691717279973052,28.850440875317606,1222.327692723499,26.7902561639227,0.285292834329013,Soja,0.4392488392948475
6.436791186925952,56.72484925385028,32.08368240718956,44.03663058450442,1126.5106935051779,23.922020316461296,0.27693172378464115,Soja,0.6491310376670913
4.947350794787798,34.29291194804788,15.713442061008152,12.400034371842438,718.3963789818941,28.439381278365055,0.5515256481166511,Manioc,0.3236898896694003
5.414749698188412,44.51347648429549,14.662629882666616,21.150503178933754,1008.9370265822324,26.103497432551336,0.4491435075429977,Maïs,0.3934299473676422
6.761919633163725,44.67114413832276,34.34065238310807,18.678462110962315,939.9183632475199,26.84253014697814,0.13800547294227872,Soja,0.6024560160355441
6.014692833956947,46.98948146796494,14.970073916094629,22.384039810023197,855.2844458775226,28.530434948148017,0.3322574827694585,Maïs,0.45333304821343334
6.617846056032571,43.955507814625285,27.979423063476684,32.33220408616208,791.9246756953481,27.920068014046105,0.3851293176703926,Maïs,0.5651046178979819
6.833160824591646,72.50775780198207,11.294548308700556,33.84216510757618,868.9976774913658,27.218811362140425,0.27320130884080285,Soja,0.5386505057711368
5.939924592248993,31.230258253665937,17.130782798230925,24.271846379349313,1053.6981963291637,28.330188787820294,0.43942896391838165,Manioc,0.40138843881628367
7.180605701205806,64.04694478230559,32.150427621285104,20.098545931312117,794.711017093058,28.192850668843732,0.3836555171752234,Soja,0.6288504375610974
6.542605589182725,56.76782630837674,32.36698227750552,35.7116512856617,1276.2995780486056,27.620999902322623,0.14137108263964487,Soja,0.6529994862902636
6.019831571949924,88.86400299806078,36.5605762156663,24.354276661694456,1036.1231273180726,28.165061676612012,0.23352697712410367,Soja,0.7738603789547169
5.3855509710975795,22.395954101028554,18.140514849168525,19.938330788142046,532.3122375722412,27.697187582128446,0.556899304819051,Manioc,0.3298127790742652
5.608465013751874,25.5206591633888,10.4218385182077,19.58629767551783,1102.8793246366604,29.508172792933973,0.47160783472897455,Manioc,0.3039504046563194
5.468242525933941,44.01110346808857,26.879231120487866,25.79439288164124,948.5232787024426,28.607355846224245,0.24972438653745183,Maïs,0.48423952718422447
6.46141774401775,41.41659847978778,18.355873400726733,24.82454528685822,955.0578582351579,30.573062386548276,0.10173087871758124,Maïs,0.49180835559932556
6.036988233916079,28.980341881028316,15.660654143438483,15.14548151360722,810.8670003782408,29.70737762385484,0.3728746818122031,Manioc,0.38970760716264785
7.22019171730271,52.05921895548087,26.797984137441237,26.373280001953038,993.2254231532559,25.622862077816304,0.2276576527258348,Soja,0.5400424829702106
6.83163478457376,56.90259583791571,30.33260244332902,30.22443475874742,968.0739806361001,28.54034500898761,0.2535058417871114,Soja,0.6156674774346739
7.097938836547761,43.96778247067504,29.036541071604667,36.1398700427449,728.2179594501802,27.88512619799268,0.4194832505244434,Maïs,0.5344027117009095
6.1229335797728845,32.90013882574716,21.616704612449688,18.883238983073987,681.0160613223118,27.304445068447226,0.3761333831381675,Manioc,0.4550530056399187
7.287398985027389,35.68855495975079,28.430835693563495,40.846761959641015,882.0530667703048,25.267191110686408,0.0890497876108271,Soja,0.48248848267239725
6.563406774849472,27.441201716071415,16.681614846606404,21.24872590765482,641.4908372393031,28.388871779438368,0.370081018037933,Manioc,0.4230539418988839
6.312225909279986,40.929636870732196,14.270154295218774,13.87862841314312,765.8480053315914,24.071334133257576,0.4939046988146776,Manioc,0.44837307313753333
6.45751763360433,30.78189333258156,18.37153201277072,28.24299624126793,1107.272397657589,26.90080176429072,0.25493999519093147,Maïs,0.4500305896356733
5.539883396489679,49.365598041576675,19.522013067139397,14.171585601480038,1033.4033145263436,25.114787253979554,0.2093401340239261,Maïs,0.45761157169923106
6.4153780541921215,49.47775541322545,19.16605519131169,32.55536370302861,1088.8322132181036,25.807352243859818,0.21631416507105247,Soja,0.5255111742978846
6.111526386252976,54.653974845911705,20.705994174714206,30.26229837720744,1324.612268962978,28.113597407501086,0.41370142902906804,Maïs,0.5325958077824158
6.876936187082706,65.574954697117,11.284801048395334,25.757915368243506,899.4657309822292,25.571613498865958,0.17369433697558676,Manioc,0.5079722475959216
7.842072040372668,50.03193717833915,36.2884228755287,37.942317419668115,983.053862387282,28.011524958835192,0.23244719374029518,Soja,0.5511124693579408
7.400559342819634,59.658016401207306,24.073766103282196,31.985192904126947,863.3194996370604,27.246778280296656,0.2708226862153563,Soja,0.5355889525607113
6.202412493793083,78.36038154838674,36.96863004014072,35.34762668914624,1203.2957397574512,28.48088152537161,0.14179484542076026,Soja,0.7503560245783096
6.506758986365209,26.33460048639384,24.66518996374403,35.67248935234179,974.088414975764,25.764587904155793,0.2704114734888511,Maïs,0.48109043926639966
5.607935966621195,61.24931733680808,50.51224199844757,32.60933591366147,1072.5941869488313,25.91380415478519,0.21498718284824384,Soja,0.734004564738279
5.7963023317266735,18.149550752485933,14.83465999319116,24.85436020047708,943.8643623531041,29.45361387677779,0.5190068086325335,Manioc,0.32212358456771545
7.040848213478871,57.799450978688554,27.625566643530814,39.032757857536296,1154.2633577601448,26.745936013031802,0.1581305639079939,Soja,0.5828277359695742
6.521361379933772,33.88542043062968,15.08000558076553,20.508659059739678,954.4145887516328,29.175021912601284,0.28299495339578107,Maïs,0.44001124864823715
5.374934603033861,19.786706216401363,19.472294215525643,22.358645513677555,747.0578275322895,27.858122925204178,0.7590512315755248,Manioc,0.3284090372361291
6.051993976064473,33.94154978149298,33.26302991346468,24.060455859388714,1092.2537480506217,24.442085283457782,0.2491966396440728,Soja,0.5378128708365432
5.693306962258136,25.558330931671236,14.712485156025418,28.869395359645793,902.2390171143635,30.389954614752963,0.6680451226312422,Manioc,0.34196552807208147
7.494719355538686,64.95212710271538,18.35629302048327,32.8498287688139,1359.3480113067208,26.96303276879029,0.28788512292349744,Soja,0.5073387837361965
5.79852021704381,31.188784433669746,17.09455805686393,26.56485980726937,596.7866122760303,28.11309133995363,0.3568297801805639,Manioc,0.3896515320780779
5.982751886283842,26.063853330462145,16.28610171556722,27.12377900131785,1012.8139940191245,26.204030226385882,0.45334279860366167,Maïs,0.37849651979026766
4.873554424022501,20.30837822420441,17.69251578319522,7.273233145130433,790.1456487782812,28.493739985127874,0.6229991645095334,Manioc,0.27744592229968246
6.817973161949668,60.49205933432303,46.886636577466916,35.09680979652766,802.3980062121126,27.912197364951187,0.30053339438740323,Soja,0.7507080638405244
5.5007162130904295,51.3472146856177,18.581002430567448,37.45751024689197,1078.6848237937015,28.157868936381508,0.22115577155792113,Maïs,0.45540938039641765
6.684770205109142,47.0760248463986,18.11101163533855,33.0226823024778,1013.5091610147109,29.181855149039315,0.4951625371836304,Soja,0.5004666160905413
6.338273785082771,43.00063567847941,33.71342858970911,43.55067874362152,830.780106148387,28.301792237074416,0.29683579229637297,Soja,0.5993967279112349
5.9246012886946575,37.853606194604055,32.36301613407309,33.56032709276468,1132.5022528321842,28.677357458773084,0.24145982489317322,Soja,0.536397174650665
6.510336048775339,49.07052287124535,25.093768530663738,22.564506016548997,952.3523354707437,27.25377588091734,0.09411500176342447,Maïs,0.5728008860716258
5.127154247657797,26.592316490864775,7.450034147103965,17.33568179408865,820.0283334501481,27.71792032263851,0.4375229009843387,Manioc,0.24810838745015187
6.378893680174142,34.5308901731806,10.740683763748756,18.280202123181525,886.4360476965945,26.67160812183109,0.22438286038291838,Maïs,0.4031222157744163
4.844561053131084,23.6154953527377,5.819973583215845,12.765638506787282,766.6521353125355,25.62889026385776,0.3810786852071034,Manioc,0.20205447220359546
6.817841555962251,42.38603672379767,34.170823051573834,44.851895840887614,1185.6073299988172,26.931366123539796,0.17530096217928198,Soja,0.5878178265901299
5.6120726777485155,19.12840269915273,13.477709894258853,20.966163724410894,679.7704993172891,31.219588387517827,0.6277476671400474,Manioc,0.3013828505892998
6.00975075650118,34.015443550975334,35.068015785000114,40.22189900083588,1031.3681800911038,25.481783846945607,0.1724128500553757,Manioc,0.5477972323929557
5.672380856536072,23.232090646692633,16.495998830444478,28.159428843422038,932.7550514239769,31.074949400975804,0.4039752383417108,Manioc,0.3441157618630183
6.300330639982623,30.45266191206634,15.591751005617182,20.160110440012883,727.6311259505378,30.479441560765945,0.4187665935580871,Manioc,0.4160323042798699
7.294901466608836,37.65408423201951,21.629414800839225,31.976722435900523,931.2669671974899,28.859816235664944,0.23256838633704885,Maïs,0.4403050750603702
5.121076354185107,41.574796738727954,18.95872637004361,16.691749929525358,773.4431261419727,30.29512078706436,0.40368573132099256,Manioc,0.38956649363411866
6.789648592031913,40.736424037944566,24.36278378929751,24.3761519899155,872.9149060026735,28.2371682663416,0.14244377640632724,Maïs,0.512576436005758
4.96549119782394,24.39892304828982,13.497153047073756,18.523112044503602,626.8827642608237,28.28535467681215,0.2636153995800442,Manioc,0.27040366338911964
6.445959585753253,15.786495165053928,18.655461681350072,24.701153815082364,943.8060969489076,27.4942937994938,0.37295370804069045,Maïs,0.39253420444740883
6.463196721732915,57.338065827827165,43.816134099150965,22.859176944178714,1123.3883602266048,26.3860681430804,0.1277520774682442,Soja,0.7386282552934711
5.766509515329134,12.529626283415377,18.286605475597696,5.0,1030.017773787555,29.213134624216586,0.6573206992270011,Manioc,0.3227726995005737
5.505213766618202,29.77640813782109,8.860469770128681,32.70361225470148,955.2331920634113,28.322100387060757,0.1411620514989385,Maïs,0.30101907366592096
6.057764688210608,42.542328579862755,38.59962324490439,31.950605812582936,1083.2376728615316,25.472304250729657,0.32837794503089635,Soja,0.6105586234804665
6.143430560298419,20.99522302294147,18.082896761536354,30.164233793177143,847.7519020610855,25.321935021007327,0.35929872275521213,Manioc,0.38454924615245334
5.334284977110997,39.08278207230404,24.387476244342647,24.68773339538381,922.328407446367,26.521331004348163,0.31221409737006395,Soja,0.4362046387310166
5.223770831181355,23.48207235836916,11.864860740848027,8.256654578889593,660.9484508494112,28.456156334613592,0.25016331198548325,Manioc,0.27565740590242815
5.880519126155249,51.83569323200477,24.080259865629518,26.348584294815133,842.5139767363842,26.18495437157106,0.35145135106569164,Maïs,0.527538833924557
5.916488499816638,28.571877141048436,9.868788123485501,19.313088793617904,394.54396733894316,29.205311678249146,0.316829792949352,Manioc,0.3365156522125777
6.243023543920223,74.75540060300773,42.222542628059365,23.67017295011904,973.3955554198725,27.605722570161696,0.31320083228598583,Soja,0.7775684466434538
6.606262911197099,46.69360824036078,27.214936386335637,36.3491461579149,938.6192823972465,27.770106556543972,0.28234325942230715,Maïs,0.571198825599638
5.966642543066342,21.82055921336619,22.740041104093464,24.269011398531806,643.2338114233982,30.443814448292855,0.5239676290824008,Manioc,0.40736838110231816
6.289947075576739,35.36241073789389,34.748628418101774,29.953587008416296,800.2338720684922,27.971666886312278,0.3122146000448793,Maïs,0.5731656910926778
7.143265278949411,48.11493339514749,39.640847326692636,38.45300012678382,888.6577744647585,26.921603686139058,0.375315140085228,Soja,0.6238061875747674
6.238684153823809,53.71297297457244,26.609243299790425,27.205635478825013,725.5761780253025,28.93699091222003,0.47916037253318444,Maïs,0.5818511439591285
5.795850857322424,36.89747562985619,24.876649108516382,20.65241150763041,952.3546693936638,27.608378072356874,0.12853144721859278,Manioc,0.46812933552809666
4.748073701437442,17.963044948261725,15.096454401869714,26.83495456279537,930.6478066469836,27.439972565909216,0.3253676004217305,Manioc,0.23943248036553005
6.151970050137675,51.45215585950057,17.832397785021133,36.368364555778356,1062.0471260157065,30.0008852626243,0.38823231719699847,Maïs,0.5024972587709433
5.922084481534942,34.09873391732399,14.13593324053297,20.528753970391808,860.1101086398271,28.721160378402946,0.4659817014651561,Manioc,0.3894822750714131
6.303843843581555,52.542913298135744,26.273932957480973,33.73947676844664,911.9072440404148,26.819162875770306,0.29708562051959686,Maïs,0.580060349489395
5.421709050670125,51.79373282956503,27.8668932981172,32.84938322294202,707.3299079276994,28.701052921318364,0.5951846382035255,Maïs,0.5180994940764876
6.191788551963624,43.60553724319001,22.477587174256218,18.23853451798517,1003.9608462690182,27.048761065951552,0.343086611217644,Maïs,0.5086530217708798
6.039307079173503,39.672991603380886,24.05402700693773,18.67055821764245,1059.3411791855676,26.832789742744264,0.045589534185579095,Maïs,0.49249855539581844
6.01052929894631,57.958625145967815,29.330708836116557,32.67812426179297,983.0286596776887,25.057892522190297,0.3107151040779306,Soja,0.5999119371241982
5.258673814881578,24.469933497903785,17.29787744155533,20.120271404334325,852.169407536728,27.239586787807298,0.5186414612910558,Manioc,0.32166750004720024
5.874290998192776,40.63280263959405,27.044406892777296,36.022193025093905,827.7865995764678,27.44735529982311,0.4782572843127059,Maïs,0.5047115430418293
5.253662764573657,41.36177675688857,5.252049136369836,23.639006405310745,539.5007997335674,29.28690304174074,0.36897914408045845,Manioc,0.3000524596782265
5.803563583868828,42.04598589860971,18.920821812919623,29.444532399278156,779.9254464790469,25.99356415475862,0.25998471681818736,Maïs,0.44573313821010146
6.128199142040335,50.34686892620531,16.601959203905587,44.439540240097344,866.7618621195802,26.292731758415194,0.2775668076036188,Soja,0.4873611548344622
5.457219813481514,43.06173861227197,32.69079345262636,32.262337493782425,566.9675605916152,27.767793754580715,0.46138248374168334,Maïs,0.5217435691462908
6.314317786230606,34.74042502425334,19.205206384808097,19.509071679200698,905.446337039838,29.59895516330195,0.5465601001788165,Manioc,0.4600904752906524
6.059449853557023,38.38017822203391,13.684072345606012,29.10662457726229,934.070886494037,27.05319979256471,0.41978611871660754,Maïs,0.41393776178462915
5.366912055937111,36.54900161424363,17.306653565177108,9.089056530965268,697.466586221652,25.365309426022435,0.5035743878551906,Soja,0.37761643416281765
6.480392263184117,50.36652752527286,25.718268675796818,16.798102268474032,881.9878837424219,25.85428452555678,0.3688850317060836,Maïs,0.5816499617151745
6.593542301871226,50.792914996010886,22.514122968420153,27.922355972359785,795.5282227187232,28.8072865791319,0.37963756164394097,Soja,0.5541921594862812
5.497102639767056,12.160370060656748,15.89334887609536,26.181827023355147,572.3200080615125,27.715732295397505,0.6198431062258408,Manioc,0.28244023199758483
5.379146506548756,49.01225508332938,34.94125937273187,15.147652445854018,992.8941505638893,26.2182324199803,0.15973802086287667,Soja,0.5550646874198584
6.967482407875992,50.55098819430823,44.93551923277328,33.925614525925205,1056.222708628571,27.728331629876482,0.21101569455824062,Soja,0.6857466291758424
5.847828154728621,56.73124637586641,31.896885365943525,21.181147076485423,974.8105490449557,24.170333078822225,0.34665826923164555,Maïs,0.6006858905472223
6.55521493914565,36.41189236602961,16.854338962355122,21.816504425153198,877.5522809305544,27.92963685019273,0.5339717642896141,Manioc,0.4600337444741769
6.364381205151741,53.491021107431436,15.692140530163933,28.13540849568228,1010.4911844555758,29.4647977541503,0.28500940856117213,Maïs,0.5119580901127622
6.424523628930956,60.48124933240551,32.06118218111381,29.12400173621071,1132.127483566355,29.117059110056225,0.07402974013495356,Soja,0.66267328327666
6.477952218920729,43.66143398651182,39.807485489390196,27.905187385897335,727.461704271677,28.061210216768593,0.22169844722955875,Soja,0.6572985462840772
5.91314999803071,38.52458194364841,21.536673728661725,40.083585819449425,990.2890371566447,25.06176159470025,0.41603479744137795,Maïs,0.4596808371412424
6.2290302731217615,50.79770763575198,29.12243109801744,33.13469509826621,1021.0888717820163,26.251144183824028,0.19842159324801,Soja,0.5878858022943378
6.871492601195552,47.97751723715678,34.079796486192976,30.69372175269506,863.0794743674799,26.88117612522439,0.24685377755046353,Soja,0.6047277347701435
5.735154009190159,24.46546385416764,9.792735241125907,19.39049910967186,893.7758372285189,29.919124171957076,0.5818895857749841,Manioc,0.30540287719659076
5.322286228571372,51.154771503200266,17.542676588135656,16.807435686055253,845.5730652258738,28.534602608949704,0.44184887384450255,Manioc,0.4328611752431466
6.353672573393298,47.67820305303826,27.38078490637594,30.592862443514086,986.9827137388552,24.354578886877473,0.2622284462362201,Soja,0.5730445668673685
5.737954607250762,13.011538255831004,17.18686337089834,37.33567413797573,952.6271756039507,29.835983083805736,0.22230733022351226,Manioc,0.31440618419735317
6.611272456051594,36.963254320302696,23.35184753224565,30.95082258475593,663.3024662506243,25.359760134827987,0.22462207202932288,Maïs,0.5047713297132997
5.414887640054772,41.11481546911114,17.485388575881792,32.52204330980186,656.3992116299015,28.73309911704879,0.3385116074310789,Maïs,0.4006004505996218
7.579065807650887,55.60512116967332,36.31398864747065,28.67812109269525,1033.6501663913043,26.187189407247732,0.3367660141055615,Soja,0.5941279933806553
6.449582356522484,56.02235115964945,36.575541448501006,25.59003097327657,1069.9620808933805,24.209471241165424,0.19440865036859983,Soja,0.6799457469021875
5.854104724413222,18.01490000098402,9.114841842734645,22.186489996681313,862.9369562865453,30.3730860619304,0.3728596542644039,Manioc,0.2847882463370559
6.469784706752443,58.846076951183655,29.653467477544524,28.86584044487531,1067.38220453861,27.403865060894265,0.34873257354530746,Soja,0.6424600876909032
6.47289570448799,35.404141839167295,14.513270155536336,23.62431725257647,867.102948535257,26.363029333365823,0.6288909307465974,Manioc,0.44138435326665315
5.612733590500555,44.81674469265782,15.674007116451017,30.58094273008618,862.4528534392066,28.148500727961856,0.23353270662332834,Manioc,0.4177805551488458
5.725095182345348,30.927335484066237,16.458294665945232,20.45206139543414,643.9447778421406,28.094175273771995,0.3966679993213941,Manioc,0.3781463766897416
6.446501821418698,81.53491540339074,24.83667146198593,33.868450107135985,891.0274736735407,27.39297475444966,0.29175883816427894,Soja,0.6944136671542549
6.591667933351028,64.49384380437071,26.199170052595914,28.577091886153536,1076.1828150771512,27.828340905794285,0.3203603868078736,Soja,0.6346031564387663
6.0859660937679445,40.99123623918865,30.01339055214696,41.24881037466923,900.8975431099503,29.11072926432316,0.1014260534277493,Soja,0.5445535916598235
7.220469593692403,56.49325117488333,31.756602352656614,32.37099003210872,857.3290291433943,25.688936900485274,0.0003170008779075917,Soja,0.5932753870494774
5.560753859842763,23.12541313021731,14.84264314898158,10.662324115085127,694.3475222042688,30.084199659028506,0.6503179592552614,Manioc,0.3227919813152077
6.142631779266551,56.73473857485325,20.69172462764576,23.031477054365254,696.1593752535007,26.09113768897699,0.6350650641491953,Maïs,0.5431161684160489
6.4962258554033205,19.093141304520728,12.043921903788132,15.973146095604214,670.0946382772204,30.1723321312516,0.5896517782303656,Manioc,0.3615912031537416
6.434386157569974,42.40817192700024,10.049931430484303,25.055202713262503,541.0831906204273,24.527929622542658,0.38835973851392075,Manioc,0.4333562699170407
6.578494308322676,64.01190685753008,10.553154652735653,29.705600565919,771.8352140123709,25.565779119185468,0.19996820604403123,Maïs,0.520436568090156
6.708395638802246,50.754189685453824,39.67667921982958,32.127398394654925,859.1049790780754,25.952051902139953,0.265797937270526,Soja,0.6691741855173419
6.325406119340598,33.53465108842097,11.561078525872844,15.184822712539091,992.3555995262153,32.20802596991497,0.3246598138968382,Manioc,0.40089090670927374
4.865367635985227,29.63603109328444,18.22799039479773,14.73633497867591,928.8096322351563,27.213727449216925,0.7095175153813259,Manioc,0.31713875597278407
6.432973458971577,53.469904253090164,32.47459789113898,34.383598013728985,1145.8474994836647,27.21580181197062,0.3072490880452137,Soja,0.6389312573813433
6.6723439787628,39.014142602618485,14.512030549227928,23.956179936390182,621.8613282479716,30.09796251213296,0.40953890900825135,Manioc,0.44387044927241426
4.851556678529215,57.65707840864701,28.954444389735386,29.150063357593982,747.5340395928154,28.32935784289922,0.1930147812174594,Soja,0.5032895759152072
5.971922362746306,40.22200507334081,23.444361079361563,24.749888303026406,1171.7156045110307,27.98041052163509,0.20327193798317802,Soja,0.48483800809789424
5.847888485571573,34.194337396951724,11.493752277979619,17.07375403758395,1120.6519489881543,29.075177503638173,0.42744774505705996,Manioc,0.36478101741166535
6.484290969397503,64.29897465896784,44.8216097149424,35.96803978485376,1008.5639894559322,26.618694800921727,0.1435482026916961,Soja,0.7748147434261032
6.4409002079312945,24.5567454154981,11.026704079270981,17.30378900254899,938.21186504026,28.550854247793023,0.13409906979253,Manioc,0.37115805533499474
5.30007737929698,32.011838660954155,12.829833228382,15.809254637492838,607.755612339588,26.44164881028894,0.5559781160130941,Manioc,0.3221013445730513
6.635562351715846,45.754336389015926,18.82613375161591,26.119479726831802,959.2825029330703,27.210043660328044,0.17688422190230665,Maïs,0.5044159386224164
6.4200119132095494,53.49790095646165,29.708241553094098,29.734370281652367,1150.6479372084689,29.52166761132266,0.15628594763189574,Soja,0.6179649307063989
6.6084530977950555,51.801132580852176,22.61428858813321,38.629219728192254,1141.085525454859,26.475314233197373,0.20586809955999025,Soja,0.5576667656047689
6.930244491172848,52.250918759402154,27.741745590388476,34.31949553502558,990.6482180614904,25.53838672031228,0.21364997556344945,Manioc,0.5708241578361795
5.442576387657068,37.46582129653817,21.61885255230787,37.12294626121245,1308.816445291099,29.417862751909063,0.3999815317524218,Maïs,0.41849072924819386
5.478436536249156,41.64504562319539,11.146910249373306,22.33026932552205,655.4447754705693,30.47859158742876,0.6618144562016384,Manioc,0.36184292465029533
5.255229634527234,65.89538721694774,15.855828454681722,26.44924381691383,754.5732854712883,27.53664776026705,0.4345425771083885,Maïs,0.4729098238588544
6.344611404047764,76.09926589450333,33.96886184286971,26.184320121567218,1046.3972687225053,28.2487565593982,0.2692890011885081,Soja,0.7311618628443493
6.384528099757386,58.28225880970021,23.796330966455763,36.59468323688165,858.3743650165559,26.643947484108818,0.13661808062460465,Soja,0.5910073830459897
5.005345318801032,18.541529504299355,14.675642794733195,10.63693121516528,791.690850085405,26.380221913839616,0.4376114511875232,Manioc,0.25922768300252175
5.606736429011239,66.10965569915271,25.01055480620684,30.67323063251527,1291.4185704853867,26.21738328404187,0.1941717606989736,Soja,0.5681828865127835
6.039182474391309,56.94109403047372,19.832136628196256,38.29724283571973,1050.8440112060603,26.330937012109825,0.39680116825972356,Maïs,0.5294203628489045
7.022483856750642,61.15375689469442,21.813646402774587,24.87839400297188,888.5298134309701,24.755477277187875,0.19937992603392574,Maïs,0.5553111842999396
7.1560745314032985,68.57558860299696,30.826193997606733,34.58046589020491,1028.2477816494802,25.710111808834313,0.5087249135404488,Soja,0.6389264078405208
5.822308533823339,44.707371863150215,17.72695681494374,16.92476265657711,1020.3467117222701,28.277328425668117,0.3966689643367408,Maïs,0.44899003485903377
5.439340688765093,22.97592763841994,18.162913998210986,22.111107954800175,825.7916009387645,28.361526142911035,0.6875904661445225,Manioc,0.3365457703966938
6.087111849756733,48.09820710227027,29.01753995456664,30.460359302465413,922.4219160261185,28.098842289408992,0.02704547625525605,Maïs,0.5652181112500759
6.683521552084572,37.91995846142336,35.37057239217302,35.045077232493966,1198.998622058226,24.322152129753192,0.36749332426280407,Soja,0.5897928305906766
5.601061053705576,56.39878561129045,23.164645785720147,26.340916209911605,1253.3885345854223,27.68626352711692,0.19925669303788113,Maïs,0.5163902986774749
5.705185931714832,45.327969954115865,22.427522499465354,47.28652420603931,1188.5605352860457,27.564546459981923,0.31481150180443784,Maïs,0.4760964598620456
5.046589202562849,33.75061132791471,12.515619363292359,22.79798252198385,293.2777358169471,27.87551336142128,0.548394082821206,Manioc,0.30634438615221105
6.758647915794064,38.83638591960523,21.006211538094206,25.896738358955073,793.6592617929127,24.868572720766252,0.25367969092206727,Soja,0.4833135350404897
5.77708458760245,31.661628716258047,13.304558527365865,15.829961545150963,893.0978389086129,27.1464591477932,0.5472559166564686,Manioc,0.36233148645372104
6.1983106464168545,38.155619383057086,37.19935306433077,20.6618132804126,1251.3055790715805,26.900488956732772,0.03404333223573411,Soja,0.5945080611257456
6.771059710054828,72.34762055989705,30.23521195147489,40.48023754811124,1024.4627818969714,26.76806082833291,0.14370296030218682,Soja,0.680194406223799
6.696827658315746,68.25115680712801,29.476200196765614,25.69320958534299,1004.7096262805038,25.122546945854218,0.2878979362363431,Soja,0.6646186543644053
5.939961289035635,30.609200566338966,17.446059123321504,26.025707571329256,527.2793114750934,23.990713142076515,0.526740763555353,Manioc,0.4012469765645649
5.412928656046385,23.52652761847886,7.7444800676663075,13.85395743686584,1016.2550657216644,28.14389588676574,0.4354249340441245,Manioc,0.26111673001083435
7.106224278998464,56.337700968670646,19.50419843231585,29.562895851441827,800.2681612232892,26.556181775705838,0.43593656366097683,Maïs,0.5130531876830121
6.60413724717116,61.24672955012644,19.742617315885234,31.231692927621932,958.0377404789248,26.499940707397123,0.30859841797505183,Soja,0.5741403449901806
5.85738076912911,29.581063412426015,11.352814755761754,18.91301561308963,1064.852062669974,30.534714866436094,0.6421904468102014,Manioc,0.3464826690054577
5.424668284466934,60.30750832343698,24.841792460868728,34.00609936711502,1114.482067734538,27.952941350257646,0.6531658002322345,Maïs,0.5297099330147406
5.603907216825393,59.143246115347466,32.48213195023278,28.446006770875833,919.3210226605627,24.86263967450556,0.07961686648337815,Soja,0.5948419593520562
6.335487674680611,54.96777128964109,27.30792289395851,40.602500205285416,1040.7082225105923,26.280627006748524,0.25519717267155007,Soja,0.5995624685196923
5.578115649236752,56.181251487095004,24.400835341406573,41.39492356456468,1176.1282066499432,26.00499159384802,0.12681157544495036,Maïs,0.5226588385674131
5.487601814107219,17.07882975862369,14.430017235801868,9.401335554378923,901.4869806895707,26.65535689016419,0.42741246774376085,Manioc,0.29031013585639964
4.5876325522152985,17.20716107413921,17.699754503775516,25.248929614882165,1059.2198216124511,30.001458278197266,0.34351213005719033,Manioc,0.2424995818490148
6.193876613576543,46.40886246911204,29.38524707892841,32.700718202103374,1015.4008662833869,29.477295600851036,0.45130194239991717,Maïs,0.5698179417185036
5.585522533727016,22.50023443770954,12.254367595052113,33.87810234498862,926.9924094908444,28.048676708997842,0.32155678145095795,Manioc,0.3035802879039976
6.507083350021713,35.00697767705089,16.968485209316615,29.325298151046617,1113.816017597364,26.225418617783454,0.17643645124403273,Maïs,0.45921823684779484
5.821558266589943,42.663866656974506,9.585797355658283,21.92860863042636,1175.5275381454546,26.55464962747941,0.7032235579354187,Manioc,0.38196766170994806
6.452110963269169,33.56700721280132,15.817238733087386,21.843679045021066,1102.0338506543656,29.003535907825217,0.34457507805968385,Manioc,0.44198446689536397
6.791065637945401,64.3091846233927,24.86474437739352,25.52993124538387,845.5789633107041,27.44679723318433,0.06026226694771833,Maïs,0.6082630866528178
6.159641709945709,50.22514105265758,33.61092424036137,26.61263026534196,1101.0095106840597,24.925950127533966,0.423297521202323,Maïs,0.6126097526032012
6.360678607725137,42.060330523358175,30.984590099077757,19.677256063255268,804.994716394601,27.388482005362214,0.27417644117277834,Maïs,0.5777456500641773
5.007486222543803,25.9229246310755,13.319666517471298,25.29389289677558,1059.1917274571535,29.842760231470063,0.40686237786118545,Maïs,0.2784360789723711
6.30146151042565,53.50897962167972,20.571337382127677,36.32017776160906,941.7832459491763,26.261250840142928,0.31263343486916134,Maïs,0.5423385333649624
6.707007194850418,63.430036228760294,15.766906222719111,35.60649642864659,1138.2931573842743,24.486662320964044,0.13041835630959295,Soja,0.5456478049415293
7.074169639664594,42.05963003446162,22.54852505178933,29.17014452818905,909.3435009575119,26.834498193293125,0.31752124304135043,Soja,0.4818460925265953
